hour,product_id,kind,asset,apy_base,apy_fees,apy_net,supply_assets,borrow_assets,utilization
2026-09-30T14:00:00.000Z,blend:v2.1:stellar:pool:cbakazuejbafa2dcgbrs2wkjt3fnimjbhtfl76ay7xmaveinqnniqwao:cas3j7gylgxmf6tdjbbyyse3hq6bbsmlnuq34t6tzmymw2evh34xowma:borrow,borrow,XLM,0.010050028723681548,0,0.010050028723681548,0,0,0
2026-09-30T14:00:00.000Z,blend:v2.1:stellar:pool:cbakazuejbafa2dcgbrs2wkjt3fnimjbhtfl76ay7xmaveinqnniqwao:cas3j7gylgxmf6tdjbbyyse3hq6bbsmlnuq34t6tzmymw2evh34xowma:supply,supply,XLM,0,0,0,0,,0
2026-09-30T14:00:00.000Z,blend:v2.1:stellar:pool:cbakazuejbafa2dcgbrs2wkjt3fnimjbhtfl76ay7xmaveinqnniqwao:ccw67tszv3sss2hxmbq5jfgckjnxkzm7uquwuzputhxstzleo7sjmi75:borrow,borrow,USDC,0.030453263600551006,0,0.030453263600551006,0,0,0
2026-09-30T14:00:00.000Z,blend:v2.1:stellar:pool:cbakazuejbafa2dcgbrs2wkjt3fnimjbhtfl76ay7xmaveinqnniqwao:ccw67tszv3sss2hxmbq5jfgckjnxkzm7uquwuzputhxstzleo7sjmi75:supply,supply,USDC,0,0,0,0,,0
2026-09-30T14:00:00.000Z,blend:v2.1:stellar:pool:cbakazuejbafa2dcgbrs2wkjt3fnimjbhtfl76ay7xmaveinqnniqwao:cdtkpwplourqa2sgtktuqowrcbzeorb4bwbomj3d3ztqqsge5f6jbqlv:borrow,borrow,EURC,0.030453263600551006,0,0.030453263600551006,0,0,0
2026-09-30T14:00:00.000Z,blend:v2.1:stellar:pool:cbakazuejbafa2dcgbrs2wkjt3fnimjbhtfl76ay7xmaveinqnniqwao:cdtkpwplourqa2sgtktuqowrcbzeorb4bwbomj3d3ztqqsge5f6jbqlv:supply,supply,EURC,0,0,0,0,,0
2026-09-30T15:00:00.000Z,blend:v2.1:stellar:pool:cbakazuejbafa2dcgbrs2wkjt3fnimjbhtfl76ay7xmaveinqnniqwao:cas3j7gylgxmf6tdjbbyyse3hq6bbsmlnuq34t6tzmymw2evh34xowma:borrow,borrow,XLM,0.010050028723681548,0,0.010050028723681548,0,0,0
2026-09-30T15:00:00.000Z,blend:v2.1:stellar:pool:cbakazuejbafa2dcgbrs2wkjt3fnimjbhtfl76ay7xmaveinqnniqwao:cas3j7gylgxmf6tdjbbyyse3hq6bbsmlnuq34t6tzmymw2evh34xowma:supply,supply,XLM,0,0,0,0,,0
2026-09-30T15:00:00.000Z,blend:v2.1:stellar:pool:cbakazuejbafa2dcgbrs2wkjt3fnimjbhtfl76ay7xmaveinqnniqwao:ccw67tszv3sss2hxmbq5jfgckjnxkzm7uquwuzputhxstzleo7sjmi75:borrow,borrow,USDC,0.030453263600551006,0,0.030453263600551006,0,0,0
2026-09-30T15:00:00.000Z,blend:v2.1:stellar:pool:cbakazuejbafa2dcgbrs2wkjt3fnimjbhtfl76ay7xmaveinqnniqwao:ccw67tszv3sss2hxmbq5jfgckjnxkzm7uquwuzputhxstzleo7sjmi75:supply,supply,USDC,0,0,0,0,,0
2026-09-30T15:00:00.000Z,blend:v2.1:stellar:pool:cbakazuejbafa2dcgbrs2wkjt3fnimjbhtfl76ay7xmaveinqnniqwao:cdtkpwplourqa2sgtktuqowrcbzeorb4bwbomj3d3ztqqsge5f6jbqlv:borrow,borrow,EURC,0.030453263600551006,0,0.030453263600551006,0,0,0
2026-09-30T15:00:00.000Z,blend:v2.1:stellar:pool:cbakazuejbafa2dcgbrs2wkjt3fnimjbhtfl76ay7xmaveinqnniqwao:cdtkpwplourqa2sgtktuqowrcbzeorb4bwbomj3d3ztqqsge5f6jbqlv:supply,supply,EURC,0,0,0,0,,0
2026-09-30T16:00:00.000Z,blend:v2.1:stellar:pool:cbakazuejbafa2dcgbrs2wkjt3fnimjbhtfl76ay7xmaveinqnniqwao:cas3j7gylgxmf6tdjbbyyse3hq6bbsmlnuq34t6tzmymw2evh34xowma:borrow,borrow,XLM,0.010050028723681548,0,0.010050028723681548,0,0,0
2026-09-30T16:00:00.000Z,blend:v2.1:stellar:pool:cbakazuejbafa2dcgbrs2wkjt3fnimjbhtfl76ay7xmaveinqnniqwao:cas3j7gylgxmf6tdjbbyyse3hq6bbsmlnuq34t6tzmymw2evh34xowma:supply,supply,XLM,0,0,0,0,,0
2026-09-30T16:00:00.000Z,blend:v2.1:stellar:pool:cbakazuejbafa2dcgbrs2wkjt3fnimjbhtfl76ay7xmaveinqnniqwao:ccw67tszv3sss2hxmbq5jfgckjnxkzm7uquwuzputhxstzleo7sjmi75:borrow,borrow,USDC,0.030453263600551006,0,0.030453263600551006,0,0,0
2026-09-30T16:00:00.000Z,blend:v2.1:stellar:pool:cbakazuejbafa2dcgbrs2wkjt3fnimjbhtfl76ay7xmaveinqnniqwao:ccw67tszv3sss2hxmbq5jfgckjnxkzm7uquwuzputhxstzleo7sjmi75:supply,supply,USDC,0,0,0,0,,0
2026-09-30T16:00:00.000Z,blend:v2.1:stellar:pool:cbakazuejbafa2dcgbrs2wkjt3fnimjbhtfl76ay7xmaveinqnniqwao:cdtkpwplourqa2sgtktuqowrcbzeorb4bwbomj3d3ztqqsge5f6jbqlv:borrow,borrow,EURC,0.030453263600551006,0,0.030453263600551006,0,0,0
2026-09-30T16:00:00.000Z,blend:v2.1:stellar:pool:cbakazuejbafa2dcgbrs2wkjt3fnimjbhtfl76ay7xmaveinqnniqwao:cdtkpwplourqa2sgtktuqowrcbzeorb4bwbomj3d3ztqqsge5f6jbqlv:supply,supply,EURC,0,0,0,0,,0
2026-09-30T17:00:00.000Z,blend:v2.1:stellar:pool:cbakazuejbafa2dcgbrs2wkjt3fnimjbhtfl76ay7xmaveinqnniqwao:cas3j7gylgxmf6tdjbbyyse3hq6bbsmlnuq34t6tzmymw2evh34xowma:borrow,borrow,XLM,0.010050028723681548,0,0.010050028723681548,0,0,0
2026-09-30T17:00:00.000Z,blend:v2.1:stellar:pool:cbakazuejbafa2dcgbrs2wkjt3fnimjbhtfl76ay7xmaveinqnniqwao:cas3j7gylgxmf6tdjbbyyse3hq6bbsmlnuq34t6tzmymw2evh34xowma:supply,supply,XLM,0,0,0,0,,0
2026-09-30T17:00:00.000Z,blend:v2.1:stellar:pool:cbakazuejbafa2dcgbrs2wkjt3fnimjbhtfl76ay7xmaveinqnniqwao:ccw67tszv3sss2hxmbq5jfgckjnxkzm7uquwuzputhxstzleo7sjmi75:borrow,borrow,USDC,0.030453263600551006,0,0.030453263600551006,0,0,0
2026-09-30T17:00:00.000Z,blend:v2.1:stellar:pool:cbakazuejbafa2dcgbrs2wkjt3fnimjbhtfl76ay7xmaveinqnniqwao:ccw67tszv3sss2hxmbq5jfgckjnxkzm7uquwuzputhxstzleo7sjmi75:supply,supply,USDC,0,0,0,0,,0
2026-09-30T17:00:00.000Z,blend:v2.1:stellar:pool:cbakazuejbafa2dcgbrs2wkjt3fnimjbhtfl76ay7xmaveinqnniqwao:cdtkpwplourqa2sgtktuqowrcbzeorb4bwbomj3d3ztqqsge5f6jbqlv:borrow,borrow,EURC,0.030453263600551006,0,0.030453263600551006,0,0,0
2026-09-30T17:00:00.000Z,blend:v2.1:stellar:pool:cbakazuejbafa2dcgbrs2wkjt3fnimjbhtfl76ay7xmaveinqnniqwao:cdtkpwplourqa2sgtktuqowrcbzeorb4bwbomj3d3ztqqsge5f6jbqlv:supply,supply,EURC,0,0,0,0,,0
2026-09-30T18:00:00.000Z,blend:v2.1:stellar:pool:cbakazuejbafa2dcgbrs2wkjt3fnimjbhtfl76ay7xmaveinqnniqwao:cas3j7gylgxmf6tdjbbyyse3hq6bbsmlnuq34t6tzmymw2evh34xowma:borrow,borrow,XLM,0.010050028723681548,0,0.010050028723681548,0,0,0
2026-09-30T18:00:00.000Z,blend:v2.1:stellar:pool:cbakazuejbafa2dcgbrs2wkjt3fnimjbhtfl76ay7xmaveinqnniqwao:cas3j7gylgxmf6tdjbbyyse3hq6bbsmlnuq34t6tzmymw2evh34xowma:supply,supply,XLM,0,0,0,0,,0
2026-09-30T18:00:00.000Z,blend:v2.1:stellar:pool:cbakazuejbafa2dcgbrs2wkjt3fnimjbhtfl76ay7xmaveinqnniqwao:ccw67tszv3sss2hxmbq5jfgckjnxkzm7uquwuzputhxstzleo7sjmi75:borrow,borrow,USDC,0.030453263600551006,0,0.030453263600551006,0,0,0
2026-09-30T18:00:00.000Z,blend:v2.1:stellar:pool:cbakazuejbafa2dcgbrs2wkjt3fnimjbhtfl76ay7xmaveinqnniqwao:ccw67tszv3sss2hxmbq5jfgckjnxkzm7uquwuzputhxstzleo7sjmi75:supply,supply,USDC,0,0,0,0,,0
2026-09-30T18:00:00.000Z,blend:v2.1:stellar:pool:cbakazuejbafa2dcgbrs2wkjt3fnimjbhtfl76ay7xmaveinqnniqwao:cdtkpwplourqa2sgtktuqowrcbzeorb4bwbomj3d3ztqqsge5f6jbqlv:borrow,borrow,EURC,0.030453263600551006,0,0.030453263600551006,0,0,0
2026-09-30T18:00:00.000Z,blend:v2.1:stellar:pool:cbakazuejbafa2dcgbrs2wkjt3fnimjbhtfl76ay7xmaveinqnniqwao:cdtkpwplourqa2sgtktuqowrcbzeorb4bwbomj3d3ztqqsge5f6jbqlv:supply,supply,EURC,0,0,0,0,,0
2026-09-30T19:00:00.000Z,blend:v2.1:stellar:pool:cbakazuejbafa2dcgbrs2wkjt3fnimjbhtfl76ay7xmaveinqnniqwao:cas3j7gylgxmf6tdjbbyyse3hq6bbsmlnuq34t6tzmymw2evh34xowma:borrow,borrow,XLM,0.010050028723681548,0,0.010050028723681548,0,0,0
2026-09-30T19:00:00.000Z,blend:v2.1:stellar:pool:cbakazuejbafa2dcgbrs2wkjt3fnimjbhtfl76ay7xmaveinqnniqwao:cas3j7gylgxmf6tdjbbyyse3hq6bbsmlnuq34t6tzmymw2evh34xowma:supply,supply,XLM,0,0,0,0,,0
2026-09-30T19:00:00.000Z,blend:v2.1:stellar:pool:cbakazuejbafa2dcgbrs2wkjt3fnimjbhtfl76ay7xmaveinqnniqwao:ccw67tszv3sss2hxmbq5jfgckjnxkzm7uquwuzputhxstzleo7sjmi75:borrow,borrow,USDC,0.030453263600551006,0,0.030453263600551006,0,0,0
2026-09-30T19:00:00.000Z,blend:v2.1:stellar:pool:cbakazuejbafa2dcgbrs2wkjt3fnimjbhtfl76ay7xmaveinqnniqwao:ccw67tszv3sss2hxmbq5jfgckjnxkzm7uquwuzputhxstzleo7sjmi75:supply,supply,USDC,0,0,0,0,,0
2026-09-30T19:00:00.000Z,blend:v2.1:stellar:pool:cbakazuejbafa2dcgbrs2wkjt3fnimjbhtfl76ay7xmaveinqnniqwao:cdtkpwplourqa2sgtktuqowrcbzeorb4bwbomj3d3ztqqsge5f6jbqlv:borrow,borrow,EURC,0.030453263600551006,0,0.030453263600551006,0,0,0
2026-09-30T19:00:00.000Z,blend:v2.1:stellar:pool:cbakazuejbafa2dcgbrs2wkjt3fnimjbhtfl76ay7xmaveinqnniqwao:cdtkpwplourqa2sgtktuqowrcbzeorb4bwbomj3d3ztqqsge5f6jbqlv:supply,supply,EURC,0,0,0,0,,0
2026-09-30T20:00:00.000Z,blend:v2.1:stellar:pool:cbakazuejbafa2dcgbrs2wkjt3fnimjbhtfl76ay7xmaveinqnniqwao:cas3j7gylgxmf6tdjbbyyse3hq6bbsmlnuq34t6tzmymw2evh34xowma:borrow,borrow,XLM,0.010050028723681548,0,0.010050028723681548,0,0,0
2026-09-30T20:00:00.000Z,blend:v2.1:stellar:pool:cbakazuejbafa2dcgbrs2wkjt3fnimjbhtfl76ay7xmaveinqnniqwao:cas3j7gylgxmf6tdjbbyyse3hq6bbsmlnuq34t6tzmymw2evh34xowma:supply,supply,XLM,0,0,0,0,,0
2026-09-30T20:00:00.000Z,blend:v2.1:stellar:pool:cbakazuejbafa2dcgbrs2wkjt3fnimjbhtfl76ay7xmaveinqnniqwao:ccw67tszv3sss2hxmbq5jfgckjnxkzm7uquwuzputhxstzleo7sjmi75:borrow,borrow,USDC,0.030453263600551006,0,0.030453263600551006,0,0,0
2026-09-30T20:00:00.000Z,blend:v2.1:stellar:pool:cbakazuejbafa2dcgbrs2wkjt3fnimjbhtfl76ay7xmaveinqnniqwao:ccw67tszv3sss2hxmbq5jfgckjnxkzm7uquwuzputhxstzleo7sjmi75:supply,supply,USDC,0,0,0,0,,0
2026-09-30T20:00:00.000Z,blend:v2.1:stellar:pool:cbakazuejbafa2dcgbrs2wkjt3fnimjbhtfl76ay7xmaveinqnniqwao:cdtkpwplourqa2sgtktuqowrcbzeorb4bwbomj3d3ztqqsge5f6jbqlv:borrow,borrow,EURC,0.030453263600551006,0,0.030453263600551006,0,0,0
2026-09-30T20:00:00.000Z,blend:v2.1:stellar:pool:cbakazuejbafa2dcgbrs2wkjt3fnimjbhtfl76ay7xmaveinqnniqwao:cdtkpwplourqa2sgtktuqowrcbzeorb4bwbomj3d3ztqqsge5f6jbqlv:supply,supply,EURC,0,0,0,0,,0
2026-09-30T21:00:00.000Z,blend:v2.1:stellar:pool:cbakazuejbafa2dcgbrs2wkjt3fnimjbhtfl76ay7xmaveinqnniqwao:cas3j7gylgxmf6tdjbbyyse3hq6bbsmlnuq34t6tzmymw2evh34xowma:borrow,borrow,XLM,0.010050028723681548,0,0.010050028723681548,0,0,0
2026-09-30T21:00:00.000Z,blend:v2.1:stellar:pool:cbakazuejbafa2dcgbrs2wkjt3fnimjbhtfl76ay7xmaveinqnniqwao:cas3j7gylgxmf6tdjbbyyse3hq6bbsmlnuq34t6tzmymw2evh34xowma:supply,supply,XLM,0,0,0,0,,0
2026-09-30T21:00:00.000Z,blend:v2.1:stellar:pool:cbakazuejbafa2dcgbrs2wkjt3fnimjbhtfl76ay7xmaveinqnniqwao:ccw67tszv3sss2hxmbq5jfgckjnxkzm7uquwuzputhxstzleo7sjmi75:borrow,borrow,USDC,0.030453263600551006,0,0.030453263600551006,0,0,0
2026-09-30T21:00:00.000Z,blend:v2.1:stellar:pool:cbakazuejbafa2dcgbrs2wkjt3fnimjbhtfl76ay7xmaveinqnniqwao:ccw67tszv3sss2hxmbq5jfgckjnxkzm7uquwuzputhxstzleo7sjmi75:supply,supply,USDC,0,0,0,0,,0
2026-09-30T21:00:00.000Z,blend:v2.1:stellar:pool:cbakazuejbafa2dcgbrs2wkjt3fnimjbhtfl76ay7xmaveinqnniqwao:cdtkpwplourqa2sgtktuqowrcbzeorb4bwbomj3d3ztqqsge5f6jbqlv:borrow,borrow,EURC,0.030453263600551006,0,0.030453263600551006,0,0,0
2026-09-30T21:00:00.000Z,blend:v2.1:stellar:pool:cbakazuejbafa2dcgbrs2wkjt3fnimjbhtfl76ay7xmaveinqnniqwao:cdtkpwplourqa2sgtktuqowrcbzeorb4bwbomj3d3ztqqsge5f6jbqlv:supply,supply,EURC,0,0,0,0,,0
2026-09-30T22:00:00.000Z,blend:v2.1:stellar:pool:cbakazuejbafa2dcgbrs2wkjt3fnimjbhtfl76ay7xmaveinqnniqwao:cas3j7gylgxmf6tdjbbyyse3hq6bbsmlnuq34t6tzmymw2evh34xowma:borrow,borrow,XLM,0.010050028723681548,0,0.010050028723681548,0,0,0
2026-09-30T22:00:00.000Z,blend:v2.1:stellar:pool:cbakazuejbafa2dcgbrs2wkjt3fnimjbhtfl76ay7xmaveinqnniqwao:cas3j7gylgxmf6tdjbbyyse3hq6bbsmlnuq34t6tzmymw2evh34xowma:supply,supply,XLM,0,0,0,0,,0
2026-09-30T22:00:00.000Z,blend:v2.1:stellar:pool:cbakazuejbafa2dcgbrs2wkjt3fnimjbhtfl76ay7xmaveinqnniqwao:ccw67tszv3sss2hxmbq5jfgckjnxkzm7uquwuzputhxstzleo7sjmi75:borrow,borrow,USDC,0.030453263600551006,0,0.030453263600551006,0,0,0
2026-09-30T22:00:00.000Z,blend:v2.1:stellar:pool:cbakazuejbafa2dcgbrs2wkjt3fnimjbhtfl76ay7xmaveinqnniqwao:ccw67tszv3sss2hxmbq5jfgckjnxkzm7uquwuzputhxstzleo7sjmi75:supply,supply,USDC,0,0,0,0,,0
2026-09-30T22:00:00.000Z,blend:v2.1:stellar:pool:cbakazuejbafa2dcgbrs2wkjt3fnimjbhtfl76ay7xmaveinqnniqwao:cdtkpwplourqa2sgtktuqowrcbzeorb4bwbomj3d3ztqqsge5f6jbqlv:borrow,borrow,EURC,0.030453263600551006,0,0.030453263600551006,0,0,0
2026-09-30T22:00:00.000Z,blend:v2.1:stellar:pool:cbakazuejbafa2dcgbrs2wkjt3fnimjbhtfl76ay7xmaveinqnniqwao:cdtkpwplourqa2sgtktuqowrcbzeorb4bwbomj3d3ztqqsge5f6jbqlv:supply,supply,EURC,0,0,0,0,,0
2026-09-30T23:00:00.000Z,blend:v2.1:stellar:pool:cbakazuejbafa2dcgbrs2wkjt3fnimjbhtfl76ay7xmaveinqnniqwao:cas3j7gylgxmf6tdjbbyyse3hq6bbsmlnuq34t6tzmymw2evh34xowma:borrow,borrow,XLM,0.010050028723681548,0,0.010050028723681548,0,0,0
2026-09-30T23:00:00.000Z,blend:v2.1:stellar:pool:cbakazuejbafa2dcgbrs2wkjt3fnimjbhtfl76ay7xmaveinqnniqwao:cas3j7gylgxmf6tdjbbyyse3hq6bbsmlnuq34t6tzmymw2evh34xowma:supply,supply,XLM,0,0,0,0,,0
2026-09-30T23:00:00.000Z,blend:v2.1:stellar:pool:cbakazuejbafa2dcgbrs2wkjt3fnimjbhtfl76ay7xmaveinqnniqwao:ccw67tszv3sss2hxmbq5jfgckjnxkzm7uquwuzputhxstzleo7sjmi75:borrow,borrow,USDC,0.030453263600551006,0,0.030453263600551006,0,0,0
2026-09-30T23:00:00.000Z,blend:v2.1:stellar:pool:cbakazuejbafa2dcgbrs2wkjt3fnimjbhtfl76ay7xmaveinqnniqwao:ccw67tszv3sss2hxmbq5jfgckjnxkzm7uquwuzputhxstzleo7sjmi75:supply,supply,USDC,0,0,0,0,,0
2026-09-30T23:00:00.000Z,blend:v2.1:stellar:pool:cbakazuejbafa2dcgbrs2wkjt3fnimjbhtfl76ay7xmaveinqnniqwao:cdtkpwplourqa2sgtktuqowrcbzeorb4bwbomj3d3ztqqsge5f6jbqlv:borrow,borrow,EURC,0.030453263600551006,0,0.030453263600551006,0,0,0
2026-09-30T23:00:00.000Z,blend:v2.1:stellar:pool:cbakazuejbafa2dcgbrs2wkjt3fnimjbhtfl76ay7xmaveinqnniqwao:cdtkpwplourqa2sgtktuqowrcbzeorb4bwbomj3d3ztqqsge5f6jbqlv:supply,supply,EURC,0,0,0,0,,0
2026-10-01T00:00:00.000Z,blend:v2.1:stellar:pool:cbakazuejbafa2dcgbrs2wkjt3fnimjbhtfl76ay7xmaveinqnniqwao:cas3j7gylgxmf6tdjbbyyse3hq6bbsmlnuq34t6tzmymw2evh34xowma:borrow,borrow,XLM,0.010050028723681548,0,0.010050028723681548,0,0,0
2026-10-01T00:00:00.000Z,blend:v2.1:stellar:pool:cbakazuejbafa2dcgbrs2wkjt3fnimjbhtfl76ay7xmaveinqnniqwao:cas3j7gylgxmf6tdjbbyyse3hq6bbsmlnuq34t6tzmymw2evh34xowma:supply,supply,XLM,0,0,0,0,,0
2026-10-01T00:00:00.000Z,blend:v2.1:stellar:pool:cbakazuejbafa2dcgbrs2wkjt3fnimjbhtfl76ay7xmaveinqnniqwao:ccw67tszv3sss2hxmbq5jfgckjnxkzm7uquwuzputhxstzleo7sjmi75:borrow,borrow,USDC,0.030453263600551006,0,0.030453263600551006,0,0,0
2026-10-01T00:00:00.000Z,blend:v2.1:stellar:pool:cbakazuejbafa2dcgbrs2wkjt3fnimjbhtfl76ay7xmaveinqnniqwao:ccw67tszv3sss2hxmbq5jfgckjnxkzm7uquwuzputhxstzleo7sjmi75:supply,supply,USDC,0,0,0,0,,0
2026-10-01T00:00:00.000Z,blend:v2.1:stellar:pool:cbakazuejbafa2dcgbrs2wkjt3fnimjbhtfl76ay7xmaveinqnniqwao:cdtkpwplourqa2sgtktuqowrcbzeorb4bwbomj3d3ztqqsge5f6jbqlv:borrow,borrow,EURC,0.030453263600551006,0,0.030453263600551006,0,0,0
2026-10-01T00:00:00.000Z,blend:v2.1:stellar:pool:cbakazuejbafa2dcgbrs2wkjt3fnimjbhtfl76ay7xmaveinqnniqwao:cdtkpwplourqa2sgtktuqowrcbzeorb4bwbomj3d3ztqqsge5f6jbqlv:supply,supply,EURC,0,0,0,0,,0
2026-10-01T01:00:00.000Z,blend:v2.1:stellar:pool:cbakazuejbafa2dcgbrs2wkjt3fnimjbhtfl76ay7xmaveinqnniqwao:cas3j7gylgxmf6tdjbbyyse3hq6bbsmlnuq34t6tzmymw2evh34xowma:borrow,borrow,XLM,0.010050028723681548,0,0.010050028723681548,0,0,0
2026-10-01T01:00:00.000Z,blend:v2.1:stellar:pool:cbakazuejbafa2dcgbrs2wkjt3fnimjbhtfl76ay7xmaveinqnniqwao:cas3j7gylgxmf6tdjbbyyse3hq6bbsmlnuq34t6tzmymw2evh34xowma:supply,supply,XLM,0,0,0,0,,0
2026-10-01T01:00:00.000Z,blend:v2.1:stellar:pool:cbakazuejbafa2dcgbrs2wkjt3fnimjbhtfl76ay7xmaveinqnniqwao:ccw67tszv3sss2hxmbq5jfgckjnxkzm7uquwuzputhxstzleo7sjmi75:borrow,borrow,USDC,0.030453263600551006,0,0.030453263600551006,0,0,0
2026-10-01T01:00:00.000Z,blend:v2.1:stellar:pool:cbakazuejbafa2dcgbrs2wkjt3fnimjbhtfl76ay7xmaveinqnniqwao:ccw67tszv3sss2hxmbq5jfgckjnxkzm7uquwuzputhxstzleo7sjmi75:supply,supply,USDC,0,0,0,0,,0
2026-10-01T01:00:00.000Z,blend:v2.1:stellar:pool:cbakazuejbafa2dcgbrs2wkjt3fnimjbhtfl76ay7xmaveinqnniqwao:cdtkpwplourqa2sgtktuqowrcbzeorb4bwbomj3d3ztqqsge5f6jbqlv:borrow,borrow,EURC,0.030453263600551006,0,0.030453263600551006,0,0,0
2026-10-01T01:00:00.000Z,blend:v2.1:stellar:pool:cbakazuejbafa2dcgbrs2wkjt3fnimjbhtfl76ay7xmaveinqnniqwao:cdtkpwplourqa2sgtktuqowrcbzeorb4bwbomj3d3ztqqsge5f6jbqlv:supply,supply,EURC,0,0,0,0,,0
2026-10-01T02:00:00.000Z,blend:v2.1:stellar:pool:cbakazuejbafa2dcgbrs2wkjt3fnimjbhtfl76ay7xmaveinqnniqwao:cas3j7gylgxmf6tdjbbyyse3hq6bbsmlnuq34t6tzmymw2evh34xowma:borrow,borrow,XLM,0.010050028723681548,0,0.010050028723681548,0,0,0
2026-10-01T02:00:00.000Z,blend:v2.1:stellar:pool:cbakazuejbafa2dcgbrs2wkjt3fnimjbhtfl76ay7xmaveinqnniqwao:cas3j7gylgxmf6tdjbbyyse3hq6bbsmlnuq34t6tzmymw2evh34xowma:supply,supply,XLM,0,0,0,0,,0
2026-10-01T02:00:00.000Z,blend:v2.1:stellar:pool:cbakazuejbafa2dcgbrs2wkjt3fnimjbhtfl76ay7xmaveinqnniqwao:ccw67tszv3sss2hxmbq5jfgckjnxkzm7uquwuzputhxstzleo7sjmi75:borrow,borrow,USDC,0.030453263600551006,0,0.030453263600551006,0,0,0
2026-10-01T02:00:00.000Z,blend:v2.1:stellar:pool:cbakazuejbafa2dcgbrs2wkjt3fnimjbhtfl76ay7xmaveinqnniqwao:ccw67tszv3sss2hxmbq5jfgckjnxkzm7uquwuzputhxstzleo7sjmi75:supply,supply,USDC,0,0,0,0,,0
2026-10-01T02:00:00.000Z,blend:v2.1:stellar:pool:cbakazuejbafa2dcgbrs2wkjt3fnimjbhtfl76ay7xmaveinqnniqwao:cdtkpwplourqa2sgtktuqowrcbzeorb4bwbomj3d3ztqqsge5f6jbqlv:borrow,borrow,EURC,0.030453263600551006,0,0.030453263600551006,0,0,0
2026-10-01T02:00:00.000Z,blend:v2.1:stellar:pool:cbakazuejbafa2dcgbrs2wkjt3fnimjbhtfl76ay7xmaveinqnniqwao:cdtkpwplourqa2sgtktuqowrcbzeorb4bwbomj3d3ztqqsge5f6jbqlv:supply,supply,EURC,0,0,0,0,,0
2026-10-01T03:00:00.000Z,blend:v2.1:stellar:pool:cbakazuejbafa2dcgbrs2wkjt3fnimjbhtfl76ay7xmaveinqnniqwao:cas3j7gylgxmf6tdjbbyyse3hq6bbsmlnuq34t6tzmymw2evh34xowma:borrow,borrow,XLM,0.010050028723681548,0,0.010050028723681548,0,0,0
2026-10-01T03:00:00.000Z,blend:v2.1:stellar:pool:cbakazuejbafa2dcgbrs2wkjt3fnimjbhtfl76ay7xmaveinqnniqwao:cas3j7gylgxmf6tdjbbyyse3hq6bbsmlnuq34t6tzmymw2evh34xowma:supply,supply,XLM,0,0,0,0,,0
2026-10-01T03:00:00.000Z,blend:v2.1:stellar:pool:cbakazuejbafa2dcgbrs2wkjt3fnimjbhtfl76ay7xmaveinqnniqwao:ccw67tszv3sss2hxmbq5jfgckjnxkzm7uquwuzputhxstzleo7sjmi75:borrow,borrow,USDC,0.030453263600551006,0,0.030453263600551006,0,0,0
2026-10-01T03:00:00.000Z,blend:v2.1:stellar:pool:cbakazuejbafa2dcgbrs2wkjt3fnimjbhtfl76ay7xmaveinqnniqwao:ccw67tszv3sss2hxmbq5jfgckjnxkzm7uquwuzputhxstzleo7sjmi75:supply,supply,USDC,0,0,0,0,,0
2026-10-01T03:00:00.000Z,blend:v2.1:stellar:pool:cbakazuejbafa2dcgbrs2wkjt3fnimjbhtfl76ay7xmaveinqnniqwao:cdtkpwplourqa2sgtktuqowrcbzeorb4bwbomj3d3ztqqsge5f6jbqlv:borrow,borrow,EURC,0.030453263600551006,0,0.030453263600551006,0,0,0
2026-10-01T03:00:00.000Z,blend:v2.1:stellar:pool:cbakazuejbafa2dcgbrs2wkjt3fnimjbhtfl76ay7xmaveinqnniqwao:cdtkpwplourqa2sgtktuqowrcbzeorb4bwbomj3d3ztqqsge5f6jbqlv:supply,supply,EURC,0,0,0,0,,0
2026-10-01T04:00:00.000Z,blend:v2.1:stellar:pool:cbakazuejbafa2dcgbrs2wkjt3fnimjbhtfl76ay7xmaveinqnniqwao:cas3j7gylgxmf6tdjbbyyse3hq6bbsmlnuq34t6tzmymw2evh34xowma:borrow,borrow,XLM,0.010050028723681548,0,0.010050028723681548,0,0,0
2026-10-01T04:00:00.000Z,blend:v2.1:stellar:pool:cbakazuejbafa2dcgbrs2wkjt3fnimjbhtfl76ay7xmaveinqnniqwao:cas3j7gylgxmf6tdjbbyyse3hq6bbsmlnuq34t6tzmymw2evh34xowma:supply,supply,XLM,0,0,0,0,,0
2026-10-01T04:00:00.000Z,blend:v2.1:stellar:pool:cbakazuejbafa2dcgbrs2wkjt3fnimjbhtfl76ay7xmaveinqnniqwao:ccw67tszv3sss2hxmbq5jfgckjnxkzm7uquwuzputhxstzleo7sjmi75:borrow,borrow,USDC,0.030453263600551006,0,0.030453263600551006,0,0,0
2026-10-01T04:00:00.000Z,blend:v2.1:stellar:pool:cbakazuejbafa2dcgbrs2wkjt3fnimjbhtfl76ay7xmaveinqnniqwao:ccw67tszv3sss2hxmbq5jfgckjnxkzm7uquwuzputhxstzleo7sjmi75:supply,supply,USDC,0,0,0,0,,0
2026-10-01T04:00:00.000Z,blend:v2.1:stellar:pool:cbakazuejbafa2dcgbrs2wkjt3fnimjbhtfl76ay7xmaveinqnniqwao:cdtkpwplourqa2sgtktuqowrcbzeorb4bwbomj3d3ztqqsge5f6jbqlv:borrow,borrow,EURC,0.030453263600551006,0,0.030453263600551006,0,0,0
2026-10-01T04:00:00.000Z,blend:v2.1:stellar:pool:cbakazuejbafa2dcgbrs2wkjt3fnimjbhtfl76ay7xmaveinqnniqwao:cdtkpwplourqa2sgtktuqowrcbzeorb4bwbomj3d3ztqqsge5f6jbqlv:supply,supply,EURC,0,0,0,0,,0
2026-10-01T05:00:00.000Z,blend:v2.1:stellar:pool:cbakazuejbafa2dcgbrs2wkjt3fnimjbhtfl76ay7xmaveinqnniqwao:cas3j7gylgxmf6tdjbbyyse3hq6bbsmlnuq34t6tzmymw2evh34xowma:borrow,borrow,XLM,0.010050028723681548,0,0.010050028723681548,0,0,0
2026-10-01T05:00:00.000Z,blend:v2.1:stellar:pool:cbakazuejbafa2dcgbrs2wkjt3fnimjbhtfl76ay7xmaveinqnniqwao:cas3j7gylgxmf6tdjbbyyse3hq6bbsmlnuq34t6tzmymw2evh34xowma:supply,supply,XLM,0,0,0,0,,0
2026-10-01T05:00:00.000Z,blend:v2.1:stellar:pool:cbakazuejbafa2dcgbrs2wkjt3fnimjbhtfl76ay7xmaveinqnniqwao:ccw67tszv3sss2hxmbq5jfgckjnxkzm7uquwuzputhxstzleo7sjmi75:borrow,borrow,USDC,0.030453263600551006,0,0.030453263600551006,0,0,0
2026-10-01T05:00:00.000Z,blend:v2.1:stellar:pool:cbakazuejbafa2dcgbrs2wkjt3fnimjbhtfl76ay7xmaveinqnniqwao:ccw67tszv3sss2hxmbq5jfgckjnxkzm7uquwuzputhxstzleo7sjmi75:supply,supply,USDC,0,0,0,0,,0
2026-10-01T05:00:00.000Z,blend:v2.1:stellar:pool:cbakazuejbafa2dcgbrs2wkjt3fnimjbhtfl76ay7xmaveinqnniqwao:cdtkpwplourqa2sgtktuqowrcbzeorb4bwbomj3d3ztqqsge5f6jbqlv:borrow,borrow,EURC,0.030453263600551006,0,0.030453263600551006,0,0,0
2026-10-01T05:00:00.000Z,blend:v2.1:stellar:pool:cbakazuejbafa2dcgbrs2wkjt3fnimjbhtfl76ay7xmaveinqnniqwao:cdtkpwplourqa2sgtktuqowrcbzeorb4bwbomj3d3ztqqsge5f6jbqlv:supply,supply,EURC,0,0,0,0,,0
2026-10-01T06:00:00.000Z,blend:v2.1:stellar:pool:cbakazuejbafa2dcgbrs2wkjt3fnimjbhtfl76ay7xmaveinqnniqwao:cas3j7gylgxmf6tdjbbyyse3hq6bbsmlnuq34t6tzmymw2evh34xowma:borrow,borrow,XLM,0.010050028723681548,0,0.010050028723681548,0,0,0
2026-10-01T06:00:00.000Z,blend:v2.1:stellar:pool:cbakazuejbafa2dcgbrs2wkjt3fnimjbhtfl76ay7xmaveinqnniqwao:cas3j7gylgxmf6tdjbbyyse3hq6bbsmlnuq34t6tzmymw2evh34xowma:supply,supply,XLM,0,0,0,0,,0
2026-10-01T06:00:00.000Z,blend:v2.1:stellar:pool:cbakazuejbafa2dcgbrs2wkjt3fnimjbhtfl76ay7xmaveinqnniqwao:ccw67tszv3sss2hxmbq5jfgckjnxkzm7uquwuzputhxstzleo7sjmi75:borrow,borrow,USDC,0.030453263600551006,0,0.030453263600551006,0,0,0
2026-10-01T06:00:00.000Z,blend:v2.1:stellar:pool:cbakazuejbafa2dcgbrs2wkjt3fnimjbhtfl76ay7xmaveinqnniqwao:ccw67tszv3sss2hxmbq5jfgckjnxkzm7uquwuzputhxstzleo7sjmi75:supply,supply,USDC,0,0,0,0,,0
2026-10-01T06:00:00.000Z,blend:v2.1:stellar:pool:cbakazuejbafa2dcgbrs2wkjt3fnimjbhtfl76ay7xmaveinqnniqwao:cdtkpwplourqa2sgtktuqowrcbzeorb4bwbomj3d3ztqqsge5f6jbqlv:borrow,borrow,EURC,0.030453263600551006,0,0.030453263600551006,0,0,0
2026-10-01T06:00:00.000Z,blend:v2.1:stellar:pool:cbakazuejbafa2dcgbrs2wkjt3fnimjbhtfl76ay7xmaveinqnniqwao:cdtkpwplourqa2sgtktuqowrcbzeorb4bwbomj3d3ztqqsge5f6jbqlv:supply,supply,EURC,0,0,0,0,,0
2026-10-01T07:00:00.000Z,blend:v2.1:stellar:pool:cbakazuejbafa2dcgbrs2wkjt3fnimjbhtfl76ay7xmaveinqnniqwao:cas3j7gylgxmf6tdjbbyyse3hq6bbsmlnuq34t6tzmymw2evh34xowma:borrow,borrow,XLM,0.010050028723681548,0,0.010050028723681548,0,0,0
2026-10-01T07:00:00.000Z,blend:v2.1:stellar:pool:cbakazuejbafa2dcgbrs2wkjt3fnimjbhtfl76ay7xmaveinqnniqwao:cas3j7gylgxmf6tdjbbyyse3hq6bbsmlnuq34t6tzmymw2evh34xowma:supply,supply,XLM,0,0,0,0,,0
2026-10-01T07:00:00.000Z,blend:v2.1:stellar:pool:cbakazuejbafa2dcgbrs2wkjt3fnimjbhtfl76ay7xmaveinqnniqwao:ccw67tszv3sss2hxmbq5jfgckjnxkzm7uquwuzputhxstzleo7sjmi75:borrow,borrow,USDC,0.030453263600551006,0,0.030453263600551006,0,0,0
2026-10-01T07:00:00.000Z,blend:v2.1:stellar:pool:cbakazuejbafa2dcgbrs2wkjt3fnimjbhtfl76ay7xmaveinqnniqwao:ccw67tszv3sss2hxmbq5jfgckjnxkzm7uquwuzputhxstzleo7sjmi75:supply,supply,USDC,0,0,0,0,,0
2026-10-01T07:00:00.000Z,blend:v2.1:stellar:pool:cbakazuejbafa2dcgbrs2wkjt3fnimjbhtfl76ay7xmaveinqnniqwao:cdtkpwplourqa2sgtktuqowrcbzeorb4bwbomj3d3ztqqsge5f6jbqlv:borrow,borrow,EURC,0.030453263600551006,0,0.030453263600551006,0,0,0
2026-10-01T07:00:00.000Z,blend:v2.1:stellar:pool:cbakazuejbafa2dcgbrs2wkjt3fnimjbhtfl76ay7xmaveinqnniqwao:cdtkpwplourqa2sgtktuqowrcbzeorb4bwbomj3d3ztqqsge5f6jbqlv:supply,supply,EURC,0,0,0,0,,0
2026-10-01T08:00:00.000Z,blend:v2.1:stellar:pool:cbakazuejbafa2dcgbrs2wkjt3fnimjbhtfl76ay7xmaveinqnniqwao:cas3j7gylgxmf6tdjbbyyse3hq6bbsmlnuq34t6tzmymw2evh34xowma:borrow,borrow,XLM,0.010050028723681548,0,0.010050028723681548,0,0,0
2026-10-01T08:00:00.000Z,blend:v2.1:stellar:pool:cbakazuejbafa2dcgbrs2wkjt3fnimjbhtfl76ay7xmaveinqnniqwao:cas3j7gylgxmf6tdjbbyyse3hq6bbsmlnuq34t6tzmymw2evh34xowma:supply,supply,XLM,0,0,0,0,,0
2026-10-01T08:00:00.000Z,blend:v2.1:stellar:pool:cbakazuejbafa2dcgbrs2wkjt3fnimjbhtfl76ay7xmaveinqnniqwao:ccw67tszv3sss2hxmbq5jfgckjnxkzm7uquwuzputhxstzleo7sjmi75:borrow,borrow,USDC,0.030453263600551006,0,0.030453263600551006,0,0,0
2026-10-01T08:00:00.000Z,blend:v2.1:stellar:pool:cbakazuejbafa2dcgbrs2wkjt3fnimjbhtfl76ay7xmaveinqnniqwao:ccw67tszv3sss2hxmbq5jfgckjnxkzm7uquwuzputhxstzleo7sjmi75:supply,supply,USDC,0,0,0,0,,0
2026-10-01T08:00:00.000Z,blend:v2.1:stellar:pool:cbakazuejbafa2dcgbrs2wkjt3fnimjbhtfl76ay7xmaveinqnniqwao:cdtkpwplourqa2sgtktuqowrcbzeorb4bwbomj3d3ztqqsge5f6jbqlv:borrow,borrow,EURC,0.030453263600551006,0,0.030453263600551006,0,0,0
2026-10-01T08:00:00.000Z,blend:v2.1:stellar:pool:cbakazuejbafa2dcgbrs2wkjt3fnimjbhtfl76ay7xmaveinqnniqwao:cdtkpwplourqa2sgtktuqowrcbzeorb4bwbomj3d3ztqqsge5f6jbqlv:supply,supply,EURC,0,0,0,0,,0
2026-10-01T09:00:00.000Z,blend:v2.1:stellar:pool:cbakazuejbafa2dcgbrs2wkjt3fnimjbhtfl76ay7xmaveinqnniqwao:cas3j7gylgxmf6tdjbbyyse3hq6bbsmlnuq34t6tzmymw2evh34xowma:borrow,borrow,XLM,0.010050028723681548,0,0.010050028723681548,0,0,0
2026-10-01T09:00:00.000Z,blend:v2.1:stellar:pool:cbakazuejbafa2dcgbrs2wkjt3fnimjbhtfl76ay7xmaveinqnniqwao:cas3j7gylgxmf6tdjbbyyse3hq6bbsmlnuq34t6tzmymw2evh34xowma:supply,supply,XLM,0,0,0,0,,0
2026-10-01T09:00:00.000Z,blend:v2.1:stellar:pool:cbakazuejbafa2dcgbrs2wkjt3fnimjbhtfl76ay7xmaveinqnniqwao:ccw67tszv3sss2hxmbq5jfgckjnxkzm7uquwuzputhxstzleo7sjmi75:borrow,borrow,USDC,0.030453263600551006,0,0.030453263600551006,0,0,0
2026-10-01T09:00:00.000Z,blend:v2.1:stellar:pool:cbakazuejbafa2dcgbrs2wkjt3fnimjbhtfl76ay7xmaveinqnniqwao:ccw67tszv3sss2hxmbq5jfgckjnxkzm7uquwuzputhxstzleo7sjmi75:supply,supply,USDC,0,0,0,0,,0
2026-10-01T09:00:00.000Z,blend:v2.1:stellar:pool:cbakazuejbafa2dcgbrs2wkjt3fnimjbhtfl76ay7xmaveinqnniqwao:cdtkpwplourqa2sgtktuqowrcbzeorb4bwbomj3d3ztqqsge5f6jbqlv:borrow,borrow,EURC,0.030453263600551006,0,0.030453263600551006,0,0,0
2026-10-01T09:00:00.000Z,blend:v2.1:stellar:pool:cbakazuejbafa2dcgbrs2wkjt3fnimjbhtfl76ay7xmaveinqnniqwao:cdtkpwplourqa2sgtktuqowrcbzeorb4bwbomj3d3ztqqsge5f6jbqlv:supply,supply,EURC,0,0,0,0,,0
2026-10-01T10:00:00.000Z,blend:v2.1:stellar:pool:cbakazuejbafa2dcgbrs2wkjt3fnimjbhtfl76ay7xmaveinqnniqwao:cas3j7gylgxmf6tdjbbyyse3hq6bbsmlnuq34t6tzmymw2evh34xowma:borrow,borrow,XLM,0.010050028723681548,0,0.010050028723681548,0,0,0
2026-10-01T10:00:00.000Z,blend:v2.1:stellar:pool:cbakazuejbafa2dcgbrs2wkjt3fnimjbhtfl76ay7xmaveinqnniqwao:cas3j7gylgxmf6tdjbbyyse3hq6bbsmlnuq34t6tzmymw2evh34xowma:supply,supply,XLM,0,0,0,0,,0
2026-10-01T10:00:00.000Z,blend:v2.1:stellar:pool:cbakazuejbafa2dcgbrs2wkjt3fnimjbhtfl76ay7xmaveinqnniqwao:ccw67tszv3sss2hxmbq5jfgckjnxkzm7uquwuzputhxstzleo7sjmi75:borrow,borrow,USDC,0.030453263600551006,0,0.030453263600551006,0,0,0
2026-10-01T10:00:00.000Z,blend:v2.1:stellar:pool:cbakazuejbafa2dcgbrs2wkjt3fnimjbhtfl76ay7xmaveinqnniqwao:ccw67tszv3sss2hxmbq5jfgckjnxkzm7uquwuzputhxstzleo7sjmi75:supply,supply,USDC,0,0,0,0,,0
2026-10-01T10:00:00.000Z,blend:v2.1:stellar:pool:cbakazuejbafa2dcgbrs2wkjt3fnimjbhtfl76ay7xmaveinqnniqwao:cdtkpwplourqa2sgtktuqowrcbzeorb4bwbomj3d3ztqqsge5f6jbqlv:borrow,borrow,EURC,0.030453263600551006,0,0.030453263600551006,0,0,0
2026-10-01T10:00:00.000Z,blend:v2.1:stellar:pool:cbakazuejbafa2dcgbrs2wkjt3fnimjbhtfl76ay7xmaveinqnniqwao:cdtkpwplourqa2sgtktuqowrcbzeorb4bwbomj3d3ztqqsge5f6jbqlv:supply,supply,EURC,0,0,0,0,,0
2026-10-01T11:00:00.000Z,blend:v2.1:stellar:pool:cbakazuejbafa2dcgbrs2wkjt3fnimjbhtfl76ay7xmaveinqnniqwao:cas3j7gylgxmf6tdjbbyyse3hq6bbsmlnuq34t6tzmymw2evh34xowma:borrow,borrow,XLM,0.010050028723681548,0,0.010050028723681548,0,0,0
2026-10-01T11:00:00.000Z,blend:v2.1:stellar:pool:cbakazuejbafa2dcgbrs2wkjt3fnimjbhtfl76ay7xmaveinqnniqwao:cas3j7gylgxmf6tdjbbyyse3hq6bbsmlnuq34t6tzmymw2evh34xowma:supply,supply,XLM,0,0,0,0,,0
2026-10-01T11:00:00.000Z,blend:v2.1:stellar:pool:cbakazuejbafa2dcgbrs2wkjt3fnimjbhtfl76ay7xmaveinqnniqwao:ccw67tszv3sss2hxmbq5jfgckjnxkzm7uquwuzputhxstzleo7sjmi75:borrow,borrow,USDC,0.030453263600551006,0,0.030453263600551006,0,0,0
2026-10-01T11:00:00.000Z,blend:v2.1:stellar:pool:cbakazuejbafa2dcgbrs2wkjt3fnimjbhtfl76ay7xmaveinqnniqwao:ccw67tszv3sss2hxmbq5jfgckjnxkzm7uquwuzputhxstzleo7sjmi75:supply,supply,USDC,0,0,0,0,,0
2026-10-01T11:00:00.000Z,blend:v2.1:stellar:pool:cbakazuejbafa2dcgbrs2wkjt3fnimjbhtfl76ay7xmaveinqnniqwao:cdtkpwplourqa2sgtktuqowrcbzeorb4bwbomj3d3ztqqsge5f6jbqlv:borrow,borrow,EURC,0.030453263600551006,0,0.030453263600551006,0,0,0
2026-10-01T11:00:00.000Z,blend:v2.1:stellar:pool:cbakazuejbafa2dcgbrs2wkjt3fnimjbhtfl76ay7xmaveinqnniqwao:cdtkpwplourqa2sgtktuqowrcbzeorb4bwbomj3d3ztqqsge5f6jbqlv:supply,supply,EURC,0,0,0,0,,0
2026-10-01T12:00:00.000Z,blend:v2.1:stellar:pool:cbakazuejbafa2dcgbrs2wkjt3fnimjbhtfl76ay7xmaveinqnniqwao:cas3j7gylgxmf6tdjbbyyse3hq6bbsmlnuq34t6tzmymw2evh34xowma:borrow,borrow,XLM,0.010050028723681548,0,0.010050028723681548,0,0,0
2026-10-01T12:00:00.000Z,blend:v2.1:stellar:pool:cbakazuejbafa2dcgbrs2wkjt3fnimjbhtfl76ay7xmaveinqnniqwao:cas3j7gylgxmf6tdjbbyyse3hq6bbsmlnuq34t6tzmymw2evh34xowma:supply,supply,XLM,0,0,0,0,,0
2026-10-01T12:00:00.000Z,blend:v2.1:stellar:pool:cbakazuejbafa2dcgbrs2wkjt3fnimjbhtfl76ay7xmaveinqnniqwao:ccw67tszv3sss2hxmbq5jfgckjnxkzm7uquwuzputhxstzleo7sjmi75:borrow,borrow,USDC,0.030453263600551006,0,0.030453263600551006,0,0,0
2026-10-01T12:00:00.000Z,blend:v2.1:stellar:pool:cbakazuejbafa2dcgbrs2wkjt3fnimjbhtfl76ay7xmaveinqnniqwao:ccw67tszv3sss2hxmbq5jfgckjnxkzm7uquwuzputhxstzleo7sjmi75:supply,supply,USDC,0,0,0,0,,0
2026-10-01T12:00:00.000Z,blend:v2.1:stellar:pool:cbakazuejbafa2dcgbrs2wkjt3fnimjbhtfl76ay7xmaveinqnniqwao:cdtkpwplourqa2sgtktuqowrcbzeorb4bwbomj3d3ztqqsge5f6jbqlv:borrow,borrow,EURC,0.030453263600551006,0,0.030453263600551006,0,0,0
2026-10-01T12:00:00.000Z,blend:v2.1:stellar:pool:cbakazuejbafa2dcgbrs2wkjt3fnimjbhtfl76ay7xmaveinqnniqwao:cdtkpwplourqa2sgtktuqowrcbzeorb4bwbomj3d3ztqqsge5f6jbqlv:supply,supply,EURC,0,0,0,0,,0
2026-10-01T13:00:00.000Z,blend:v2.1:stellar:pool:cbakazuejbafa2dcgbrs2wkjt3fnimjbhtfl76ay7xmaveinqnniqwao:cas3j7gylgxmf6tdjbbyyse3hq6bbsmlnuq34t6tzmymw2evh34xowma:borrow,borrow,XLM,0.010050028723681548,0,0.010050028723681548,0,0,0
2026-10-01T13:00:00.000Z,blend:v2.1:stellar:pool:cbakazuejbafa2dcgbrs2wkjt3fnimjbhtfl76ay7xmaveinqnniqwao:cas3j7gylgxmf6tdjbbyyse3hq6bbsmlnuq34t6tzmymw2evh34xowma:supply,supply,XLM,0,0,0,0,,0
2026-10-01T13:00:00.000Z,blend:v2.1:stellar:pool:cbakazuejbafa2dcgbrs2wkjt3fnimjbhtfl76ay7xmaveinqnniqwao:ccw67tszv3sss2hxmbq5jfgckjnxkzm7uquwuzputhxstzleo7sjmi75:borrow,borrow,USDC,0.030453263600551006,0,0.030453263600551006,0,0,0
2026-10-01T13:00:00.000Z,blend:v2.1:stellar:pool:cbakazuejbafa2dcgbrs2wkjt3fnimjbhtfl76ay7xmaveinqnniqwao:ccw67tszv3sss2hxmbq5jfgckjnxkzm7uquwuzputhxstzleo7sjmi75:supply,supply,USDC,0,0,0,0,,0
2026-10-01T13:00:00.000Z,blend:v2.1:stellar:pool:cbakazuejbafa2dcgbrs2wkjt3fnimjbhtfl76ay7xmaveinqnniqwao:cdtkpwplourqa2sgtktuqowrcbzeorb4bwbomj3d3ztqqsge5f6jbqlv:borrow,borrow,EURC,0.030453263600551006,0,0.030453263600551006,0,0,0
2026-10-01T13:00:00.000Z,blend:v2.1:stellar:pool:cbakazuejbafa2dcgbrs2wkjt3fnimjbhtfl76ay7xmaveinqnniqwao:cdtkpwplourqa2sgtktuqowrcbzeorb4bwbomj3d3ztqqsge5f6jbqlv:supply,supply,EURC,0,0,0,0,,0
2026-10-01T14:00:00.000Z,blend:v2.1:stellar:pool:cbakazuejbafa2dcgbrs2wkjt3fnimjbhtfl76ay7xmaveinqnniqwao:cas3j7gylgxmf6tdjbbyyse3hq6bbsmlnuq34t6tzmymw2evh34xowma:borrow,borrow,XLM,0.010050028723681548,0,0.010050028723681548,0,0,0
2026-10-01T14:00:00.000Z,blend:v2.1:stellar:pool:cbakazuejbafa2dcgbrs2wkjt3fnimjbhtfl76ay7xmaveinqnniqwao:cas3j7gylgxmf6tdjbbyyse3hq6bbsmlnuq34t6tzmymw2evh34xowma:supply,supply,XLM,0,0,0,0,,0
2026-10-01T14:00:00.000Z,blend:v2.1:stellar:pool:cbakazuejbafa2dcgbrs2wkjt3fnimjbhtfl76ay7xmaveinqnniqwao:ccw67tszv3sss2hxmbq5jfgckjnxkzm7uquwuzputhxstzleo7sjmi75:borrow,borrow,USDC,0.030453263600551006,0,0.030453263600551006,0,0,0
2026-10-01T14:00:00.000Z,blend:v2.1:stellar:pool:cbakazuejbafa2dcgbrs2wkjt3fnimjbhtfl76ay7xmaveinqnniqwao:ccw67tszv3sss2hxmbq5jfgckjnxkzm7uquwuzputhxstzleo7sjmi75:supply,supply,USDC,0,0,0,0,,0
2026-10-01T14:00:00.000Z,blend:v2.1:stellar:pool:cbakazuejbafa2dcgbrs2wkjt3fnimjbhtfl76ay7xmaveinqnniqwao:cdtkpwplourqa2sgtktuqowrcbzeorb4bwbomj3d3ztqqsge5f6jbqlv:borrow,borrow,EURC,0.030453263600551006,0,0.030453263600551006,0,0,0
2026-10-01T14:00:00.000Z,blend:v2.1:stellar:pool:cbakazuejbafa2dcgbrs2wkjt3fnimjbhtfl76ay7xmaveinqnniqwao:cdtkpwplourqa2sgtktuqowrcbzeorb4bwbomj3d3ztqqsge5f6jbqlv:supply,supply,EURC,0,0,0,0,,0
2026-10-01T15:00:00.000Z,blend:v2.1:stellar:pool:cbakazuejbafa2dcgbrs2wkjt3fnimjbhtfl76ay7xmaveinqnniqwao:cas3j7gylgxmf6tdjbbyyse3hq6bbsmlnuq34t6tzmymw2evh34xowma:borrow,borrow,XLM,0.010050028723681548,0,0.010050028723681548,0,0,0
2026-10-01T15:00:00.000Z,blend:v2.1:stellar:pool:cbakazuejbafa2dcgbrs2wkjt3fnimjbhtfl76ay7xmaveinqnniqwao:cas3j7gylgxmf6tdjbbyyse3hq6bbsmlnuq34t6tzmymw2evh34xowma:supply,supply,XLM,0,0,0,0,,0
2026-10-01T15:00:00.000Z,blend:v2.1:stellar:pool:cbakazuejbafa2dcgbrs2wkjt3fnimjbhtfl76ay7xmaveinqnniqwao:ccw67tszv3sss2hxmbq5jfgckjnxkzm7uquwuzputhxstzleo7sjmi75:borrow,borrow,USDC,0.030453263600551006,0,0.030453263600551006,0,0,0
2026-10-01T15:00:00.000Z,blend:v2.1:stellar:pool:cbakazuejbafa2dcgbrs2wkjt3fnimjbhtfl76ay7xmaveinqnniqwao:ccw67tszv3sss2hxmbq5jfgckjnxkzm7uquwuzputhxstzleo7sjmi75:supply,supply,USDC,0,0,0,0,,0
2026-10-01T15:00:00.000Z,blend:v2.1:stellar:pool:cbakazuejbafa2dcgbrs2wkjt3fnimjbhtfl76ay7xmaveinqnniqwao:cdtkpwplourqa2sgtktuqowrcbzeorb4bwbomj3d3ztqqsge5f6jbqlv:borrow,borrow,EURC,0.030453263600551006,0,0.030453263600551006,0,0,0
2026-10-01T15:00:00.000Z,blend:v2.1:stellar:pool:cbakazuejbafa2dcgbrs2wkjt3fnimjbhtfl76ay7xmaveinqnniqwao:cdtkpwplourqa2sgtktuqowrcbzeorb4bwbomj3d3ztqqsge5f6jbqlv:supply,supply,EURC,0,0,0,0,,0
2026-10-01T16:00:00.000Z,blend:v2.1:stellar:pool:cbakazuejbafa2dcgbrs2wkjt3fnimjbhtfl76ay7xmaveinqnniqwao:cas3j7gylgxmf6tdjbbyyse3hq6bbsmlnuq34t6tzmymw2evh34xowma:borrow,borrow,XLM,0.010050028723681548,0,0.010050028723681548,0,0,0
2026-10-01T16:00:00.000Z,blend:v2.1:stellar:pool:cbakazuejbafa2dcgbrs2wkjt3fnimjbhtfl76ay7xmaveinqnniqwao:cas3j7gylgxmf6tdjbbyyse3hq6bbsmlnuq34t6tzmymw2evh34xowma:supply,supply,XLM,0,0,0,0,,0
2026-10-01T16:00:00.000Z,blend:v2.1:stellar:pool:cbakazuejbafa2dcgbrs2wkjt3fnimjbhtfl76ay7xmaveinqnniqwao:ccw67tszv3sss2hxmbq5jfgckjnxkzm7uquwuzputhxstzleo7sjmi75:borrow,borrow,USDC,0.030453263600551006,0,0.030453263600551006,0,0,0
2026-10-01T16:00:00.000Z,blend:v2.1:stellar:pool:cbakazuejbafa2dcgbrs2wkjt3fnimjbhtfl76ay7xmaveinqnniqwao:ccw67tszv3sss2hxmbq5jfgckjnxkzm7uquwuzputhxstzleo7sjmi75:supply,supply,USDC,0,0,0,0,,0
2026-10-01T16:00:00.000Z,blend:v2.1:stellar:pool:cbakazuejbafa2dcgbrs2wkjt3fnimjbhtfl76ay7xmaveinqnniqwao:cdtkpwplourqa2sgtktuqowrcbzeorb4bwbomj3d3ztqqsge5f6jbqlv:borrow,borrow,EURC,0.030453263600551006,0,0.030453263600551006,0,0,0
2026-10-01T16:00:00.000Z,blend:v2.1:stellar:pool:cbakazuejbafa2dcgbrs2wkjt3fnimjbhtfl76ay7xmaveinqnniqwao:cdtkpwplourqa2sgtktuqowrcbzeorb4bwbomj3d3ztqqsge5f6jbqlv:supply,supply,EURC,0,0,0,0,,0
2026-10-01T17:00:00.000Z,blend:v2.1:stellar:pool:cbakazuejbafa2dcgbrs2wkjt3fnimjbhtfl76ay7xmaveinqnniqwao:cas3j7gylgxmf6tdjbbyyse3hq6bbsmlnuq34t6tzmymw2evh34xowma:borrow,borrow,XLM,0.010050028723681548,0,0.010050028723681548,0,0,0
2026-10-01T17:00:00.000Z,blend:v2.1:stellar:pool:cbakazuejbafa2dcgbrs2wkjt3fnimjbhtfl76ay7xmaveinqnniqwao:cas3j7gylgxmf6tdjbbyyse3hq6bbsmlnuq34t6tzmymw2evh34xowma:supply,supply,XLM,0,0,0,0,,0
2026-10-01T17:00:00.000Z,blend:v2.1:stellar:pool:cbakazuejbafa2dcgbrs2wkjt3fnimjbhtfl76ay7xmaveinqnniqwao:ccw67tszv3sss2hxmbq5jfgckjnxkzm7uquwuzputhxstzleo7sjmi75:borrow,borrow,USDC,0.030453263600551006,0,0.030453263600551006,0,0,0
2026-10-01T17:00:00.000Z,blend:v2.1:stellar:pool:cbakazuejbafa2dcgbrs2wkjt3fnimjbhtfl76ay7xmaveinqnniqwao:ccw67tszv3sss2hxmbq5jfgckjnxkzm7uquwuzputhxstzleo7sjmi75:supply,supply,USDC,0,0,0,0,,0
2026-10-01T17:00:00.000Z,blend:v2.1:stellar:pool:cbakazuejbafa2dcgbrs2wkjt3fnimjbhtfl76ay7xmaveinqnniqwao:cdtkpwplourqa2sgtktuqowrcbzeorb4bwbomj3d3ztqqsge5f6jbqlv:borrow,borrow,EURC,0.030453263600551006,0,0.030453263600551006,0,0,0
2026-10-01T17:00:00.000Z,blend:v2.1:stellar:pool:cbakazuejbafa2dcgbrs2wkjt3fnimjbhtfl76ay7xmaveinqnniqwao:cdtkpwplourqa2sgtktuqowrcbzeorb4bwbomj3d3ztqqsge5f6jbqlv:supply,supply,EURC,0,0,0,0,,0
2026-10-01T18:00:00.000Z,blend:v2.1:stellar:pool:cbakazuejbafa2dcgbrs2wkjt3fnimjbhtfl76ay7xmaveinqnniqwao:cas3j7gylgxmf6tdjbbyyse3hq6bbsmlnuq34t6tzmymw2evh34xowma:borrow,borrow,XLM,0.010050028723681548,0,0.010050028723681548,0,0,0
2026-10-01T18:00:00.000Z,blend:v2.1:stellar:pool:cbakazuejbafa2dcgbrs2wkjt3fnimjbhtfl76ay7xmaveinqnniqwao:cas3j7gylgxmf6tdjbbyyse3hq6bbsmlnuq34t6tzmymw2evh34xowma:supply,supply,XLM,0,0,0,0,,0
2026-10-01T18:00:00.000Z,blend:v2.1:stellar:pool:cbakazuejbafa2dcgbrs2wkjt3fnimjbhtfl76ay7xmaveinqnniqwao:ccw67tszv3sss2hxmbq5jfgckjnxkzm7uquwuzputhxstzleo7sjmi75:borrow,borrow,USDC,0.030453263600551006,0,0.030453263600551006,0,0,0
2026-10-01T18:00:00.000Z,blend:v2.1:stellar:pool:cbakazuejbafa2dcgbrs2wkjt3fnimjbhtfl76ay7xmaveinqnniqwao:ccw67tszv3sss2hxmbq5jfgckjnxkzm7uquwuzputhxstzleo7sjmi75:supply,supply,USDC,0,0,0,0,,0
2026-10-01T18:00:00.000Z,blend:v2.1:stellar:pool:cbakazuejbafa2dcgbrs2wkjt3fnimjbhtfl76ay7xmaveinqnniqwao:cdtkpwplourqa2sgtktuqowrcbzeorb4bwbomj3d3ztqqsge5f6jbqlv:borrow,borrow,EURC,0.030453263600551006,0,0.030453263600551006,0,0,0
2026-10-01T18:00:00.000Z,blend:v2.1:stellar:pool:cbakazuejbafa2dcgbrs2wkjt3fnimjbhtfl76ay7xmaveinqnniqwao:cdtkpwplourqa2sgtktuqowrcbzeorb4bwbomj3d3ztqqsge5f6jbqlv:supply,supply,EURC,0,0,0,0,,0
2026-10-01T19:00:00.000Z,blend:v2.1:stellar:pool:cbakazuejbafa2dcgbrs2wkjt3fnimjbhtfl76ay7xmaveinqnniqwao:cas3j7gylgxmf6tdjbbyyse3hq6bbsmlnuq34t6tzmymw2evh34xowma:borrow,borrow,XLM,0.010050028723681548,0,0.010050028723681548,0,0,0
2026-10-01T19:00:00.000Z,blend:v2.1:stellar:pool:cbakazuejbafa2dcgbrs2wkjt3fnimjbhtfl76ay7xmaveinqnniqwao:cas3j7gylgxmf6tdjbbyyse3hq6bbsmlnuq34t6tzmymw2evh34xowma:supply,supply,XLM,0,0,0,0,,0
2026-10-01T19:00:00.000Z,blend:v2.1:stellar:pool:cbakazuejbafa2dcgbrs2wkjt3fnimjbhtfl76ay7xmaveinqnniqwao:ccw67tszv3sss2hxmbq5jfgckjnxkzm7uquwuzputhxstzleo7sjmi75:borrow,borrow,USDC,0.030453263600551006,0,0.030453263600551006,0,0,0
2026-10-01T19:00:00.000Z,blend:v2.1:stellar:pool:cbakazuejbafa2dcgbrs2wkjt3fnimjbhtfl76ay7xmaveinqnniqwao:ccw67tszv3sss2hxmbq5jfgckjnxkzm7uquwuzputhxstzleo7sjmi75:supply,supply,USDC,0,0,0,0,,0
2026-10-01T19:00:00.000Z,blend:v2.1:stellar:pool:cbakazuejbafa2dcgbrs2wkjt3fnimjbhtfl76ay7xmaveinqnniqwao:cdtkpwplourqa2sgtktuqowrcbzeorb4bwbomj3d3ztqqsge5f6jbqlv:borrow,borrow,EURC,0.030453263600551006,0,0.030453263600551006,0,0,0
2026-10-01T19:00:00.000Z,blend:v2.1:stellar:pool:cbakazuejbafa2dcgbrs2wkjt3fnimjbhtfl76ay7xmaveinqnniqwao:cdtkpwplourqa2sgtktuqowrcbzeorb4bwbomj3d3ztqqsge5f6jbqlv:supply,supply,EURC,0,0,0,0,,0
2026-10-01T20:00:00.000Z,blend:v2.1:stellar:pool:cbakazuejbafa2dcgbrs2wkjt3fnimjbhtfl76ay7xmaveinqnniqwao:cas3j7gylgxmf6tdjbbyyse3hq6bbsmlnuq34t6tzmymw2evh34xowma:borrow,borrow,XLM,0.010050028723681548,0,0.010050028723681548,0,0,0
2026-10-01T20:00:00.000Z,blend:v2.1:stellar:pool:cbakazuejbafa2dcgbrs2wkjt3fnimjbhtfl76ay7xmaveinqnniqwao:cas3j7gylgxmf6tdjbbyyse3hq6bbsmlnuq34t6tzmymw2evh34xowma:supply,supply,XLM,0,0,0,0,,0
2026-10-01T20:00:00.000Z,blend:v2.1:stellar:pool:cbakazuejbafa2dcgbrs2wkjt3fnimjbhtfl76ay7xmaveinqnniqwao:ccw67tszv3sss2hxmbq5jfgckjnxkzm7uquwuzputhxstzleo7sjmi75:borrow,borrow,USDC,0.030453263600551006,0,0.030453263600551006,0,0,0
2026-10-01T20:00:00.000Z,blend:v2.1:stellar:pool:cbakazuejbafa2dcgbrs2wkjt3fnimjbhtfl76ay7xmaveinqnniqwao:ccw67tszv3sss2hxmbq5jfgckjnxkzm7uquwuzputhxstzleo7sjmi75:supply,supply,USDC,0,0,0,0,,0
2026-10-01T20:00:00.000Z,blend:v2.1:stellar:pool:cbakazuejbafa2dcgbrs2wkjt3fnimjbhtfl76ay7xmaveinqnniqwao:cdtkpwplourqa2sgtktuqowrcbzeorb4bwbomj3d3ztqqsge5f6jbqlv:borrow,borrow,EURC,0.030453263600551006,0,0.030453263600551006,0,0,0
2026-10-01T20:00:00.000Z,blend:v2.1:stellar:pool:cbakazuejbafa2dcgbrs2wkjt3fnimjbhtfl76ay7xmaveinqnniqwao:cdtkpwplourqa2sgtktuqowrcbzeorb4bwbomj3d3ztqqsge5f6jbqlv:supply,supply,EURC,0,0,0,0,,0
2026-10-01T21:00:00.000Z,blend:v2.1:stellar:pool:cbakazuejbafa2dcgbrs2wkjt3fnimjbhtfl76ay7xmaveinqnniqwao:cas3j7gylgxmf6tdjbbyyse3hq6bbsmlnuq34t6tzmymw2evh34xowma:borrow,borrow,XLM,0.010050028723681548,0,0.010050028723681548,0,0,0
2026-10-01T21:00:00.000Z,blend:v2.1:stellar:pool:cbakazuejbafa2dcgbrs2wkjt3fnimjbhtfl76ay7xmaveinqnniqwao:cas3j7gylgxmf6tdjbbyyse3hq6bbsmlnuq34t6tzmymw2evh34xowma:supply,supply,XLM,0,0,0,0,,0
2026-10-01T21:00:00.000Z,blend:v2.1:stellar:pool:cbakazuejbafa2dcgbrs2wkjt3fnimjbhtfl76ay7xmaveinqnniqwao:ccw67tszv3sss2hxmbq5jfgckjnxkzm7uquwuzputhxstzleo7sjmi75:borrow,borrow,USDC,0.030453263600551006,0,0.030453263600551006,0,0,0
2026-10-01T21:00:00.000Z,blend:v2.1:stellar:pool:cbakazuejbafa2dcgbrs2wkjt3fnimjbhtfl76ay7xmaveinqnniqwao:ccw67tszv3sss2hxmbq5jfgckjnxkzm7uquwuzputhxstzleo7sjmi75:supply,supply,USDC,0,0,0,0,,0
2026-10-01T21:00:00.000Z,blend:v2.1:stellar:pool:cbakazuejbafa2dcgbrs2wkjt3fnimjbhtfl76ay7xmaveinqnniqwao:cdtkpwplourqa2sgtktuqowrcbzeorb4bwbomj3d3ztqqsge5f6jbqlv:borrow,borrow,EURC,0.030453263600551006,0,0.030453263600551006,0,0,0
2026-10-01T21:00:00.000Z,blend:v2.1:stellar:pool:cbakazuejbafa2dcgbrs2wkjt3fnimjbhtfl76ay7xmaveinqnniqwao:cdtkpwplourqa2sgtktuqowrcbzeorb4bwbomj3d3ztqqsge5f6jbqlv:supply,supply,EURC,0,0,0,0,,0
2026-10-01T22:00:00.000Z,blend:v2.1:stellar:pool:cbakazuejbafa2dcgbrs2wkjt3fnimjbhtfl76ay7xmaveinqnniqwao:cas3j7gylgxmf6tdjbbyyse3hq6bbsmlnuq34t6tzmymw2evh34xowma:borrow,borrow,XLM,0.010050028723681548,0,0.010050028723681548,0,0,0
2026-10-01T22:00:00.000Z,blend:v2.1:stellar:pool:cbakazuejbafa2dcgbrs2wkjt3fnimjbhtfl76ay7xmaveinqnniqwao:cas3j7gylgxmf6tdjbbyyse3hq6bbsmlnuq34t6tzmymw2evh34xowma:supply,supply,XLM,0,0,0,0,,0
2026-10-01T22:00:00.000Z,blend:v2.1:stellar:pool:cbakazuejbafa2dcgbrs2wkjt3fnimjbhtfl76ay7xmaveinqnniqwao:ccw67tszv3sss2hxmbq5jfgckjnxkzm7uquwuzputhxstzleo7sjmi75:borrow,borrow,USDC,0.030453263600551006,0,0.030453263600551006,0,0,0
2026-10-01T22:00:00.000Z,blend:v2.1:stellar:pool:cbakazuejbafa2dcgbrs2wkjt3fnimjbhtfl76ay7xmaveinqnniqwao:ccw67tszv3sss2hxmbq5jfgckjnxkzm7uquwuzputhxstzleo7sjmi75:supply,supply,USDC,0,0,0,0,,0
2026-10-01T22:00:00.000Z,blend:v2.1:stellar:pool:cbakazuejbafa2dcgbrs2wkjt3fnimjbhtfl76ay7xmaveinqnniqwao:cdtkpwplourqa2sgtktuqowrcbzeorb4bwbomj3d3ztqqsge5f6jbqlv:borrow,borrow,EURC,0.030453263600551006,0,0.030453263600551006,0,0,0
2026-10-01T22:00:00.000Z,blend:v2.1:stellar:pool:cbakazuejbafa2dcgbrs2wkjt3fnimjbhtfl76ay7xmaveinqnniqwao:cdtkpwplourqa2sgtktuqowrcbzeorb4bwbomj3d3ztqqsge5f6jbqlv:supply,supply,EURC,0,0,0,0,,0
2026-10-01T23:00:00.000Z,blend:v2.1:stellar:pool:cbakazuejbafa2dcgbrs2wkjt3fnimjbhtfl76ay7xmaveinqnniqwao:cas3j7gylgxmf6tdjbbyyse3hq6bbsmlnuq34t6tzmymw2evh34xowma:borrow,borrow,XLM,0.010050028723681548,0,0.010050028723681548,0,0,0
2026-10-01T23:00:00.000Z,blend:v2.1:stellar:pool:cbakazuejbafa2dcgbrs2wkjt3fnimjbhtfl76ay7xmaveinqnniqwao:cas3j7gylgxmf6tdjbbyyse3hq6bbsmlnuq34t6tzmymw2evh34xowma:supply,supply,XLM,0,0,0,0,,0
2026-10-01T23:00:00.000Z,blend:v2.1:stellar:pool:cbakazuejbafa2dcgbrs2wkjt3fnimjbhtfl76ay7xmaveinqnniqwao:ccw67tszv3sss2hxmbq5jfgckjnxkzm7uquwuzputhxstzleo7sjmi75:borrow,borrow,USDC,0.030453263600551006,0,0.030453263600551006,0,0,0
2026-10-01T23:00:00.000Z,blend:v2.1:stellar:pool:cbakazuejbafa2dcgbrs2wkjt3fnimjbhtfl76ay7xmaveinqnniqwao:ccw67tszv3sss2hxmbq5jfgckjnxkzm7uquwuzputhxstzleo7sjmi75:supply,supply,USDC,0,0,0,0,,0
2026-10-01T23:00:00.000Z,blend:v2.1:stellar:pool:cbakazuejbafa2dcgbrs2wkjt3fnimjbhtfl76ay7xmaveinqnniqwao:cdtkpwplourqa2sgtktuqowrcbzeorb4bwbomj3d3ztqqsge5f6jbqlv:borrow,borrow,EURC,0.030453263600551006,0,0.030453263600551006,0,0,0
2026-10-01T23:00:00.000Z,blend:v2.1:stellar:pool:cbakazuejbafa2dcgbrs2wkjt3fnimjbhtfl76ay7xmaveinqnniqwao:cdtkpwplourqa2sgtktuqowrcbzeorb4bwbomj3d3ztqqsge5f6jbqlv:supply,supply,EURC,0,0,0,0,,0
2026-10-02T00:00:00.000Z,blend:v2.1:stellar:pool:cbakazuejbafa2dcgbrs2wkjt3fnimjbhtfl76ay7xmaveinqnniqwao:cas3j7gylgxmf6tdjbbyyse3hq6bbsmlnuq34t6tzmymw2evh34xowma:borrow,borrow,XLM,0.010050028723681548,0,0.010050028723681548,0,0,0
2026-10-02T00:00:00.000Z,blend:v2.1:stellar:pool:cbakazuejbafa2dcgbrs2wkjt3fnimjbhtfl76ay7xmaveinqnniqwao:cas3j7gylgxmf6tdjbbyyse3hq6bbsmlnuq34t6tzmymw2evh34xowma:supply,supply,XLM,0,0,0,0,,0
2026-10-02T00:00:00.000Z,blend:v2.1:stellar:pool:cbakazuejbafa2dcgbrs2wkjt3fnimjbhtfl76ay7xmaveinqnniqwao:ccw67tszv3sss2hxmbq5jfgckjnxkzm7uquwuzputhxstzleo7sjmi75:borrow,borrow,USDC,0.030453263600551006,0,0.030453263600551006,0,0,0
2026-10-02T00:00:00.000Z,blend:v2.1:stellar:pool:cbakazuejbafa2dcgbrs2wkjt3fnimjbhtfl76ay7xmaveinqnniqwao:ccw67tszv3sss2hxmbq5jfgckjnxkzm7uquwuzputhxstzleo7sjmi75:supply,supply,USDC,0,0,0,0,,0
2026-10-02T00:00:00.000Z,blend:v2.1:stellar:pool:cbakazuejbafa2dcgbrs2wkjt3fnimjbhtfl76ay7xmaveinqnniqwao:cdtkpwplourqa2sgtktuqowrcbzeorb4bwbomj3d3ztqqsge5f6jbqlv:borrow,borrow,EURC,0.030453263600551006,0,0.030453263600551006,0,0,0
2026-10-02T00:00:00.000Z,blend:v2.1:stellar:pool:cbakazuejbafa2dcgbrs2wkjt3fnimjbhtfl76ay7xmaveinqnniqwao:cdtkpwplourqa2sgtktuqowrcbzeorb4bwbomj3d3ztqqsge5f6jbqlv:supply,supply,EURC,0,0,0,0,,0
2026-10-02T01:00:00.000Z,blend:v2.1:stellar:pool:cbakazuejbafa2dcgbrs2wkjt3fnimjbhtfl76ay7xmaveinqnniqwao:cas3j7gylgxmf6tdjbbyyse3hq6bbsmlnuq34t6tzmymw2evh34xowma:borrow,borrow,XLM,0.010050028723681548,0,0.010050028723681548,0,0,0
2026-10-02T01:00:00.000Z,blend:v2.1:stellar:pool:cbakazuejbafa2dcgbrs2wkjt3fnimjbhtfl76ay7xmaveinqnniqwao:cas3j7gylgxmf6tdjbbyyse3hq6bbsmlnuq34t6tzmymw2evh34xowma:supply,supply,XLM,0,0,0,0,,0
2026-10-02T01:00:00.000Z,blend:v2.1:stellar:pool:cbakazuejbafa2dcgbrs2wkjt3fnimjbhtfl76ay7xmaveinqnniqwao:ccw67tszv3sss2hxmbq5jfgckjnxkzm7uquwuzputhxstzleo7sjmi75:borrow,borrow,USDC,0.030453263600551006,0,0.030453263600551006,0,0,0
2026-10-02T01:00:00.000Z,blend:v2.1:stellar:pool:cbakazuejbafa2dcgbrs2wkjt3fnimjbhtfl76ay7xmaveinqnniqwao:ccw67tszv3sss2hxmbq5jfgckjnxkzm7uquwuzputhxstzleo7sjmi75:supply,supply,USDC,0,0,0,0,,0
2026-10-02T01:00:00.000Z,blend:v2.1:stellar:pool:cbakazuejbafa2dcgbrs2wkjt3fnimjbhtfl76ay7xmaveinqnniqwao:cdtkpwplourqa2sgtktuqowrcbzeorb4bwbomj3d3ztqqsge5f6jbqlv:borrow,borrow,EURC,0.030453263600551006,0,0.030453263600551006,0,0,0
2026-10-02T01:00:00.000Z,blend:v2.1:stellar:pool:cbakazuejbafa2dcgbrs2wkjt3fnimjbhtfl76ay7xmaveinqnniqwao:cdtkpwplourqa2sgtktuqowrcbzeorb4bwbomj3d3ztqqsge5f6jbqlv:supply,supply,EURC,0,0,0,0,,0
2026-10-02T02:00:00.000Z,blend:v2.1:stellar:pool:cbakazuejbafa2dcgbrs2wkjt3fnimjbhtfl76ay7xmaveinqnniqwao:cas3j7gylgxmf6tdjbbyyse3hq6bbsmlnuq34t6tzmymw2evh34xowma:borrow,borrow,XLM,0.010050028723681548,0,0.010050028723681548,0,0,0
2026-10-02T02:00:00.000Z,blend:v2.1:stellar:pool:cbakazuejbafa2dcgbrs2wkjt3fnimjbhtfl76ay7xmaveinqnniqwao:cas3j7gylgxmf6tdjbbyyse3hq6bbsmlnuq34t6tzmymw2evh34xowma:supply,supply,XLM,0,0,0,0,,0
2026-10-02T02:00:00.000Z,blend:v2.1:stellar:pool:cbakazuejbafa2dcgbrs2wkjt3fnimjbhtfl76ay7xmaveinqnniqwao:ccw67tszv3sss2hxmbq5jfgckjnxkzm7uquwuzputhxstzleo7sjmi75:borrow,borrow,USDC,0.030453263600551006,0,0.030453263600551006,0,0,0
2026-10-02T02:00:00.000Z,blend:v2.1:stellar:pool:cbakazuejbafa2dcgbrs2wkjt3fnimjbhtfl76ay7xmaveinqnniqwao:ccw67tszv3sss2hxmbq5jfgckjnxkzm7uquwuzputhxstzleo7sjmi75:supply,supply,USDC,0,0,0,0,,0
2026-10-02T02:00:00.000Z,blend:v2.1:stellar:pool:cbakazuejbafa2dcgbrs2wkjt3fnimjbhtfl76ay7xmaveinqnniqwao:cdtkpwplourqa2sgtktuqowrcbzeorb4bwbomj3d3ztqqsge5f6jbqlv:borrow,borrow,EURC,0.030453263600551006,0,0.030453263600551006,0,0,0
2026-10-02T02:00:00.000Z,blend:v2.1:stellar:pool:cbakazuejbafa2dcgbrs2wkjt3fnimjbhtfl76ay7xmaveinqnniqwao:cdtkpwplourqa2sgtktuqowrcbzeorb4bwbomj3d3ztqqsge5f6jbqlv:supply,supply,EURC,0,0,0,0,,0
2026-10-02T03:00:00.000Z,blend:v2.1:stellar:pool:cbakazuejbafa2dcgbrs2wkjt3fnimjbhtfl76ay7xmaveinqnniqwao:cas3j7gylgxmf6tdjbbyyse3hq6bbsmlnuq34t6tzmymw2evh34xowma:borrow,borrow,XLM,0.010050028723681548,0,0.010050028723681548,0,0,0
2026-10-02T03:00:00.000Z,blend:v2.1:stellar:pool:cbakazuejbafa2dcgbrs2wkjt3fnimjbhtfl76ay7xmaveinqnniqwao:cas3j7gylgxmf6tdjbbyyse3hq6bbsmlnuq34t6tzmymw2evh34xowma:supply,supply,XLM,0,0,0,0,,0
2026-10-02T03:00:00.000Z,blend:v2.1:stellar:pool:cbakazuejbafa2dcgbrs2wkjt3fnimjbhtfl76ay7xmaveinqnniqwao:ccw67tszv3sss2hxmbq5jfgckjnxkzm7uquwuzputhxstzleo7sjmi75:borrow,borrow,USDC,0.030453263600551006,0,0.030453263600551006,0,0,0
2026-10-02T03:00:00.000Z,blend:v2.1:stellar:pool:cbakazuejbafa2dcgbrs2wkjt3fnimjbhtfl76ay7xmaveinqnniqwao:ccw67tszv3sss2hxmbq5jfgckjnxkzm7uquwuzputhxstzleo7sjmi75:supply,supply,USDC,0,0,0,0,,0
2026-10-02T03:00:00.000Z,blend:v2.1:stellar:pool:cbakazuejbafa2dcgbrs2wkjt3fnimjbhtfl76ay7xmaveinqnniqwao:cdtkpwplourqa2sgtktuqowrcbzeorb4bwbomj3d3ztqqsge5f6jbqlv:borrow,borrow,EURC,0.030453263600551006,0,0.030453263600551006,0,0,0
2026-10-02T03:00:00.000Z,blend:v2.1:stellar:pool:cbakazuejbafa2dcgbrs2wkjt3fnimjbhtfl76ay7xmaveinqnniqwao:cdtkpwplourqa2sgtktuqowrcbzeorb4bwbomj3d3ztqqsge5f6jbqlv:supply,supply,EURC,0,0,0,0,,0
2026-10-02T04:00:00.000Z,blend:v2.1:stellar:pool:cbakazuejbafa2dcgbrs2wkjt3fnimjbhtfl76ay7xmaveinqnniqwao:cas3j7gylgxmf6tdjbbyyse3hq6bbsmlnuq34t6tzmymw2evh34xowma:borrow,borrow,XLM,0.010050028723681548,0,0.010050028723681548,0,0,0
2026-10-02T04:00:00.000Z,blend:v2.1:stellar:pool:cbakazuejbafa2dcgbrs2wkjt3fnimjbhtfl76ay7xmaveinqnniqwao:cas3j7gylgxmf6tdjbbyyse3hq6bbsmlnuq34t6tzmymw2evh34xowma:supply,supply,XLM,0,0,0,0,,0
2026-10-02T04:00:00.000Z,blend:v2.1:stellar:pool:cbakazuejbafa2dcgbrs2wkjt3fnimjbhtfl76ay7xmaveinqnniqwao:ccw67tszv3sss2hxmbq5jfgckjnxkzm7uquwuzputhxstzleo7sjmi75:borrow,borrow,USDC,0.030453263600551006,0,0.030453263600551006,0,0,0
2026-10-02T04:00:00.000Z,blend:v2.1:stellar:pool:cbakazuejbafa2dcgbrs2wkjt3fnimjbhtfl76ay7xmaveinqnniqwao:ccw67tszv3sss2hxmbq5jfgckjnxkzm7uquwuzputhxstzleo7sjmi75:supply,supply,USDC,0,0,0,0,,0
2026-10-02T04:00:00.000Z,blend:v2.1:stellar:pool:cbakazuejbafa2dcgbrs2wkjt3fnimjbhtfl76ay7xmaveinqnniqwao:cdtkpwplourqa2sgtktuqowrcbzeorb4bwbomj3d3ztqqsge5f6jbqlv:borrow,borrow,EURC,0.030453263600551006,0,0.030453263600551006,0,0,0
2026-10-02T04:00:00.000Z,blend:v2.1:stellar:pool:cbakazuejbafa2dcgbrs2wkjt3fnimjbhtfl76ay7xmaveinqnniqwao:cdtkpwplourqa2sgtktuqowrcbzeorb4bwbomj3d3ztqqsge5f6jbqlv:supply,supply,EURC,0,0,0,0,,0
2026-10-02T05:00:00.000Z,blend:v2.1:stellar:pool:cbakazuejbafa2dcgbrs2wkjt3fnimjbhtfl76ay7xmaveinqnniqwao:cas3j7gylgxmf6tdjbbyyse3hq6bbsmlnuq34t6tzmymw2evh34xowma:borrow,borrow,XLM,0.010050028723681548,0,0.010050028723681548,0,0,0
2026-10-02T05:00:00.000Z,blend:v2.1:stellar:pool:cbakazuejbafa2dcgbrs2wkjt3fnimjbhtfl76ay7xmaveinqnniqwao:cas3j7gylgxmf6tdjbbyyse3hq6bbsmlnuq34t6tzmymw2evh34xowma:supply,supply,XLM,0,0,0,0,,0
2026-10-02T05:00:00.000Z,blend:v2.1:stellar:pool:cbakazuejbafa2dcgbrs2wkjt3fnimjbhtfl76ay7xmaveinqnniqwao:ccw67tszv3sss2hxmbq5jfgckjnxkzm7uquwuzputhxstzleo7sjmi75:borrow,borrow,USDC,0.030453263600551006,0,0.030453263600551006,0,0,0
2026-10-02T05:00:00.000Z,blend:v2.1:stellar:pool:cbakazuejbafa2dcgbrs2wkjt3fnimjbhtfl76ay7xmaveinqnniqwao:ccw67tszv3sss2hxmbq5jfgckjnxkzm7uquwuzputhxstzleo7sjmi75:supply,supply,USDC,0,0,0,0,,0
2026-10-02T05:00:00.000Z,blend:v2.1:stellar:pool:cbakazuejbafa2dcgbrs2wkjt3fnimjbhtfl76ay7xmaveinqnniqwao:cdtkpwplourqa2sgtktuqowrcbzeorb4bwbomj3d3ztqqsge5f6jbqlv:borrow,borrow,EURC,0.030453263600551006,0,0.030453263600551006,0,0,0
2026-10-02T05:00:00.000Z,blend:v2.1:stellar:pool:cbakazuejbafa2dcgbrs2wkjt3fnimjbhtfl76ay7xmaveinqnniqwao:cdtkpwplourqa2sgtktuqowrcbzeorb4bwbomj3d3ztqqsge5f6jbqlv:supply,supply,EURC,0,0,0,0,,0
2026-10-02T06:00:00.000Z,blend:v2.1:stellar:pool:cbakazuejbafa2dcgbrs2wkjt3fnimjbhtfl76ay7xmaveinqnniqwao:cas3j7gylgxmf6tdjbbyyse3hq6bbsmlnuq34t6tzmymw2evh34xowma:borrow,borrow,XLM,0.010050028723681548,0,0.010050028723681548,0,0,0
2026-10-02T06:00:00.000Z,blend:v2.1:stellar:pool:cbakazuejbafa2dcgbrs2wkjt3fnimjbhtfl76ay7xmaveinqnniqwao:cas3j7gylgxmf6tdjbbyyse3hq6bbsmlnuq34t6tzmymw2evh34xowma:supply,supply,XLM,0,0,0,0,,0
2026-10-02T06:00:00.000Z,blend:v2.1:stellar:pool:cbakazuejbafa2dcgbrs2wkjt3fnimjbhtfl76ay7xmaveinqnniqwao:ccw67tszv3sss2hxmbq5jfgckjnxkzm7uquwuzputhxstzleo7sjmi75:borrow,borrow,USDC,0.030453263600551006,0,0.030453263600551006,0,0,0
2026-10-02T06:00:00.000Z,blend:v2.1:stellar:pool:cbakazuejbafa2dcgbrs2wkjt3fnimjbhtfl76ay7xmaveinqnniqwao:ccw67tszv3sss2hxmbq5jfgckjnxkzm7uquwuzputhxstzleo7sjmi75:supply,supply,USDC,0,0,0,0,,0
2026-10-02T06:00:00.000Z,blend:v2.1:stellar:pool:cbakazuejbafa2dcgbrs2wkjt3fnimjbhtfl76ay7xmaveinqnniqwao:cdtkpwplourqa2sgtktuqowrcbzeorb4bwbomj3d3ztqqsge5f6jbqlv:borrow,borrow,EURC,0.030453263600551006,0,0.030453263600551006,0,0,0
2026-10-02T06:00:00.000Z,blend:v2.1:stellar:pool:cbakazuejbafa2dcgbrs2wkjt3fnimjbhtfl76ay7xmaveinqnniqwao:cdtkpwplourqa2sgtktuqowrcbzeorb4bwbomj3d3ztqqsge5f6jbqlv:supply,supply,EURC,0,0,0,0,,0
2026-10-02T07:00:00.000Z,blend:v2.1:stellar:pool:cbakazuejbafa2dcgbrs2wkjt3fnimjbhtfl76ay7xmaveinqnniqwao:cas3j7gylgxmf6tdjbbyyse3hq6bbsmlnuq34t6tzmymw2evh34xowma:borrow,borrow,XLM,0.010050028723681548,0,0.010050028723681548,0,0,0
2026-10-02T07:00:00.000Z,blend:v2.1:stellar:pool:cbakazuejbafa2dcgbrs2wkjt3fnimjbhtfl76ay7xmaveinqnniqwao:cas3j7gylgxmf6tdjbbyyse3hq6bbsmlnuq34t6tzmymw2evh34xowma:supply,supply,XLM,0,0,0,0,,0
2026-10-02T07:00:00.000Z,blend:v2.1:stellar:pool:cbakazuejbafa2dcgbrs2wkjt3fnimjbhtfl76ay7xmaveinqnniqwao:ccw67tszv3sss2hxmbq5jfgckjnxkzm7uquwuzputhxstzleo7sjmi75:borrow,borrow,USDC,0.030453263600551006,0,0.030453263600551006,0,0,0
2026-10-02T07:00:00.000Z,blend:v2.1:stellar:pool:cbakazuejbafa2dcgbrs2wkjt3fnimjbhtfl76ay7xmaveinqnniqwao:ccw67tszv3sss2hxmbq5jfgckjnxkzm7uquwuzputhxstzleo7sjmi75:supply,supply,USDC,0,0,0,0,,0
2026-10-02T07:00:00.000Z,blend:v2.1:stellar:pool:cbakazuejbafa2dcgbrs2wkjt3fnimjbhtfl76ay7xmaveinqnniqwao:cdtkpwplourqa2sgtktuqowrcbzeorb4bwbomj3d3ztqqsge5f6jbqlv:borrow,borrow,EURC,0.030453263600551006,0,0.030453263600551006,0,0,0
2026-10-02T07:00:00.000Z,blend:v2.1:stellar:pool:cbakazuejbafa2dcgbrs2wkjt3fnimjbhtfl76ay7xmaveinqnniqwao:cdtkpwplourqa2sgtktuqowrcbzeorb4bwbomj3d3ztqqsge5f6jbqlv:supply,supply,EURC,0,0,0,0,,0
2026-10-02T08:00:00.000Z,blend:v2.1:stellar:pool:cbakazuejbafa2dcgbrs2wkjt3fnimjbhtfl76ay7xmaveinqnniqwao:cas3j7gylgxmf6tdjbbyyse3hq6bbsmlnuq34t6tzmymw2evh34xowma:borrow,borrow,XLM,0.010050028723681548,0,0.010050028723681548,0,0,0
2026-10-02T08:00:00.000Z,blend:v2.1:stellar:pool:cbakazuejbafa2dcgbrs2wkjt3fnimjbhtfl76ay7xmaveinqnniqwao:cas3j7gylgxmf6tdjbbyyse3hq6bbsmlnuq34t6tzmymw2evh34xowma:supply,supply,XLM,0,0,0,0,,0
2026-10-02T08:00:00.000Z,blend:v2.1:stellar:pool:cbakazuejbafa2dcgbrs2wkjt3fnimjbhtfl76ay7xmaveinqnniqwao:ccw67tszv3sss2hxmbq5jfgckjnxkzm7uquwuzputhxstzleo7sjmi75:borrow,borrow,USDC,0.030453263600551006,0,0.030453263600551006,0,0,0
2026-10-02T08:00:00.000Z,blend:v2.1:stellar:pool:cbakazuejbafa2dcgbrs2wkjt3fnimjbhtfl76ay7xmaveinqnniqwao:ccw67tszv3sss2hxmbq5jfgckjnxkzm7uquwuzputhxstzleo7sjmi75:supply,supply,USDC,0,0,0,0,,0
2026-10-02T08:00:00.000Z,blend:v2.1:stellar:pool:cbakazuejbafa2dcgbrs2wkjt3fnimjbhtfl76ay7xmaveinqnniqwao:cdtkpwplourqa2sgtktuqowrcbzeorb4bwbomj3d3ztqqsge5f6jbqlv:borrow,borrow,EURC,0.030453263600551006,0,0.030453263600551006,0,0,0
2026-10-02T08:00:00.000Z,blend:v2.1:stellar:pool:cbakazuejbafa2dcgbrs2wkjt3fnimjbhtfl76ay7xmaveinqnniqwao:cdtkpwplourqa2sgtktuqowrcbzeorb4bwbomj3d3ztqqsge5f6jbqlv:supply,supply,EURC,0,0,0,0,,0
2026-10-02T09:00:00.000Z,blend:v2.1:stellar:pool:cbakazuejbafa2dcgbrs2wkjt3fnimjbhtfl76ay7xmaveinqnniqwao:cas3j7gylgxmf6tdjbbyyse3hq6bbsmlnuq34t6tzmymw2evh34xowma:borrow,borrow,XLM,0.010050028723681548,0,0.010050028723681548,0,0,0
2026-10-02T09:00:00.000Z,blend:v2.1:stellar:pool:cbakazuejbafa2dcgbrs2wkjt3fnimjbhtfl76ay7xmaveinqnniqwao:cas3j7gylgxmf6tdjbbyyse3hq6bbsmlnuq34t6tzmymw2evh34xowma:supply,supply,XLM,0,0,0,0,,0
2026-10-02T09:00:00.000Z,blend:v2.1:stellar:pool:cbakazuejbafa2dcgbrs2wkjt3fnimjbhtfl76ay7xmaveinqnniqwao:ccw67tszv3sss2hxmbq5jfgckjnxkzm7uquwuzputhxstzleo7sjmi75:borrow,borrow,USDC,0.030453263600551006,0,0.030453263600551006,0,0,0
2026-10-02T09:00:00.000Z,blend:v2.1:stellar:pool:cbakazuejbafa2dcgbrs2wkjt3fnimjbhtfl76ay7xmaveinqnniqwao:ccw67tszv3sss2hxmbq5jfgckjnxkzm7uquwuzputhxstzleo7sjmi75:supply,supply,USDC,0,0,0,0,,0
2026-10-02T09:00:00.000Z,blend:v2.1:stellar:pool:cbakazuejbafa2dcgbrs2wkjt3fnimjbhtfl76ay7xmaveinqnniqwao:cdtkpwplourqa2sgtktuqowrcbzeorb4bwbomj3d3ztqqsge5f6jbqlv:borrow,borrow,EURC,0.030453263600551006,0,0.030453263600551006,0,0,0
2026-10-02T09:00:00.000Z,blend:v2.1:stellar:pool:cbakazuejbafa2dcgbrs2wkjt3fnimjbhtfl76ay7xmaveinqnniqwao:cdtkpwplourqa2sgtktuqowrcbzeorb4bwbomj3d3ztqqsge5f6jbqlv:supply,supply,EURC,0,0,0,0,,0
2026-10-02T10:00:00.000Z,blend:v2.1:stellar:pool:cbakazuejbafa2dcgbrs2wkjt3fnimjbhtfl76ay7xmaveinqnniqwao:cas3j7gylgxmf6tdjbbyyse3hq6bbsmlnuq34t6tzmymw2evh34xowma:borrow,borrow,XLM,0.010050028723681548,0,0.010050028723681548,0,0,0
2026-10-02T10:00:00.000Z,blend:v2.1:stellar:pool:cbakazuejbafa2dcgbrs2wkjt3fnimjbhtfl76ay7xmaveinqnniqwao:cas3j7gylgxmf6tdjbbyyse3hq6bbsmlnuq34t6tzmymw2evh34xowma:supply,supply,XLM,0,0,0,0,,0
2026-10-02T10:00:00.000Z,blend:v2.1:stellar:pool:cbakazuejbafa2dcgbrs2wkjt3fnimjbhtfl76ay7xmaveinqnniqwao:ccw67tszv3sss2hxmbq5jfgckjnxkzm7uquwuzputhxstzleo7sjmi75:borrow,borrow,USDC,0.030453263600551006,0,0.030453263600551006,0,0,0
2026-10-02T10:00:00.000Z,blend:v2.1:stellar:pool:cbakazuejbafa2dcgbrs2wkjt3fnimjbhtfl76ay7xmaveinqnniqwao:ccw67tszv3sss2hxmbq5jfgckjnxkzm7uquwuzputhxstzleo7sjmi75:supply,supply,USDC,0,0,0,0,,0
2026-10-02T10:00:00.000Z,blend:v2.1:stellar:pool:cbakazuejbafa2dcgbrs2wkjt3fnimjbhtfl76ay7xmaveinqnniqwao:cdtkpwplourqa2sgtktuqowrcbzeorb4bwbomj3d3ztqqsge5f6jbqlv:borrow,borrow,EURC,0.030453263600551006,0,0.030453263600551006,0,0,0
2026-10-02T10:00:00.000Z,blend:v2.1:stellar:pool:cbakazuejbafa2dcgbrs2wkjt3fnimjbhtfl76ay7xmaveinqnniqwao:cdtkpwplourqa2sgtktuqowrcbzeorb4bwbomj3d3ztqqsge5f6jbqlv:supply,supply,EURC,0,0,0,0,,0
2026-10-02T11:00:00.000Z,blend:v2.1:stellar:pool:cbakazuejbafa2dcgbrs2wkjt3fnimjbhtfl76ay7xmaveinqnniqwao:cas3j7gylgxmf6tdjbbyyse3hq6bbsmlnuq34t6tzmymw2evh34xowma:borrow,borrow,XLM,0.010050028723681548,0,0.010050028723681548,0,0,0
2026-10-02T11:00:00.000Z,blend:v2.1:stellar:pool:cbakazuejbafa2dcgbrs2wkjt3fnimjbhtfl76ay7xmaveinqnniqwao:cas3j7gylgxmf6tdjbbyyse3hq6bbsmlnuq34t6tzmymw2evh34xowma:supply,supply,XLM,0,0,0,0,,0
2026-10-02T11:00:00.000Z,blend:v2.1:stellar:pool:cbakazuejbafa2dcgbrs2wkjt3fnimjbhtfl76ay7xmaveinqnniqwao:ccw67tszv3sss2hxmbq5jfgckjnxkzm7uquwuzputhxstzleo7sjmi75:borrow,borrow,USDC,0.030453263600551006,0,0.030453263600551006,0,0,0
2026-10-02T11:00:00.000Z,blend:v2.1:stellar:pool:cbakazuejbafa2dcgbrs2wkjt3fnimjbhtfl76ay7xmaveinqnniqwao:ccw67tszv3sss2hxmbq5jfgckjnxkzm7uquwuzputhxstzleo7sjmi75:supply,supply,USDC,0,0,0,0,,0
2026-10-02T11:00:00.000Z,blend:v2.1:stellar:pool:cbakazuejbafa2dcgbrs2wkjt3fnimjbhtfl76ay7xmaveinqnniqwao:cdtkpwplourqa2sgtktuqowrcbzeorb4bwbomj3d3ztqqsge5f6jbqlv:borrow,borrow,EURC,0.030453263600551006,0,0.030453263600551006,0,0,0
2026-10-02T11:00:00.000Z,blend:v2.1:stellar:pool:cbakazuejbafa2dcgbrs2wkjt3fnimjbhtfl76ay7xmaveinqnniqwao:cdtkpwplourqa2sgtktuqowrcbzeorb4bwbomj3d3ztqqsge5f6jbqlv:supply,supply,EURC,0,0,0,0,,0
2026-10-02T12:00:00.000Z,blend:v2.1:stellar:pool:cbakazuejbafa2dcgbrs2wkjt3fnimjbhtfl76ay7xmaveinqnniqwao:cas3j7gylgxmf6tdjbbyyse3hq6bbsmlnuq34t6tzmymw2evh34xowma:borrow,borrow,XLM,0.010050028723681548,0,0.010050028723681548,0,0,0
2026-10-02T12:00:00.000Z,blend:v2.1:stellar:pool:cbakazuejbafa2dcgbrs2wkjt3fnimjbhtfl76ay7xmaveinqnniqwao:cas3j7gylgxmf6tdjbbyyse3hq6bbsmlnuq34t6tzmymw2evh34xowma:supply,supply,XLM,0,0,0,0,,0
2026-10-02T12:00:00.000Z,blend:v2.1:stellar:pool:cbakazuejbafa2dcgbrs2wkjt3fnimjbhtfl76ay7xmaveinqnniqwao:ccw67tszv3sss2hxmbq5jfgckjnxkzm7uquwuzputhxstzleo7sjmi75:borrow,borrow,USDC,0.030453263600551006,0,0.030453263600551006,0,0,0
2026-10-02T12:00:00.000Z,blend:v2.1:stellar:pool:cbakazuejbafa2dcgbrs2wkjt3fnimjbhtfl76ay7xmaveinqnniqwao:ccw67tszv3sss2hxmbq5jfgckjnxkzm7uquwuzputhxstzleo7sjmi75:supply,supply,USDC,0,0,0,0,,0
2026-10-02T12:00:00.000Z,blend:v2.1:stellar:pool:cbakazuejbafa2dcgbrs2wkjt3fnimjbhtfl76ay7xmaveinqnniqwao:cdtkpwplourqa2sgtktuqowrcbzeorb4bwbomj3d3ztqqsge5f6jbqlv:borrow,borrow,EURC,0.030453263600551006,0,0.030453263600551006,0,0,0
2026-10-02T12:00:00.000Z,blend:v2.1:stellar:pool:cbakazuejbafa2dcgbrs2wkjt3fnimjbhtfl76ay7xmaveinqnniqwao:cdtkpwplourqa2sgtktuqowrcbzeorb4bwbomj3d3ztqqsge5f6jbqlv:supply,supply,EURC,0,0,0,0,,0
2026-10-02T13:00:00.000Z,blend:v2.1:stellar:pool:cbakazuejbafa2dcgbrs2wkjt3fnimjbhtfl76ay7xmaveinqnniqwao:cas3j7gylgxmf6tdjbbyyse3hq6bbsmlnuq34t6tzmymw2evh34xowma:borrow,borrow,XLM,0.010050028723681548,0,0.010050028723681548,0,0,0
2026-10-02T13:00:00.000Z,blend:v2.1:stellar:pool:cbakazuejbafa2dcgbrs2wkjt3fnimjbhtfl76ay7xmaveinqnniqwao:cas3j7gylgxmf6tdjbbyyse3hq6bbsmlnuq34t6tzmymw2evh34xowma:supply,supply,XLM,0,0,0,0,,0
2026-10-02T13:00:00.000Z,blend:v2.1:stellar:pool:cbakazuejbafa2dcgbrs2wkjt3fnimjbhtfl76ay7xmaveinqnniqwao:ccw67tszv3sss2hxmbq5jfgckjnxkzm7uquwuzputhxstzleo7sjmi75:borrow,borrow,USDC,0.030453263600551006,0,0.030453263600551006,0,0,0
2026-10-02T13:00:00.000Z,blend:v2.1:stellar:pool:cbakazuejbafa2dcgbrs2wkjt3fnimjbhtfl76ay7xmaveinqnniqwao:ccw67tszv3sss2hxmbq5jfgckjnxkzm7uquwuzputhxstzleo7sjmi75:supply,supply,USDC,0,0,0,0,,0
2026-10-02T13:00:00.000Z,blend:v2.1:stellar:pool:cbakazuejbafa2dcgbrs2wkjt3fnimjbhtfl76ay7xmaveinqnniqwao:cdtkpwplourqa2sgtktuqowrcbzeorb4bwbomj3d3ztqqsge5f6jbqlv:borrow,borrow,EURC,0.030453263600551006,0,0.030453263600551006,0,0,0
2026-10-02T13:00:00.000Z,blend:v2.1:stellar:pool:cbakazuejbafa2dcgbrs2wkjt3fnimjbhtfl76ay7xmaveinqnniqwao:cdtkpwplourqa2sgtktuqowrcbzeorb4bwbomj3d3ztqqsge5f6jbqlv:supply,supply,EURC,0,0,0,0,,0
2026-10-02T14:00:00.000Z,blend:v2.1:stellar:pool:cbakazuejbafa2dcgbrs2wkjt3fnimjbhtfl76ay7xmaveinqnniqwao:cas3j7gylgxmf6tdjbbyyse3hq6bbsmlnuq34t6tzmymw2evh34xowma:borrow,borrow,XLM,0.010050028723681548,0,0.010050028723681548,0,0,0
2026-10-02T14:00:00.000Z,blend:v2.1:stellar:pool:cbakazuejbafa2dcgbrs2wkjt3fnimjbhtfl76ay7xmaveinqnniqwao:cas3j7gylgxmf6tdjbbyyse3hq6bbsmlnuq34t6tzmymw2evh34xowma:supply,supply,XLM,0,0,0,0,,0
2026-10-02T14:00:00.000Z,blend:v2.1:stellar:pool:cbakazuejbafa2dcgbrs2wkjt3fnimjbhtfl76ay7xmaveinqnniqwao:ccw67tszv3sss2hxmbq5jfgckjnxkzm7uquwuzputhxstzleo7sjmi75:borrow,borrow,USDC,0.030453263600551006,0,0.030453263600551006,0,0,0
2026-10-02T14:00:00.000Z,blend:v2.1:stellar:pool:cbakazuejbafa2dcgbrs2wkjt3fnimjbhtfl76ay7xmaveinqnniqwao:ccw67tszv3sss2hxmbq5jfgckjnxkzm7uquwuzputhxstzleo7sjmi75:supply,supply,USDC,0,0,0,0,,0
2026-10-02T14:00:00.000Z,blend:v2.1:stellar:pool:cbakazuejbafa2dcgbrs2wkjt3fnimjbhtfl76ay7xmaveinqnniqwao:cdtkpwplourqa2sgtktuqowrcbzeorb4bwbomj3d3ztqqsge5f6jbqlv:borrow,borrow,EURC,0.030453263600551006,0,0.030453263600551006,0,0,0
2026-10-02T14:00:00.000Z,blend:v2.1:stellar:pool:cbakazuejbafa2dcgbrs2wkjt3fnimjbhtfl76ay7xmaveinqnniqwao:cdtkpwplourqa2sgtktuqowrcbzeorb4bwbomj3d3ztqqsge5f6jbqlv:supply,supply,EURC,0,0,0,0,,0
2026-10-02T15:00:00.000Z,blend:v2.1:stellar:pool:cbakazuejbafa2dcgbrs2wkjt3fnimjbhtfl76ay7xmaveinqnniqwao:cas3j7gylgxmf6tdjbbyyse3hq6bbsmlnuq34t6tzmymw2evh34xowma:borrow,borrow,XLM,0.010050028723681548,0,0.010050028723681548,0,0,0
2026-10-02T15:00:00.000Z,blend:v2.1:stellar:pool:cbakazuejbafa2dcgbrs2wkjt3fnimjbhtfl76ay7xmaveinqnniqwao:cas3j7gylgxmf6tdjbbyyse3hq6bbsmlnuq34t6tzmymw2evh34xowma:supply,supply,XLM,0,0,0,0,,0
2026-10-02T15:00:00.000Z,blend:v2.1:stellar:pool:cbakazuejbafa2dcgbrs2wkjt3fnimjbhtfl76ay7xmaveinqnniqwao:ccw67tszv3sss2hxmbq5jfgckjnxkzm7uquwuzputhxstzleo7sjmi75:borrow,borrow,USDC,0.030453263600551006,0,0.030453263600551006,0,0,0
2026-10-02T15:00:00.000Z,blend:v2.1:stellar:pool:cbakazuejbafa2dcgbrs2wkjt3fnimjbhtfl76ay7xmaveinqnniqwao:ccw67tszv3sss2hxmbq5jfgckjnxkzm7uquwuzputhxstzleo7sjmi75:supply,supply,USDC,0,0,0,0,,0
2026-10-02T15:00:00.000Z,blend:v2.1:stellar:pool:cbakazuejbafa2dcgbrs2wkjt3fnimjbhtfl76ay7xmaveinqnniqwao:cdtkpwplourqa2sgtktuqowrcbzeorb4bwbomj3d3ztqqsge5f6jbqlv:borrow,borrow,EURC,0.030453263600551006,0,0.030453263600551006,0,0,0
2026-10-02T15:00:00.000Z,blend:v2.1:stellar:pool:cbakazuejbafa2dcgbrs2wkjt3fnimjbhtfl76ay7xmaveinqnniqwao:cdtkpwplourqa2sgtktuqowrcbzeorb4bwbomj3d3ztqqsge5f6jbqlv:supply,supply,EURC,0,0,0,0,,0
2026-10-02T16:00:00.000Z,blend:v2.1:stellar:pool:cbakazuejbafa2dcgbrs2wkjt3fnimjbhtfl76ay7xmaveinqnniqwao:cas3j7gylgxmf6tdjbbyyse3hq6bbsmlnuq34t6tzmymw2evh34xowma:borrow,borrow,XLM,0.010050028723681548,0,0.010050028723681548,0,0,0
2026-10-02T16:00:00.000Z,blend:v2.1:stellar:pool:cbakazuejbafa2dcgbrs2wkjt3fnimjbhtfl76ay7xmaveinqnniqwao:cas3j7gylgxmf6tdjbbyyse3hq6bbsmlnuq34t6tzmymw2evh34xowma:supply,supply,XLM,0,0,0,0,,0
2026-10-02T16:00:00.000Z,blend:v2.1:stellar:pool:cbakazuejbafa2dcgbrs2wkjt3fnimjbhtfl76ay7xmaveinqnniqwao:ccw67tszv3sss2hxmbq5jfgckjnxkzm7uquwuzputhxstzleo7sjmi75:borrow,borrow,USDC,0.030453263600551006,0,0.030453263600551006,0,0,0
2026-10-02T16:00:00.000Z,blend:v2.1:stellar:pool:cbakazuejbafa2dcgbrs2wkjt3fnimjbhtfl76ay7xmaveinqnniqwao:ccw67tszv3sss2hxmbq5jfgckjnxkzm7uquwuzputhxstzleo7sjmi75:supply,supply,USDC,0,0,0,0,,0
2026-10-02T16:00:00.000Z,blend:v2.1:stellar:pool:cbakazuejbafa2dcgbrs2wkjt3fnimjbhtfl76ay7xmaveinqnniqwao:cdtkpwplourqa2sgtktuqowrcbzeorb4bwbomj3d3ztqqsge5f6jbqlv:borrow,borrow,EURC,0.030453263600551006,0,0.030453263600551006,0,0,0
2026-10-02T16:00:00.000Z,blend:v2.1:stellar:pool:cbakazuejbafa2dcgbrs2wkjt3fnimjbhtfl76ay7xmaveinqnniqwao:cdtkpwplourqa2sgtktuqowrcbzeorb4bwbomj3d3ztqqsge5f6jbqlv:supply,supply,EURC,0,0,0,0,,0
2026-10-02T17:00:00.000Z,blend:v2.1:stellar:pool:cbakazuejbafa2dcgbrs2wkjt3fnimjbhtfl76ay7xmaveinqnniqwao:cas3j7gylgxmf6tdjbbyyse3hq6bbsmlnuq34t6tzmymw2evh34xowma:borrow,borrow,XLM,0.010050028723681548,0,0.010050028723681548,0,0,0
2026-10-02T17:00:00.000Z,blend:v2.1:stellar:pool:cbakazuejbafa2dcgbrs2wkjt3fnimjbhtfl76ay7xmaveinqnniqwao:cas3j7gylgxmf6tdjbbyyse3hq6bbsmlnuq34t6tzmymw2evh34xowma:supply,supply,XLM,0,0,0,0,,0
2026-10-02T17:00:00.000Z,blend:v2.1:stellar:pool:cbakazuejbafa2dcgbrs2wkjt3fnimjbhtfl76ay7xmaveinqnniqwao:ccw67tszv3sss2hxmbq5jfgckjnxkzm7uquwuzputhxstzleo7sjmi75:borrow,borrow,USDC,0.030453263600551006,0,0.030453263600551006,0,0,0
2026-10-02T17:00:00.000Z,blend:v2.1:stellar:pool:cbakazuejbafa2dcgbrs2wkjt3fnimjbhtfl76ay7xmaveinqnniqwao:ccw67tszv3sss2hxmbq5jfgckjnxkzm7uquwuzputhxstzleo7sjmi75:supply,supply,USDC,0,0,0,0,,0
2026-10-02T17:00:00.000Z,blend:v2.1:stellar:pool:cbakazuejbafa2dcgbrs2wkjt3fnimjbhtfl76ay7xmaveinqnniqwao:cdtkpwplourqa2sgtktuqowrcbzeorb4bwbomj3d3ztqqsge5f6jbqlv:borrow,borrow,EURC,0.030453263600551006,0,0.030453263600551006,0,0,0
2026-10-02T17:00:00.000Z,blend:v2.1:stellar:pool:cbakazuejbafa2dcgbrs2wkjt3fnimjbhtfl76ay7xmaveinqnniqwao:cdtkpwplourqa2sgtktuqowrcbzeorb4bwbomj3d3ztqqsge5f6jbqlv:supply,supply,EURC,0,0,0,0,,0
2026-10-02T18:00:00.000Z,blend:v2.1:stellar:pool:cbakazuejbafa2dcgbrs2wkjt3fnimjbhtfl76ay7xmaveinqnniqwao:cas3j7gylgxmf6tdjbbyyse3hq6bbsmlnuq34t6tzmymw2evh34xowma:borrow,borrow,XLM,0.010050028723681548,0,0.010050028723681548,0,0,0
2026-10-02T18:00:00.000Z,blend:v2.1:stellar:pool:cbakazuejbafa2dcgbrs2wkjt3fnimjbhtfl76ay7xmaveinqnniqwao:cas3j7gylgxmf6tdjbbyyse3hq6bbsmlnuq34t6tzmymw2evh34xowma:supply,supply,XLM,0,0,0,0,,0
2026-10-02T18:00:00.000Z,blend:v2.1:stellar:pool:cbakazuejbafa2dcgbrs2wkjt3fnimjbhtfl76ay7xmaveinqnniqwao:ccw67tszv3sss2hxmbq5jfgckjnxkzm7uquwuzputhxstzleo7sjmi75:borrow,borrow,USDC,0.030453263600551006,0,0.030453263600551006,0,0,0
2026-10-02T18:00:00.000Z,blend:v2.1:stellar:pool:cbakazuejbafa2dcgbrs2wkjt3fnimjbhtfl76ay7xmaveinqnniqwao:ccw67tszv3sss2hxmbq5jfgckjnxkzm7uquwuzputhxstzleo7sjmi75:supply,supply,USDC,0,0,0,0,,0
2026-10-02T18:00:00.000Z,blend:v2.1:stellar:pool:cbakazuejbafa2dcgbrs2wkjt3fnimjbhtfl76ay7xmaveinqnniqwao:cdtkpwplourqa2sgtktuqowrcbzeorb4bwbomj3d3ztqqsge5f6jbqlv:borrow,borrow,EURC,0.030453263600551006,0,0.030453263600551006,0,0,0
2026-10-02T18:00:00.000Z,blend:v2.1:stellar:pool:cbakazuejbafa2dcgbrs2wkjt3fnimjbhtfl76ay7xmaveinqnniqwao:cdtkpwplourqa2sgtktuqowrcbzeorb4bwbomj3d3ztqqsge5f6jbqlv:supply,supply,EURC,0,0,0,0,,0
2026-10-02T19:00:00.000Z,blend:v2.1:stellar:pool:cbakazuejbafa2dcgbrs2wkjt3fnimjbhtfl76ay7xmaveinqnniqwao:cas3j7gylgxmf6tdjbbyyse3hq6bbsmlnuq34t6tzmymw2evh34xowma:borrow,borrow,XLM,0.010050028723681548,0,0.010050028723681548,0,0,0
2026-10-02T19:00:00.000Z,blend:v2.1:stellar:pool:cbakazuejbafa2dcgbrs2wkjt3fnimjbhtfl76ay7xmaveinqnniqwao:cas3j7gylgxmf6tdjbbyyse3hq6bbsmlnuq34t6tzmymw2evh34xowma:supply,supply,XLM,0,0,0,0,,0
2026-10-02T19:00:00.000Z,blend:v2.1:stellar:pool:cbakazuejbafa2dcgbrs2wkjt3fnimjbhtfl76ay7xmaveinqnniqwao:ccw67tszv3sss2hxmbq5jfgckjnxkzm7uquwuzputhxstzleo7sjmi75:borrow,borrow,USDC,0.030453263600551006,0,0.030453263600551006,0,0,0
2026-10-02T19:00:00.000Z,blend:v2.1:stellar:pool:cbakazuejbafa2dcgbrs2wkjt3fnimjbhtfl76ay7xmaveinqnniqwao:ccw67tszv3sss2hxmbq5jfgckjnxkzm7uquwuzputhxstzleo7sjmi75:supply,supply,USDC,0,0,0,0,,0
2026-10-02T19:00:00.000Z,blend:v2.1:stellar:pool:cbakazuejbafa2dcgbrs2wkjt3fnimjbhtfl76ay7xmaveinqnniqwao:cdtkpwplourqa2sgtktuqowrcbzeorb4bwbomj3d3ztqqsge5f6jbqlv:borrow,borrow,EURC,0.030453263600551006,0,0.030453263600551006,0,0,0
2026-10-02T19:00:00.000Z,blend:v2.1:stellar:pool:cbakazuejbafa2dcgbrs2wkjt3fnimjbhtfl76ay7xmaveinqnniqwao:cdtkpwplourqa2sgtktuqowrcbzeorb4bwbomj3d3ztqqsge5f6jbqlv:supply,supply,EURC,0,0,0,0,,0
2026-10-02T20:00:00.000Z,blend:v2.1:stellar:pool:cbakazuejbafa2dcgbrs2wkjt3fnimjbhtfl76ay7xmaveinqnniqwao:cas3j7gylgxmf6tdjbbyyse3hq6bbsmlnuq34t6tzmymw2evh34xowma:borrow,borrow,XLM,0.010050028723681548,0,0.010050028723681548,0,0,0
2026-10-02T20:00:00.000Z,blend:v2.1:stellar:pool:cbakazuejbafa2dcgbrs2wkjt3fnimjbhtfl76ay7xmaveinqnniqwao:cas3j7gylgxmf6tdjbbyyse3hq6bbsmlnuq34t6tzmymw2evh34xowma:supply,supply,XLM,0,0,0,0,,0
2026-10-02T20:00:00.000Z,blend:v2.1:stellar:pool:cbakazuejbafa2dcgbrs2wkjt3fnimjbhtfl76ay7xmaveinqnniqwao:ccw67tszv3sss2hxmbq5jfgckjnxkzm7uquwuzputhxstzleo7sjmi75:borrow,borrow,USDC,0.030453263600551006,0,0.030453263600551006,0,0,0
2026-10-02T20:00:00.000Z,blend:v2.1:stellar:pool:cbakazuejbafa2dcgbrs2wkjt3fnimjbhtfl76ay7xmaveinqnniqwao:ccw67tszv3sss2hxmbq5jfgckjnxkzm7uquwuzputhxstzleo7sjmi75:supply,supply,USDC,0,0,0,0,,0
2026-10-02T20:00:00.000Z,blend:v2.1:stellar:pool:cbakazuejbafa2dcgbrs2wkjt3fnimjbhtfl76ay7xmaveinqnniqwao:cdtkpwplourqa2sgtktuqowrcbzeorb4bwbomj3d3ztqqsge5f6jbqlv:borrow,borrow,EURC,0.030453263600551006,0,0.030453263600551006,0,0,0
2026-10-02T20:00:00.000Z,blend:v2.1:stellar:pool:cbakazuejbafa2dcgbrs2wkjt3fnimjbhtfl76ay7xmaveinqnniqwao:cdtkpwplourqa2sgtktuqowrcbzeorb4bwbomj3d3ztqqsge5f6jbqlv:supply,supply,EURC,0,0,0,0,,0
2026-10-02T21:00:00.000Z,blend:v2.1:stellar:pool:cbakazuejbafa2dcgbrs2wkjt3fnimjbhtfl76ay7xmaveinqnniqwao:cas3j7gylgxmf6tdjbbyyse3hq6bbsmlnuq34t6tzmymw2evh34xowma:borrow,borrow,XLM,0.010050028723681548,0,0.010050028723681548,0,0,0
2026-10-02T21:00:00.000Z,blend:v2.1:stellar:pool:cbakazuejbafa2dcgbrs2wkjt3fnimjbhtfl76ay7xmaveinqnniqwao:cas3j7gylgxmf6tdjbbyyse3hq6bbsmlnuq34t6tzmymw2evh34xowma:supply,supply,XLM,0,0,0,0,,0
2026-10-02T21:00:00.000Z,blend:v2.1:stellar:pool:cbakazuejbafa2dcgbrs2wkjt3fnimjbhtfl76ay7xmaveinqnniqwao:ccw67tszv3sss2hxmbq5jfgckjnxkzm7uquwuzputhxstzleo7sjmi75:borrow,borrow,USDC,0.030453263600551006,0,0.030453263600551006,0,0,0
2026-10-02T21:00:00.000Z,blend:v2.1:stellar:pool:cbakazuejbafa2dcgbrs2wkjt3fnimjbhtfl76ay7xmaveinqnniqwao:ccw67tszv3sss2hxmbq5jfgckjnxkzm7uquwuzputhxstzleo7sjmi75:supply,supply,USDC,0,0,0,0,,0
2026-10-02T21:00:00.000Z,blend:v2.1:stellar:pool:cbakazuejbafa2dcgbrs2wkjt3fnimjbhtfl76ay7xmaveinqnniqwao:cdtkpwplourqa2sgtktuqowrcbzeorb4bwbomj3d3ztqqsge5f6jbqlv:borrow,borrow,EURC,0.030453263600551006,0,0.030453263600551006,0,0,0
2026-10-02T21:00:00.000Z,blend:v2.1:stellar:pool:cbakazuejbafa2dcgbrs2wkjt3fnimjbhtfl76ay7xmaveinqnniqwao:cdtkpwplourqa2sgtktuqowrcbzeorb4bwbomj3d3ztqqsge5f6jbqlv:supply,supply,EURC,0,0,0,0,,0
2026-10-02T22:00:00.000Z,blend:v2.1:stellar:pool:cbakazuejbafa2dcgbrs2wkjt3fnimjbhtfl76ay7xmaveinqnniqwao:cas3j7gylgxmf6tdjbbyyse3hq6bbsmlnuq34t6tzmymw2evh34xowma:borrow,borrow,XLM,0.010050028723681548,0,0.010050028723681548,0,0,0
2026-10-02T22:00:00.000Z,blend:v2.1:stellar:pool:cbakazuejbafa2dcgbrs2wkjt3fnimjbhtfl76ay7xmaveinqnniqwao:cas3j7gylgxmf6tdjbbyyse3hq6bbsmlnuq34t6tzmymw2evh34xowma:supply,supply,XLM,0,0,0,0,,0
2026-10-02T22:00:00.000Z,blend:v2.1:stellar:pool:cbakazuejbafa2dcgbrs2wkjt3fnimjbhtfl76ay7xmaveinqnniqwao:ccw67tszv3sss2hxmbq5jfgckjnxkzm7uquwuzputhxstzleo7sjmi75:borrow,borrow,USDC,0.030453263600551006,0,0.030453263600551006,0,0,0
2026-10-02T22:00:00.000Z,blend:v2.1:stellar:pool:cbakazuejbafa2dcgbrs2wkjt3fnimjbhtfl76ay7xmaveinqnniqwao:ccw67tszv3sss2hxmbq5jfgckjnxkzm7uquwuzputhxstzleo7sjmi75:supply,supply,USDC,0,0,0,0,,0
2026-10-02T22:00:00.000Z,blend:v2.1:stellar:pool:cbakazuejbafa2dcgbrs2wkjt3fnimjbhtfl76ay7xmaveinqnniqwao:cdtkpwplourqa2sgtktuqowrcbzeorb4bwbomj3d3ztqqsge5f6jbqlv:borrow,borrow,EURC,0.030453263600551006,0,0.030453263600551006,0,0,0
2026-10-02T22:00:00.000Z,blend:v2.1:stellar:pool:cbakazuejbafa2dcgbrs2wkjt3fnimjbhtfl76ay7xmaveinqnniqwao:cdtkpwplourqa2sgtktuqowrcbzeorb4bwbomj3d3ztqqsge5f6jbqlv:supply,supply,EURC,0,0,0,0,,0
2026-10-02T23:00:00.000Z,blend:v2.1:stellar:pool:cbakazuejbafa2dcgbrs2wkjt3fnimjbhtfl76ay7xmaveinqnniqwao:cas3j7gylgxmf6tdjbbyyse3hq6bbsmlnuq34t6tzmymw2evh34xowma:borrow,borrow,XLM,0.010050028723681548,0,0.010050028723681548,0,0,0
2026-10-02T23:00:00.000Z,blend:v2.1:stellar:pool:cbakazuejbafa2dcgbrs2wkjt3fnimjbhtfl76ay7xmaveinqnniqwao:cas3j7gylgxmf6tdjbbyyse3hq6bbsmlnuq34t6tzmymw2evh34xowma:supply,supply,XLM,0,0,0,0,,0
2026-10-02T23:00:00.000Z,blend:v2.1:stellar:pool:cbakazuejbafa2dcgbrs2wkjt3fnimjbhtfl76ay7xmaveinqnniqwao:ccw67tszv3sss2hxmbq5jfgckjnxkzm7uquwuzputhxstzleo7sjmi75:borrow,borrow,USDC,0.030453263600551006,0,0.030453263600551006,0,0,0
2026-10-02T23:00:00.000Z,blend:v2.1:stellar:pool:cbakazuejbafa2dcgbrs2wkjt3fnimjbhtfl76ay7xmaveinqnniqwao:ccw67tszv3sss2hxmbq5jfgckjnxkzm7uquwuzputhxstzleo7sjmi75:supply,supply,USDC,0,0,0,0,,0
2026-10-02T23:00:00.000Z,blend:v2.1:stellar:pool:cbakazuejbafa2dcgbrs2wkjt3fnimjbhtfl76ay7xmaveinqnniqwao:cdtkpwplourqa2sgtktuqowrcbzeorb4bwbomj3d3ztqqsge5f6jbqlv:borrow,borrow,EURC,0.030453263600551006,0,0.030453263600551006,0,0,0
2026-10-02T23:00:00.000Z,blend:v2.1:stellar:pool:cbakazuejbafa2dcgbrs2wkjt3fnimjbhtfl76ay7xmaveinqnniqwao:cdtkpwplourqa2sgtktuqowrcbzeorb4bwbomj3d3ztqqsge5f6jbqlv:supply,supply,EURC,0,0,0,0,,0
2026-10-03T00:00:00.000Z,blend:v2.1:stellar:pool:cbakazuejbafa2dcgbrs2wkjt3fnimjbhtfl76ay7xmaveinqnniqwao:cas3j7gylgxmf6tdjbbyyse3hq6bbsmlnuq34t6tzmymw2evh34xowma:borrow,borrow,XLM,0.010050028723681548,0,0.010050028723681548,0,0,0
2026-10-03T00:00:00.000Z,blend:v2.1:stellar:pool:cbakazuejbafa2dcgbrs2wkjt3fnimjbhtfl76ay7xmaveinqnniqwao:cas3j7gylgxmf6tdjbbyyse3hq6bbsmlnuq34t6tzmymw2evh34xowma:supply,supply,XLM,0,0,0,0,,0
2026-10-03T00:00:00.000Z,blend:v2.1:stellar:pool:cbakazuejbafa2dcgbrs2wkjt3fnimjbhtfl76ay7xmaveinqnniqwao:ccw67tszv3sss2hxmbq5jfgckjnxkzm7uquwuzputhxstzleo7sjmi75:borrow,borrow,USDC,0.030453263600551006,0,0.030453263600551006,0,0,0
2026-10-03T00:00:00.000Z,blend:v2.1:stellar:pool:cbakazuejbafa2dcgbrs2wkjt3fnimjbhtfl76ay7xmaveinqnniqwao:ccw67tszv3sss2hxmbq5jfgckjnxkzm7uquwuzputhxstzleo7sjmi75:supply,supply,USDC,0,0,0,0,,0
2026-10-03T00:00:00.000Z,blend:v2.1:stellar:pool:cbakazuejbafa2dcgbrs2wkjt3fnimjbhtfl76ay7xmaveinqnniqwao:cdtkpwplourqa2sgtktuqowrcbzeorb4bwbomj3d3ztqqsge5f6jbqlv:borrow,borrow,EURC,0.030453263600551006,0,0.030453263600551006,0,0,0
2026-10-03T00:00:00.000Z,blend:v2.1:stellar:pool:cbakazuejbafa2dcgbrs2wkjt3fnimjbhtfl76ay7xmaveinqnniqwao:cdtkpwplourqa2sgtktuqowrcbzeorb4bwbomj3d3ztqqsge5f6jbqlv:supply,supply,EURC,0,0,0,0,,0
2026-10-03T01:00:00.000Z,blend:v2.1:stellar:pool:cbakazuejbafa2dcgbrs2wkjt3fnimjbhtfl76ay7xmaveinqnniqwao:cas3j7gylgxmf6tdjbbyyse3hq6bbsmlnuq34t6tzmymw2evh34xowma:borrow,borrow,XLM,0.010050028723681548,0,0.010050028723681548,0,0,0
2026-10-03T01:00:00.000Z,blend:v2.1:stellar:pool:cbakazuejbafa2dcgbrs2wkjt3fnimjbhtfl76ay7xmaveinqnniqwao:cas3j7gylgxmf6tdjbbyyse3hq6bbsmlnuq34t6tzmymw2evh34xowma:supply,supply,XLM,0,0,0,0,,0
2026-10-03T01:00:00.000Z,blend:v2.1:stellar:pool:cbakazuejbafa2dcgbrs2wkjt3fnimjbhtfl76ay7xmaveinqnniqwao:ccw67tszv3sss2hxmbq5jfgckjnxkzm7uquwuzputhxstzleo7sjmi75:borrow,borrow,USDC,0.030453263600551006,0,0.030453263600551006,0,0,0
2026-10-03T01:00:00.000Z,blend:v2.1:stellar:pool:cbakazuejbafa2dcgbrs2wkjt3fnimjbhtfl76ay7xmaveinqnniqwao:ccw67tszv3sss2hxmbq5jfgckjnxkzm7uquwuzputhxstzleo7sjmi75:supply,supply,USDC,0,0,0,0,,0
2026-10-03T01:00:00.000Z,blend:v2.1:stellar:pool:cbakazuejbafa2dcgbrs2wkjt3fnimjbhtfl76ay7xmaveinqnniqwao:cdtkpwplourqa2sgtktuqowrcbzeorb4bwbomj3d3ztqqsge5f6jbqlv:borrow,borrow,EURC,0.030453263600551006,0,0.030453263600551006,0,0,0
2026-10-03T01:00:00.000Z,blend:v2.1:stellar:pool:cbakazuejbafa2dcgbrs2wkjt3fnimjbhtfl76ay7xmaveinqnniqwao:cdtkpwplourqa2sgtktuqowrcbzeorb4bwbomj3d3ztqqsge5f6jbqlv:supply,supply,EURC,0,0,0,0,,0
2026-10-03T02:00:00.000Z,blend:v2.1:stellar:pool:cbakazuejbafa2dcgbrs2wkjt3fnimjbhtfl76ay7xmaveinqnniqwao:cas3j7gylgxmf6tdjbbyyse3hq6bbsmlnuq34t6tzmymw2evh34xowma:borrow,borrow,XLM,0.010050028723681548,0,0.010050028723681548,0,0,0
2026-10-03T02:00:00.000Z,blend:v2.1:stellar:pool:cbakazuejbafa2dcgbrs2wkjt3fnimjbhtfl76ay7xmaveinqnniqwao:cas3j7gylgxmf6tdjbbyyse3hq6bbsmlnuq34t6tzmymw2evh34xowma:supply,supply,XLM,0,0,0,0,,0
2026-10-03T02:00:00.000Z,blend:v2.1:stellar:pool:cbakazuejbafa2dcgbrs2wkjt3fnimjbhtfl76ay7xmaveinqnniqwao:ccw67tszv3sss2hxmbq5jfgckjnxkzm7uquwuzputhxstzleo7sjmi75:borrow,borrow,USDC,0.030453263600551006,0,0.030453263600551006,0,0,0
2026-10-03T02:00:00.000Z,blend:v2.1:stellar:pool:cbakazuejbafa2dcgbrs2wkjt3fnimjbhtfl76ay7xmaveinqnniqwao:ccw67tszv3sss2hxmbq5jfgckjnxkzm7uquwuzputhxstzleo7sjmi75:supply,supply,USDC,0,0,0,0,,0
2026-10-03T02:00:00.000Z,blend:v2.1:stellar:pool:cbakazuejbafa2dcgbrs2wkjt3fnimjbhtfl76ay7xmaveinqnniqwao:cdtkpwplourqa2sgtktuqowrcbzeorb4bwbomj3d3ztqqsge5f6jbqlv:borrow,borrow,EURC,0.030453263600551006,0,0.030453263600551006,0,0,0
2026-10-03T02:00:00.000Z,blend:v2.1:stellar:pool:cbakazuejbafa2dcgbrs2wkjt3fnimjbhtfl76ay7xmaveinqnniqwao:cdtkpwplourqa2sgtktuqowrcbzeorb4bwbomj3d3ztqqsge5f6jbqlv:supply,supply,EURC,0,0,0,0,,0
2026-10-03T03:00:00.000Z,blend:v2.1:stellar:pool:cbakazuejbafa2dcgbrs2wkjt3fnimjbhtfl76ay7xmaveinqnniqwao:cas3j7gylgxmf6tdjbbyyse3hq6bbsmlnuq34t6tzmymw2evh34xowma:borrow,borrow,XLM,0.010050028723681548,0,0.010050028723681548,0,0,0
2026-10-03T03:00:00.000Z,blend:v2.1:stellar:pool:cbakazuejbafa2dcgbrs2wkjt3fnimjbhtfl76ay7xmaveinqnniqwao:cas3j7gylgxmf6tdjbbyyse3hq6bbsmlnuq34t6tzmymw2evh34xowma:supply,supply,XLM,0,0,0,0,,0
2026-10-03T03:00:00.000Z,blend:v2.1:stellar:pool:cbakazuejbafa2dcgbrs2wkjt3fnimjbhtfl76ay7xmaveinqnniqwao:ccw67tszv3sss2hxmbq5jfgckjnxkzm7uquwuzputhxstzleo7sjmi75:borrow,borrow,USDC,0.030453263600551006,0,0.030453263600551006,0,0,0
2026-10-03T03:00:00.000Z,blend:v2.1:stellar:pool:cbakazuejbafa2dcgbrs2wkjt3fnimjbhtfl76ay7xmaveinqnniqwao:ccw67tszv3sss2hxmbq5jfgckjnxkzm7uquwuzputhxstzleo7sjmi75:supply,supply,USDC,0,0,0,0,,0
2026-10-03T03:00:00.000Z,blend:v2.1:stellar:pool:cbakazuejbafa2dcgbrs2wkjt3fnimjbhtfl76ay7xmaveinqnniqwao:cdtkpwplourqa2sgtktuqowrcbzeorb4bwbomj3d3ztqqsge5f6jbqlv:borrow,borrow,EURC,0.030453263600551006,0,0.030453263600551006,0,0,0
2026-10-03T03:00:00.000Z,blend:v2.1:stellar:pool:cbakazuejbafa2dcgbrs2wkjt3fnimjbhtfl76ay7xmaveinqnniqwao:cdtkpwplourqa2sgtktuqowrcbzeorb4bwbomj3d3ztqqsge5f6jbqlv:supply,supply,EURC,0,0,0,0,,0
2026-10-03T04:00:00.000Z,blend:v2.1:stellar:pool:cbakazuejbafa2dcgbrs2wkjt3fnimjbhtfl76ay7xmaveinqnniqwao:cas3j7gylgxmf6tdjbbyyse3hq6bbsmlnuq34t6tzmymw2evh34xowma:borrow,borrow,XLM,0.010050028723681548,0,0.010050028723681548,0,0,0
2026-10-03T04:00:00.000Z,blend:v2.1:stellar:pool:cbakazuejbafa2dcgbrs2wkjt3fnimjbhtfl76ay7xmaveinqnniqwao:cas3j7gylgxmf6tdjbbyyse3hq6bbsmlnuq34t6tzmymw2evh34xowma:supply,supply,XLM,0,0,0,0,,0
2026-10-03T04:00:00.000Z,blend:v2.1:stellar:pool:cbakazuejbafa2dcgbrs2wkjt3fnimjbhtfl76ay7xmaveinqnniqwao:ccw67tszv3sss2hxmbq5jfgckjnxkzm7uquwuzputhxstzleo7sjmi75:borrow,borrow,USDC,0.030453263600551006,0,0.030453263600551006,0,0,0
2026-10-03T04:00:00.000Z,blend:v2.1:stellar:pool:cbakazuejbafa2dcgbrs2wkjt3fnimjbhtfl76ay7xmaveinqnniqwao:ccw67tszv3sss2hxmbq5jfgckjnxkzm7uquwuzputhxstzleo7sjmi75:supply,supply,USDC,0,0,0,0,,0
2026-10-03T04:00:00.000Z,blend:v2.1:stellar:pool:cbakazuejbafa2dcgbrs2wkjt3fnimjbhtfl76ay7xmaveinqnniqwao:cdtkpwplourqa2sgtktuqowrcbzeorb4bwbomj3d3ztqqsge5f6jbqlv:borrow,borrow,EURC,0.030453263600551006,0,0.030453263600551006,0,0,0
2026-10-03T04:00:00.000Z,blend:v2.1:stellar:pool:cbakazuejbafa2dcgbrs2wkjt3fnimjbhtfl76ay7xmaveinqnniqwao:cdtkpwplourqa2sgtktuqowrcbzeorb4bwbomj3d3ztqqsge5f6jbqlv:supply,supply,EURC,0,0,0,0,,0
2026-10-03T05:00:00.000Z,blend:v2.1:stellar:pool:cbakazuejbafa2dcgbrs2wkjt3fnimjbhtfl76ay7xmaveinqnniqwao:cas3j7gylgxmf6tdjbbyyse3hq6bbsmlnuq34t6tzmymw2evh34xowma:borrow,borrow,XLM,0.010050028723681548,0,0.010050028723681548,0,0,0
2026-10-03T05:00:00.000Z,blend:v2.1:stellar:pool:cbakazuejbafa2dcgbrs2wkjt3fnimjbhtfl76ay7xmaveinqnniqwao:cas3j7gylgxmf6tdjbbyyse3hq6bbsmlnuq34t6tzmymw2evh34xowma:supply,supply,XLM,0,0,0,0,,0
2026-10-03T05:00:00.000Z,blend:v2.1:stellar:pool:cbakazuejbafa2dcgbrs2wkjt3fnimjbhtfl76ay7xmaveinqnniqwao:ccw67tszv3sss2hxmbq5jfgckjnxkzm7uquwuzputhxstzleo7sjmi75:borrow,borrow,USDC,0.030453263600551006,0,0.030453263600551006,0,0,0
2026-10-03T05:00:00.000Z,blend:v2.1:stellar:pool:cbakazuejbafa2dcgbrs2wkjt3fnimjbhtfl76ay7xmaveinqnniqwao:ccw67tszv3sss2hxmbq5jfgckjnxkzm7uquwuzputhxstzleo7sjmi75:supply,supply,USDC,0,0,0,0,,0
2026-10-03T05:00:00.000Z,blend:v2.1:stellar:pool:cbakazuejbafa2dcgbrs2wkjt3fnimjbhtfl76ay7xmaveinqnniqwao:cdtkpwplourqa2sgtktuqowrcbzeorb4bwbomj3d3ztqqsge5f6jbqlv:borrow,borrow,EURC,0.030453263600551006,0,0.030453263600551006,0,0,0
2026-10-03T05:00:00.000Z,blend:v2.1:stellar:pool:cbakazuejbafa2dcgbrs2wkjt3fnimjbhtfl76ay7xmaveinqnniqwao:cdtkpwplourqa2sgtktuqowrcbzeorb4bwbomj3d3ztqqsge5f6jbqlv:supply,supply,EURC,0,0,0,0,,0
2026-10-03T06:00:00.000Z,blend:v2.1:stellar:pool:cbakazuejbafa2dcgbrs2wkjt3fnimjbhtfl76ay7xmaveinqnniqwao:cas3j7gylgxmf6tdjbbyyse3hq6bbsmlnuq34t6tzmymw2evh34xowma:borrow,borrow,XLM,0.010050028723681548,0,0.010050028723681548,0,0,0
2026-10-03T06:00:00.000Z,blend:v2.1:stellar:pool:cbakazuejbafa2dcgbrs2wkjt3fnimjbhtfl76ay7xmaveinqnniqwao:cas3j7gylgxmf6tdjbbyyse3hq6bbsmlnuq34t6tzmymw2evh34xowma:supply,supply,XLM,0,0,0,0,,0
2026-10-03T06:00:00.000Z,blend:v2.1:stellar:pool:cbakazuejbafa2dcgbrs2wkjt3fnimjbhtfl76ay7xmaveinqnniqwao:ccw67tszv3sss2hxmbq5jfgckjnxkzm7uquwuzputhxstzleo7sjmi75:borrow,borrow,USDC,0.030453263600551006,0,0.030453263600551006,0,0,0
2026-10-03T06:00:00.000Z,blend:v2.1:stellar:pool:cbakazuejbafa2dcgbrs2wkjt3fnimjbhtfl76ay7xmaveinqnniqwao:ccw67tszv3sss2hxmbq5jfgckjnxkzm7uquwuzputhxstzleo7sjmi75:supply,supply,USDC,0,0,0,0,,0
2026-10-03T06:00:00.000Z,blend:v2.1:stellar:pool:cbakazuejbafa2dcgbrs2wkjt3fnimjbhtfl76ay7xmaveinqnniqwao:cdtkpwplourqa2sgtktuqowrcbzeorb4bwbomj3d3ztqqsge5f6jbqlv:borrow,borrow,EURC,0.030453263600551006,0,0.030453263600551006,0,0,0
2026-10-03T06:00:00.000Z,blend:v2.1:stellar:pool:cbakazuejbafa2dcgbrs2wkjt3fnimjbhtfl76ay7xmaveinqnniqwao:cdtkpwplourqa2sgtktuqowrcbzeorb4bwbomj3d3ztqqsge5f6jbqlv:supply,supply,EURC,0,0,0,0,,0
2026-10-03T07:00:00.000Z,blend:v2.1:stellar:pool:cbakazuejbafa2dcgbrs2wkjt3fnimjbhtfl76ay7xmaveinqnniqwao:cas3j7gylgxmf6tdjbbyyse3hq6bbsmlnuq34t6tzmymw2evh34xowma:borrow,borrow,XLM,0.010050028723681548,0,0.010050028723681548,0,0,0
2026-10-03T07:00:00.000Z,blend:v2.1:stellar:pool:cbakazuejbafa2dcgbrs2wkjt3fnimjbhtfl76ay7xmaveinqnniqwao:cas3j7gylgxmf6tdjbbyyse3hq6bbsmlnuq34t6tzmymw2evh34xowma:supply,supply,XLM,0,0,0,0,,0
2026-10-03T07:00:00.000Z,blend:v2.1:stellar:pool:cbakazuejbafa2dcgbrs2wkjt3fnimjbhtfl76ay7xmaveinqnniqwao:ccw67tszv3sss2hxmbq5jfgckjnxkzm7uquwuzputhxstzleo7sjmi75:borrow,borrow,USDC,0.030453263600551006,0,0.030453263600551006,0,0,0
2026-10-03T07:00:00.000Z,blend:v2.1:stellar:pool:cbakazuejbafa2dcgbrs2wkjt3fnimjbhtfl76ay7xmaveinqnniqwao:ccw67tszv3sss2hxmbq5jfgckjnxkzm7uquwuzputhxstzleo7sjmi75:supply,supply,USDC,0,0,0,0,,0
2026-10-03T07:00:00.000Z,blend:v2.1:stellar:pool:cbakazuejbafa2dcgbrs2wkjt3fnimjbhtfl76ay7xmaveinqnniqwao:cdtkpwplourqa2sgtktuqowrcbzeorb4bwbomj3d3ztqqsge5f6jbqlv:borrow,borrow,EURC,0.030453263600551006,0,0.030453263600551006,0,0,0
2026-10-03T07:00:00.000Z,blend:v2.1:stellar:pool:cbakazuejbafa2dcgbrs2wkjt3fnimjbhtfl76ay7xmaveinqnniqwao:cdtkpwplourqa2sgtktuqowrcbzeorb4bwbomj3d3ztqqsge5f6jbqlv:supply,supply,EURC,0,0,0,0,,0
2026-10-03T08:00:00.000Z,blend:v2.1:stellar:pool:cbakazuejbafa2dcgbrs2wkjt3fnimjbhtfl76ay7xmaveinqnniqwao:cas3j7gylgxmf6tdjbbyyse3hq6bbsmlnuq34t6tzmymw2evh34xowma:borrow,borrow,XLM,0.010050028723681548,0,0.010050028723681548,0,0,0
2026-10-03T08:00:00.000Z,blend:v2.1:stellar:pool:cbakazuejbafa2dcgbrs2wkjt3fnimjbhtfl76ay7xmaveinqnniqwao:cas3j7gylgxmf6tdjbbyyse3hq6bbsmlnuq34t6tzmymw2evh34xowma:supply,supply,XLM,0,0,0,0,,0
2026-10-03T08:00:00.000Z,blend:v2.1:stellar:pool:cbakazuejbafa2dcgbrs2wkjt3fnimjbhtfl76ay7xmaveinqnniqwao:ccw67tszv3sss2hxmbq5jfgckjnxkzm7uquwuzputhxstzleo7sjmi75:borrow,borrow,USDC,0.030453263600551006,0,0.030453263600551006,0,0,0
2026-10-03T08:00:00.000Z,blend:v2.1:stellar:pool:cbakazuejbafa2dcgbrs2wkjt3fnimjbhtfl76ay7xmaveinqnniqwao:ccw67tszv3sss2hxmbq5jfgckjnxkzm7uquwuzputhxstzleo7sjmi75:supply,supply,USDC,0,0,0,0,,0
2026-10-03T08:00:00.000Z,blend:v2.1:stellar:pool:cbakazuejbafa2dcgbrs2wkjt3fnimjbhtfl76ay7xmaveinqnniqwao:cdtkpwplourqa2sgtktuqowrcbzeorb4bwbomj3d3ztqqsge5f6jbqlv:borrow,borrow,EURC,0.030453263600551006,0,0.030453263600551006,0,0,0
2026-10-03T08:00:00.000Z,blend:v2.1:stellar:pool:cbakazuejbafa2dcgbrs2wkjt3fnimjbhtfl76ay7xmaveinqnniqwao:cdtkpwplourqa2sgtktuqowrcbzeorb4bwbomj3d3ztqqsge5f6jbqlv:supply,supply,EURC,0,0,0,0,,0
2026-10-03T09:00:00.000Z,blend:v2.1:stellar:pool:cbakazuejbafa2dcgbrs2wkjt3fnimjbhtfl76ay7xmaveinqnniqwao:cas3j7gylgxmf6tdjbbyyse3hq6bbsmlnuq34t6tzmymw2evh34xowma:borrow,borrow,XLM,0.010050028723681548,0,0.010050028723681548,0,0,0
2026-10-03T09:00:00.000Z,blend:v2.1:stellar:pool:cbakazuejbafa2dcgbrs2wkjt3fnimjbhtfl76ay7xmaveinqnniqwao:cas3j7gylgxmf6tdjbbyyse3hq6bbsmlnuq34t6tzmymw2evh34xowma:supply,supply,XLM,0,0,0,0,,0
2026-10-03T09:00:00.000Z,blend:v2.1:stellar:pool:cbakazuejbafa2dcgbrs2wkjt3fnimjbhtfl76ay7xmaveinqnniqwao:ccw67tszv3sss2hxmbq5jfgckjnxkzm7uquwuzputhxstzleo7sjmi75:borrow,borrow,USDC,0.030453263600551006,0,0.030453263600551006,0,0,0
2026-10-03T09:00:00.000Z,blend:v2.1:stellar:pool:cbakazuejbafa2dcgbrs2wkjt3fnimjbhtfl76ay7xmaveinqnniqwao:ccw67tszv3sss2hxmbq5jfgckjnxkzm7uquwuzputhxstzleo7sjmi75:supply,supply,USDC,0,0,0,0,,0
2026-10-03T09:00:00.000Z,blend:v2.1:stellar:pool:cbakazuejbafa2dcgbrs2wkjt3fnimjbhtfl76ay7xmaveinqnniqwao:cdtkpwplourqa2sgtktuqowrcbzeorb4bwbomj3d3ztqqsge5f6jbqlv:borrow,borrow,EURC,0.030453263600551006,0,0.030453263600551006,0,0,0
2026-10-03T09:00:00.000Z,blend:v2.1:stellar:pool:cbakazuejbafa2dcgbrs2wkjt3fnimjbhtfl76ay7xmaveinqnniqwao:cdtkpwplourqa2sgtktuqowrcbzeorb4bwbomj3d3ztqqsge5f6jbqlv:supply,supply,EURC,0,0,0,0,,0
2026-10-03T10:00:00.000Z,blend:v2.1:stellar:pool:cbakazuejbafa2dcgbrs2wkjt3fnimjbhtfl76ay7xmaveinqnniqwao:cas3j7gylgxmf6tdjbbyyse3hq6bbsmlnuq34t6tzmymw2evh34xowma:borrow,borrow,XLM,0.010050028723681548,0,0.010050028723681548,0,0,0
2026-10-03T10:00:00.000Z,blend:v2.1:stellar:pool:cbakazuejbafa2dcgbrs2wkjt3fnimjbhtfl76ay7xmaveinqnniqwao:cas3j7gylgxmf6tdjbbyyse3hq6bbsmlnuq34t6tzmymw2evh34xowma:supply,supply,XLM,0,0,0,0,,0
2026-10-03T10:00:00.000Z,blend:v2.1:stellar:pool:cbakazuejbafa2dcgbrs2wkjt3fnimjbhtfl76ay7xmaveinqnniqwao:ccw67tszv3sss2hxmbq5jfgckjnxkzm7uquwuzputhxstzleo7sjmi75:borrow,borrow,USDC,0.030453263600551006,0,0.030453263600551006,0,0,0
2026-10-03T10:00:00.000Z,blend:v2.1:stellar:pool:cbakazuejbafa2dcgbrs2wkjt3fnimjbhtfl76ay7xmaveinqnniqwao:ccw67tszv3sss2hxmbq5jfgckjnxkzm7uquwuzputhxstzleo7sjmi75:supply,supply,USDC,0,0,0,0,,0
2026-10-03T10:00:00.000Z,blend:v2.1:stellar:pool:cbakazuejbafa2dcgbrs2wkjt3fnimjbhtfl76ay7xmaveinqnniqwao:cdtkpwplourqa2sgtktuqowrcbzeorb4bwbomj3d3ztqqsge5f6jbqlv:borrow,borrow,EURC,0.030453263600551006,0,0.030453263600551006,0,0,0
2026-10-03T10:00:00.000Z,blend:v2.1:stellar:pool:cbakazuejbafa2dcgbrs2wkjt3fnimjbhtfl76ay7xmaveinqnniqwao:cdtkpwplourqa2sgtktuqowrcbzeorb4bwbomj3d3ztqqsge5f6jbqlv:supply,supply,EURC,0,0,0,0,,0
2026-10-03T11:00:00.000Z,blend:v2.1:stellar:pool:cbakazuejbafa2dcgbrs2wkjt3fnimjbhtfl76ay7xmaveinqnniqwao:cas3j7gylgxmf6tdjbbyyse3hq6bbsmlnuq34t6tzmymw2evh34xowma:borrow,borrow,XLM,0.010050028723681548,0,0.010050028723681548,0,0,0
2026-10-03T11:00:00.000Z,blend:v2.1:stellar:pool:cbakazuejbafa2dcgbrs2wkjt3fnimjbhtfl76ay7xmaveinqnniqwao:cas3j7gylgxmf6tdjbbyyse3hq6bbsmlnuq34t6tzmymw2evh34xowma:supply,supply,XLM,0,0,0,0,,0
2026-10-03T11:00:00.000Z,blend:v2.1:stellar:pool:cbakazuejbafa2dcgbrs2wkjt3fnimjbhtfl76ay7xmaveinqnniqwao:ccw67tszv3sss2hxmbq5jfgckjnxkzm7uquwuzputhxstzleo7sjmi75:borrow,borrow,USDC,0.030453263600551006,0,0.030453263600551006,0,0,0
2026-10-03T11:00:00.000Z,blend:v2.1:stellar:pool:cbakazuejbafa2dcgbrs2wkjt3fnimjbhtfl76ay7xmaveinqnniqwao:ccw67tszv3sss2hxmbq5jfgckjnxkzm7uquwuzputhxstzleo7sjmi75:supply,supply,USDC,0,0,0,0,,0
2026-10-03T11:00:00.000Z,blend:v2.1:stellar:pool:cbakazuejbafa2dcgbrs2wkjt3fnimjbhtfl76ay7xmaveinqnniqwao:cdtkpwplourqa2sgtktuqowrcbzeorb4bwbomj3d3ztqqsge5f6jbqlv:borrow,borrow,EURC,0.030453263600551006,0,0.030453263600551006,0,0,0
2026-10-03T11:00:00.000Z,blend:v2.1:stellar:pool:cbakazuejbafa2dcgbrs2wkjt3fnimjbhtfl76ay7xmaveinqnniqwao:cdtkpwplourqa2sgtktuqowrcbzeorb4bwbomj3d3ztqqsge5f6jbqlv:supply,supply,EURC,0,0,0,0,,0
2026-10-03T12:00:00.000Z,blend:v2.1:stellar:pool:cbakazuejbafa2dcgbrs2wkjt3fnimjbhtfl76ay7xmaveinqnniqwao:cas3j7gylgxmf6tdjbbyyse3hq6bbsmlnuq34t6tzmymw2evh34xowma:borrow,borrow,XLM,0.010050028723681548,0,0.010050028723681548,0,0,0
2026-10-03T12:00:00.000Z,blend:v2.1:stellar:pool:cbakazuejbafa2dcgbrs2wkjt3fnimjbhtfl76ay7xmaveinqnniqwao:cas3j7gylgxmf6tdjbbyyse3hq6bbsmlnuq34t6tzmymw2evh34xowma:supply,supply,XLM,0,0,0,0,,0
2026-10-03T12:00:00.000Z,blend:v2.1:stellar:pool:cbakazuejbafa2dcgbrs2wkjt3fnimjbhtfl76ay7xmaveinqnniqwao:ccw67tszv3sss2hxmbq5jfgckjnxkzm7uquwuzputhxstzleo7sjmi75:borrow,borrow,USDC,0.030453263600551006,0,0.030453263600551006,0,0,0
2026-10-03T12:00:00.000Z,blend:v2.1:stellar:pool:cbakazuejbafa2dcgbrs2wkjt3fnimjbhtfl76ay7xmaveinqnniqwao:ccw67tszv3sss2hxmbq5jfgckjnxkzm7uquwuzputhxstzleo7sjmi75:supply,supply,USDC,0,0,0,0,,0
2026-10-03T12:00:00.000Z,blend:v2.1:stellar:pool:cbakazuejbafa2dcgbrs2wkjt3fnimjbhtfl76ay7xmaveinqnniqwao:cdtkpwplourqa2sgtktuqowrcbzeorb4bwbomj3d3ztqqsge5f6jbqlv:borrow,borrow,EURC,0.030453263600551006,0,0.030453263600551006,0,0,0
2026-10-03T12:00:00.000Z,blend:v2.1:stellar:pool:cbakazuejbafa2dcgbrs2wkjt3fnimjbhtfl76ay7xmaveinqnniqwao:cdtkpwplourqa2sgtktuqowrcbzeorb4bwbomj3d3ztqqsge5f6jbqlv:supply,supply,EURC,0,0,0,0,,0
2026-10-03T13:00:00.000Z,blend:v2.1:stellar:pool:cbakazuejbafa2dcgbrs2wkjt3fnimjbhtfl76ay7xmaveinqnniqwao:cas3j7gylgxmf6tdjbbyyse3hq6bbsmlnuq34t6tzmymw2evh34xowma:borrow,borrow,XLM,0.010050028723681548,0,0.010050028723681548,0,0,0
2026-10-03T13:00:00.000Z,blend:v2.1:stellar:pool:cbakazuejbafa2dcgbrs2wkjt3fnimjbhtfl76ay7xmaveinqnniqwao:cas3j7gylgxmf6tdjbbyyse3hq6bbsmlnuq34t6tzmymw2evh34xowma:supply,supply,XLM,0,0,0,0,,0
2026-10-03T13:00:00.000Z,blend:v2.1:stellar:pool:cbakazuejbafa2dcgbrs2wkjt3fnimjbhtfl76ay7xmaveinqnniqwao:ccw67tszv3sss2hxmbq5jfgckjnxkzm7uquwuzputhxstzleo7sjmi75:borrow,borrow,USDC,0.030453263600551006,0,0.030453263600551006,0,0,0
2026-10-03T13:00:00.000Z,blend:v2.1:stellar:pool:cbakazuejbafa2dcgbrs2wkjt3fnimjbhtfl76ay7xmaveinqnniqwao:ccw67tszv3sss2hxmbq5jfgckjnxkzm7uquwuzputhxstzleo7sjmi75:supply,supply,USDC,0,0,0,0,,0
2026-10-03T13:00:00.000Z,blend:v2.1:stellar:pool:cbakazuejbafa2dcgbrs2wkjt3fnimjbhtfl76ay7xmaveinqnniqwao:cdtkpwplourqa2sgtktuqowrcbzeorb4bwbomj3d3ztqqsge5f6jbqlv:borrow,borrow,EURC,0.030453263600551006,0,0.030453263600551006,0,0,0
2026-10-03T13:00:00.000Z,blend:v2.1:stellar:pool:cbakazuejbafa2dcgbrs2wkjt3fnimjbhtfl76ay7xmaveinqnniqwao:cdtkpwplourqa2sgtktuqowrcbzeorb4bwbomj3d3ztqqsge5f6jbqlv:supply,supply,EURC,0,0,0,0,,0
2026-10-03T14:00:00.000Z,blend:v2.1:stellar:pool:cbakazuejbafa2dcgbrs2wkjt3fnimjbhtfl76ay7xmaveinqnniqwao:cas3j7gylgxmf6tdjbbyyse3hq6bbsmlnuq34t6tzmymw2evh34xowma:borrow,borrow,XLM,0.010050028723681548,0,0.010050028723681548,0,0,0
2026-10-03T14:00:00.000Z,blend:v2.1:stellar:pool:cbakazuejbafa2dcgbrs2wkjt3fnimjbhtfl76ay7xmaveinqnniqwao:cas3j7gylgxmf6tdjbbyyse3hq6bbsmlnuq34t6tzmymw2evh34xowma:supply,supply,XLM,0,0,0,0,,0
2026-10-03T14:00:00.000Z,blend:v2.1:stellar:pool:cbakazuejbafa2dcgbrs2wkjt3fnimjbhtfl76ay7xmaveinqnniqwao:ccw67tszv3sss2hxmbq5jfgckjnxkzm7uquwuzputhxstzleo7sjmi75:borrow,borrow,USDC,0.030453263600551006,0,0.030453263600551006,0,0,0
2026-10-03T14:00:00.000Z,blend:v2.1:stellar:pool:cbakazuejbafa2dcgbrs2wkjt3fnimjbhtfl76ay7xmaveinqnniqwao:ccw67tszv3sss2hxmbq5jfgckjnxkzm7uquwuzputhxstzleo7sjmi75:supply,supply,USDC,0,0,0,0,,0
2026-10-03T14:00:00.000Z,blend:v2.1:stellar:pool:cbakazuejbafa2dcgbrs2wkjt3fnimjbhtfl76ay7xmaveinqnniqwao:cdtkpwplourqa2sgtktuqowrcbzeorb4bwbomj3d3ztqqsge5f6jbqlv:borrow,borrow,EURC,0.030453263600551006,0,0.030453263600551006,0,0,0
2026-10-03T14:00:00.000Z,blend:v2.1:stellar:pool:cbakazuejbafa2dcgbrs2wkjt3fnimjbhtfl76ay7xmaveinqnniqwao:cdtkpwplourqa2sgtktuqowrcbzeorb4bwbomj3d3ztqqsge5f6jbqlv:supply,supply,EURC,0,0,0,0,,0
2026-10-03T15:00:00.000Z,blend:v2.1:stellar:pool:cbakazuejbafa2dcgbrs2wkjt3fnimjbhtfl76ay7xmaveinqnniqwao:cas3j7gylgxmf6tdjbbyyse3hq6bbsmlnuq34t6tzmymw2evh34xowma:borrow,borrow,XLM,0.010050028723681548,0,0.010050028723681548,0,0,0
2026-10-03T15:00:00.000Z,blend:v2.1:stellar:pool:cbakazuejbafa2dcgbrs2wkjt3fnimjbhtfl76ay7xmaveinqnniqwao:cas3j7gylgxmf6tdjbbyyse3hq6bbsmlnuq34t6tzmymw2evh34xowma:supply,supply,XLM,0,0,0,0,,0
2026-10-03T15:00:00.000Z,blend:v2.1:stellar:pool:cbakazuejbafa2dcgbrs2wkjt3fnimjbhtfl76ay7xmaveinqnniqwao:ccw67tszv3sss2hxmbq5jfgckjnxkzm7uquwuzputhxstzleo7sjmi75:borrow,borrow,USDC,0.030453263600551006,0,0.030453263600551006,0,0,0
2026-10-03T15:00:00.000Z,blend:v2.1:stellar:pool:cbakazuejbafa2dcgbrs2wkjt3fnimjbhtfl76ay7xmaveinqnniqwao:ccw67tszv3sss2hxmbq5jfgckjnxkzm7uquwuzputhxstzleo7sjmi75:supply,supply,USDC,0,0,0,0,,0
2026-10-03T15:00:00.000Z,blend:v2.1:stellar:pool:cbakazuejbafa2dcgbrs2wkjt3fnimjbhtfl76ay7xmaveinqnniqwao:cdtkpwplourqa2sgtktuqowrcbzeorb4bwbomj3d3ztqqsge5f6jbqlv:borrow,borrow,EURC,0.030453263600551006,0,0.030453263600551006,0,0,0
2026-10-03T15:00:00.000Z,blend:v2.1:stellar:pool:cbakazuejbafa2dcgbrs2wkjt3fnimjbhtfl76ay7xmaveinqnniqwao:cdtkpwplourqa2sgtktuqowrcbzeorb4bwbomj3d3ztqqsge5f6jbqlv:supply,supply,EURC,0,0,0,0,,0
2026-10-03T16:00:00.000Z,blend:v2.1:stellar:pool:cbakazuejbafa2dcgbrs2wkjt3fnimjbhtfl76ay7xmaveinqnniqwao:cas3j7gylgxmf6tdjbbyyse3hq6bbsmlnuq34t6tzmymw2evh34xowma:borrow,borrow,XLM,0.010050028723681548,0,0.010050028723681548,0,0,0
2026-10-03T16:00:00.000Z,blend:v2.1:stellar:pool:cbakazuejbafa2dcgbrs2wkjt3fnimjbhtfl76ay7xmaveinqnniqwao:cas3j7gylgxmf6tdjbbyyse3hq6bbsmlnuq34t6tzmymw2evh34xowma:supply,supply,XLM,0,0,0,0,,0
2026-10-03T16:00:00.000Z,blend:v2.1:stellar:pool:cbakazuejbafa2dcgbrs2wkjt3fnimjbhtfl76ay7xmaveinqnniqwao:ccw67tszv3sss2hxmbq5jfgckjnxkzm7uquwuzputhxstzleo7sjmi75:borrow,borrow,USDC,0.030453263600551006,0,0.030453263600551006,0,0,0
2026-10-03T16:00:00.000Z,blend:v2.1:stellar:pool:cbakazuejbafa2dcgbrs2wkjt3fnimjbhtfl76ay7xmaveinqnniqwao:ccw67tszv3sss2hxmbq5jfgckjnxkzm7uquwuzputhxstzleo7sjmi75:supply,supply,USDC,0,0,0,0,,0
2026-10-03T16:00:00.000Z,blend:v2.1:stellar:pool:cbakazuejbafa2dcgbrs2wkjt3fnimjbhtfl76ay7xmaveinqnniqwao:cdtkpwplourqa2sgtktuqowrcbzeorb4bwbomj3d3ztqqsge5f6jbqlv:borrow,borrow,EURC,0.030453263600551006,0,0.030453263600551006,0,0,0
2026-10-03T16:00:00.000Z,blend:v2.1:stellar:pool:cbakazuejbafa2dcgbrs2wkjt3fnimjbhtfl76ay7xmaveinqnniqwao:cdtkpwplourqa2sgtktuqowrcbzeorb4bwbomj3d3ztqqsge5f6jbqlv:supply,supply,EURC,0,0,0,0,,0
2026-10-03T17:00:00.000Z,blend:v2.1:stellar:pool:cbakazuejbafa2dcgbrs2wkjt3fnimjbhtfl76ay7xmaveinqnniqwao:cas3j7gylgxmf6tdjbbyyse3hq6bbsmlnuq34t6tzmymw2evh34xowma:borrow,borrow,XLM,0.010050028723681548,0,0.010050028723681548,0,0,0
2026-10-03T17:00:00.000Z,blend:v2.1:stellar:pool:cbakazuejbafa2dcgbrs2wkjt3fnimjbhtfl76ay7xmaveinqnniqwao:cas3j7gylgxmf6tdjbbyyse3hq6bbsmlnuq34t6tzmymw2evh34xowma:supply,supply,XLM,0,0,0,0,,0
2026-10-03T17:00:00.000Z,blend:v2.1:stellar:pool:cbakazuejbafa2dcgbrs2wkjt3fnimjbhtfl76ay7xmaveinqnniqwao:ccw67tszv3sss2hxmbq5jfgckjnxkzm7uquwuzputhxstzleo7sjmi75:borrow,borrow,USDC,0.030453263600551006,0,0.030453263600551006,0,0,0
2026-10-03T17:00:00.000Z,blend:v2.1:stellar:pool:cbakazuejbafa2dcgbrs2wkjt3fnimjbhtfl76ay7xmaveinqnniqwao:ccw67tszv3sss2hxmbq5jfgckjnxkzm7uquwuzputhxstzleo7sjmi75:supply,supply,USDC,0,0,0,0,,0
2026-10-03T17:00:00.000Z,blend:v2.1:stellar:pool:cbakazuejbafa2dcgbrs2wkjt3fnimjbhtfl76ay7xmaveinqnniqwao:cdtkpwplourqa2sgtktuqowrcbzeorb4bwbomj3d3ztqqsge5f6jbqlv:borrow,borrow,EURC,0.030453263600551006,0,0.030453263600551006,0,0,0
2026-10-03T17:00:00.000Z,blend:v2.1:stellar:pool:cbakazuejbafa2dcgbrs2wkjt3fnimjbhtfl76ay7xmaveinqnniqwao:cdtkpwplourqa2sgtktuqowrcbzeorb4bwbomj3d3ztqqsge5f6jbqlv:supply,supply,EURC,0,0,0,0,,0
2026-10-03T18:00:00.000Z,blend:v2.1:stellar:pool:cbakazuejbafa2dcgbrs2wkjt3fnimjbhtfl76ay7xmaveinqnniqwao:cas3j7gylgxmf6tdjbbyyse3hq6bbsmlnuq34t6tzmymw2evh34xowma:borrow,borrow,XLM,0.010050028723681548,0,0.010050028723681548,0,0,0
2026-10-03T18:00:00.000Z,blend:v2.1:stellar:pool:cbakazuejbafa2dcgbrs2wkjt3fnimjbhtfl76ay7xmaveinqnniqwao:cas3j7gylgxmf6tdjbbyyse3hq6bbsmlnuq34t6tzmymw2evh34xowma:supply,supply,XLM,0,0,0,0,,0
2026-10-03T18:00:00.000Z,blend:v2.1:stellar:pool:cbakazuejbafa2dcgbrs2wkjt3fnimjbhtfl76ay7xmaveinqnniqwao:ccw67tszv3sss2hxmbq5jfgckjnxkzm7uquwuzputhxstzleo7sjmi75:borrow,borrow,USDC,0.030453263600551006,0,0.030453263600551006,0,0,0
2026-10-03T18:00:00.000Z,blend:v2.1:stellar:pool:cbakazuejbafa2dcgbrs2wkjt3fnimjbhtfl76ay7xmaveinqnniqwao:ccw67tszv3sss2hxmbq5jfgckjnxkzm7uquwuzputhxstzleo7sjmi75:supply,supply,USDC,0,0,0,0,,0
2026-10-03T18:00:00.000Z,blend:v2.1:stellar:pool:cbakazuejbafa2dcgbrs2wkjt3fnimjbhtfl76ay7xmaveinqnniqwao:cdtkpwplourqa2sgtktuqowrcbzeorb4bwbomj3d3ztqqsge5f6jbqlv:borrow,borrow,EURC,0.030453263600551006,0,0.030453263600551006,0,0,0
2026-10-03T18:00:00.000Z,blend:v2.1:stellar:pool:cbakazuejbafa2dcgbrs2wkjt3fnimjbhtfl76ay7xmaveinqnniqwao:cdtkpwplourqa2sgtktuqowrcbzeorb4bwbomj3d3ztqqsge5f6jbqlv:supply,supply,EURC,0,0,0,0,,0
2026-10-03T19:00:00.000Z,blend:v2.1:stellar:pool:cbakazuejbafa2dcgbrs2wkjt3fnimjbhtfl76ay7xmaveinqnniqwao:cas3j7gylgxmf6tdjbbyyse3hq6bbsmlnuq34t6tzmymw2evh34xowma:borrow,borrow,XLM,0.010050028723681548,0,0.010050028723681548,0,0,0
2026-10-03T19:00:00.000Z,blend:v2.1:stellar:pool:cbakazuejbafa2dcgbrs2wkjt3fnimjbhtfl76ay7xmaveinqnniqwao:cas3j7gylgxmf6tdjbbyyse3hq6bbsmlnuq34t6tzmymw2evh34xowma:supply,supply,XLM,0,0,0,0,,0
2026-10-03T19:00:00.000Z,blend:v2.1:stellar:pool:cbakazuejbafa2dcgbrs2wkjt3fnimjbhtfl76ay7xmaveinqnniqwao:ccw67tszv3sss2hxmbq5jfgckjnxkzm7uquwuzputhxstzleo7sjmi75:borrow,borrow,USDC,0.030453263600551006,0,0.030453263600551006,0,0,0
2026-10-03T19:00:00.000Z,blend:v2.1:stellar:pool:cbakazuejbafa2dcgbrs2wkjt3fnimjbhtfl76ay7xmaveinqnniqwao:ccw67tszv3sss2hxmbq5jfgckjnxkzm7uquwuzputhxstzleo7sjmi75:supply,supply,USDC,0,0,0,0,,0
2026-10-03T19:00:00.000Z,blend:v2.1:stellar:pool:cbakazuejbafa2dcgbrs2wkjt3fnimjbhtfl76ay7xmaveinqnniqwao:cdtkpwplourqa2sgtktuqowrcbzeorb4bwbomj3d3ztqqsge5f6jbqlv:borrow,borrow,EURC,0.030453263600551006,0,0.030453263600551006,0,0,0
2026-10-03T19:00:00.000Z,blend:v2.1:stellar:pool:cbakazuejbafa2dcgbrs2wkjt3fnimjbhtfl76ay7xmaveinqnniqwao:cdtkpwplourqa2sgtktuqowrcbzeorb4bwbomj3d3ztqqsge5f6jbqlv:supply,supply,EURC,0,0,0,0,,0
2026-10-03T20:00:00.000Z,blend:v2.1:stellar:pool:cbakazuejbafa2dcgbrs2wkjt3fnimjbhtfl76ay7xmaveinqnniqwao:cas3j7gylgxmf6tdjbbyyse3hq6bbsmlnuq34t6tzmymw2evh34xowma:borrow,borrow,XLM,0.010050028723681548,0,0.010050028723681548,0,0,0
2026-10-03T20:00:00.000Z,blend:v2.1:stellar:pool:cbakazuejbafa2dcgbrs2wkjt3fnimjbhtfl76ay7xmaveinqnniqwao:cas3j7gylgxmf6tdjbbyyse3hq6bbsmlnuq34t6tzmymw2evh34xowma:supply,supply,XLM,0,0,0,0,,0
2026-10-03T20:00:00.000Z,blend:v2.1:stellar:pool:cbakazuejbafa2dcgbrs2wkjt3fnimjbhtfl76ay7xmaveinqnniqwao:ccw67tszv3sss2hxmbq5jfgckjnxkzm7uquwuzputhxstzleo7sjmi75:borrow,borrow,USDC,0.030453263600551006,0,0.030453263600551006,0,0,0
2026-10-03T20:00:00.000Z,blend:v2.1:stellar:pool:cbakazuejbafa2dcgbrs2wkjt3fnimjbhtfl76ay7xmaveinqnniqwao:ccw67tszv3sss2hxmbq5jfgckjnxkzm7uquwuzputhxstzleo7sjmi75:supply,supply,USDC,0,0,0,0,,0
2026-10-03T20:00:00.000Z,blend:v2.1:stellar:pool:cbakazuejbafa2dcgbrs2wkjt3fnimjbhtfl76ay7xmaveinqnniqwao:cdtkpwplourqa2sgtktuqowrcbzeorb4bwbomj3d3ztqqsge5f6jbqlv:borrow,borrow,EURC,0.030453263600551006,0,0.030453263600551006,0,0,0
2026-10-03T20:00:00.000Z,blend:v2.1:stellar:pool:cbakazuejbafa2dcgbrs2wkjt3fnimjbhtfl76ay7xmaveinqnniqwao:cdtkpwplourqa2sgtktuqowrcbzeorb4bwbomj3d3ztqqsge5f6jbqlv:supply,supply,EURC,0,0,0,0,,0
2026-10-03T21:00:00.000Z,blend:v2.1:stellar:pool:cbakazuejbafa2dcgbrs2wkjt3fnimjbhtfl76ay7xmaveinqnniqwao:cas3j7gylgxmf6tdjbbyyse3hq6bbsmlnuq34t6tzmymw2evh34xowma:borrow,borrow,XLM,0.010050028723681548,0,0.010050028723681548,0,0,0
2026-10-03T21:00:00.000Z,blend:v2.1:stellar:pool:cbakazuejbafa2dcgbrs2wkjt3fnimjbhtfl76ay7xmaveinqnniqwao:cas3j7gylgxmf6tdjbbyyse3hq6bbsmlnuq34t6tzmymw2evh34xowma:supply,supply,XLM,0,0,0,0,,0
2026-10-03T21:00:00.000Z,blend:v2.1:stellar:pool:cbakazuejbafa2dcgbrs2wkjt3fnimjbhtfl76ay7xmaveinqnniqwao:ccw67tszv3sss2hxmbq5jfgckjnxkzm7uquwuzputhxstzleo7sjmi75:borrow,borrow,USDC,0.030453263600551006,0,0.030453263600551006,0,0,0
2026-10-03T21:00:00.000Z,blend:v2.1:stellar:pool:cbakazuejbafa2dcgbrs2wkjt3fnimjbhtfl76ay7xmaveinqnniqwao:ccw67tszv3sss2hxmbq5jfgckjnxkzm7uquwuzputhxstzleo7sjmi75:supply,supply,USDC,0,0,0,0,,0
2026-10-03T21:00:00.000Z,blend:v2.1:stellar:pool:cbakazuejbafa2dcgbrs2wkjt3fnimjbhtfl76ay7xmaveinqnniqwao:cdtkpwplourqa2sgtktuqowrcbzeorb4bwbomj3d3ztqqsge5f6jbqlv:borrow,borrow,EURC,0.030453263600551006,0,0.030453263600551006,0,0,0
2026-10-03T21:00:00.000Z,blend:v2.1:stellar:pool:cbakazuejbafa2dcgbrs2wkjt3fnimjbhtfl76ay7xmaveinqnniqwao:cdtkpwplourqa2sgtktuqowrcbzeorb4bwbomj3d3ztqqsge5f6jbqlv:supply,supply,EURC,0,0,0,0,,0
2026-10-03T22:00:00.000Z,blend:v2.1:stellar:pool:cbakazuejbafa2dcgbrs2wkjt3fnimjbhtfl76ay7xmaveinqnniqwao:cas3j7gylgxmf6tdjbbyyse3hq6bbsmlnuq34t6tzmymw2evh34xowma:borrow,borrow,XLM,0.010050028723681548,0,0.010050028723681548,0,0,0
2026-10-03T22:00:00.000Z,blend:v2.1:stellar:pool:cbakazuejbafa2dcgbrs2wkjt3fnimjbhtfl76ay7xmaveinqnniqwao:cas3j7gylgxmf6tdjbbyyse3hq6bbsmlnuq34t6tzmymw2evh34xowma:supply,supply,XLM,0,0,0,0,,0
2026-10-03T22:00:00.000Z,blend:v2.1:stellar:pool:cbakazuejbafa2dcgbrs2wkjt3fnimjbhtfl76ay7xmaveinqnniqwao:ccw67tszv3sss2hxmbq5jfgckjnxkzm7uquwuzputhxstzleo7sjmi75:borrow,borrow,USDC,0.030453263600551006,0,0.030453263600551006,0,0,0
2026-10-03T22:00:00.000Z,blend:v2.1:stellar:pool:cbakazuejbafa2dcgbrs2wkjt3fnimjbhtfl76ay7xmaveinqnniqwao:ccw67tszv3sss2hxmbq5jfgckjnxkzm7uquwuzputhxstzleo7sjmi75:supply,supply,USDC,0,0,0,0,,0
2026-10-03T22:00:00.000Z,blend:v2.1:stellar:pool:cbakazuejbafa2dcgbrs2wkjt3fnimjbhtfl76ay7xmaveinqnniqwao:cdtkpwplourqa2sgtktuqowrcbzeorb4bwbomj3d3ztqqsge5f6jbqlv:borrow,borrow,EURC,0.030453263600551006,0,0.030453263600551006,0,0,0
2026-10-03T22:00:00.000Z,blend:v2.1:stellar:pool:cbakazuejbafa2dcgbrs2wkjt3fnimjbhtfl76ay7xmaveinqnniqwao:cdtkpwplourqa2sgtktuqowrcbzeorb4bwbomj3d3ztqqsge5f6jbqlv:supply,supply,EURC,0,0,0,0,,0
2026-10-03T23:00:00.000Z,blend:v2.1:stellar:pool:cbakazuejbafa2dcgbrs2wkjt3fnimjbhtfl76ay7xmaveinqnniqwao:cas3j7gylgxmf6tdjbbyyse3hq6bbsmlnuq34t6tzmymw2evh34xowma:borrow,borrow,XLM,0.010050028723681548,0,0.010050028723681548,0,0,0
2026-10-03T23:00:00.000Z,blend:v2.1:stellar:pool:cbakazuejbafa2dcgbrs2wkjt3fnimjbhtfl76ay7xmaveinqnniqwao:cas3j7gylgxmf6tdjbbyyse3hq6bbsmlnuq34t6tzmymw2evh34xowma:supply,supply,XLM,0,0,0,0,,0
2026-10-03T23:00:00.000Z,blend:v2.1:stellar:pool:cbakazuejbafa2dcgbrs2wkjt3fnimjbhtfl76ay7xmaveinqnniqwao:ccw67tszv3sss2hxmbq5jfgckjnxkzm7uquwuzputhxstzleo7sjmi75:borrow,borrow,USDC,0.030453263600551006,0,0.030453263600551006,0,0,0
2026-10-03T23:00:00.000Z,blend:v2.1:stellar:pool:cbakazuejbafa2dcgbrs2wkjt3fnimjbhtfl76ay7xmaveinqnniqwao:ccw67tszv3sss2hxmbq5jfgckjnxkzm7uquwuzputhxstzleo7sjmi75:supply,supply,USDC,0,0,0,0,,0
2026-10-03T23:00:00.000Z,blend:v2.1:stellar:pool:cbakazuejbafa2dcgbrs2wkjt3fnimjbhtfl76ay7xmaveinqnniqwao:cdtkpwplourqa2sgtktuqowrcbzeorb4bwbomj3d3ztqqsge5f6jbqlv:borrow,borrow,EURC,0.030453263600551006,0,0.030453263600551006,0,0,0
2026-10-03T23:00:00.000Z,blend:v2.1:stellar:pool:cbakazuejbafa2dcgbrs2wkjt3fnimjbhtfl76ay7xmaveinqnniqwao:cdtkpwplourqa2sgtktuqowrcbzeorb4bwbomj3d3ztqqsge5f6jbqlv:supply,supply,EURC,0,0,0,0,,0
2026-10-04T00:00:00.000Z,blend:v2.1:stellar:pool:cbakazuejbafa2dcgbrs2wkjt3fnimjbhtfl76ay7xmaveinqnniqwao:cas3j7gylgxmf6tdjbbyyse3hq6bbsmlnuq34t6tzmymw2evh34xowma:borrow,borrow,XLM,0.010050028723681548,0,0.010050028723681548,0,0,0
2026-10-04T00:00:00.000Z,blend:v2.1:stellar:pool:cbakazuejbafa2dcgbrs2wkjt3fnimjbhtfl76ay7xmaveinqnniqwao:cas3j7gylgxmf6tdjbbyyse3hq6bbsmlnuq34t6tzmymw2evh34xowma:supply,supply,XLM,0,0,0,0,,0
2026-10-04T00:00:00.000Z,blend:v2.1:stellar:pool:cbakazuejbafa2dcgbrs2wkjt3fnimjbhtfl76ay7xmaveinqnniqwao:ccw67tszv3sss2hxmbq5jfgckjnxkzm7uquwuzputhxstzleo7sjmi75:borrow,borrow,USDC,0.030453263600551006,0,0.030453263600551006,0,0,0
2026-10-04T00:00:00.000Z,blend:v2.1:stellar:pool:cbakazuejbafa2dcgbrs2wkjt3fnimjbhtfl76ay7xmaveinqnniqwao:ccw67tszv3sss2hxmbq5jfgckjnxkzm7uquwuzputhxstzleo7sjmi75:supply,supply,USDC,0,0,0,0,,0
2026-10-04T00:00:00.000Z,blend:v2.1:stellar:pool:cbakazuejbafa2dcgbrs2wkjt3fnimjbhtfl76ay7xmaveinqnniqwao:cdtkpwplourqa2sgtktuqowrcbzeorb4bwbomj3d3ztqqsge5f6jbqlv:borrow,borrow,EURC,0.030453263600551006,0,0.030453263600551006,0,0,0
2026-10-04T00:00:00.000Z,blend:v2.1:stellar:pool:cbakazuejbafa2dcgbrs2wkjt3fnimjbhtfl76ay7xmaveinqnniqwao:cdtkpwplourqa2sgtktuqowrcbzeorb4bwbomj3d3ztqqsge5f6jbqlv:supply,supply,EURC,0,0,0,0,,0
2026-10-04T01:00:00.000Z,blend:v2.1:stellar:pool:cbakazuejbafa2dcgbrs2wkjt3fnimjbhtfl76ay7xmaveinqnniqwao:cas3j7gylgxmf6tdjbbyyse3hq6bbsmlnuq34t6tzmymw2evh34xowma:borrow,borrow,XLM,0.010050028723681548,0,0.010050028723681548,0,0,0
2026-10-04T01:00:00.000Z,blend:v2.1:stellar:pool:cbakazuejbafa2dcgbrs2wkjt3fnimjbhtfl76ay7xmaveinqnniqwao:cas3j7gylgxmf6tdjbbyyse3hq6bbsmlnuq34t6tzmymw2evh34xowma:supply,supply,XLM,0,0,0,0,,0
2026-10-04T01:00:00.000Z,blend:v2.1:stellar:pool:cbakazuejbafa2dcgbrs2wkjt3fnimjbhtfl76ay7xmaveinqnniqwao:ccw67tszv3sss2hxmbq5jfgckjnxkzm7uquwuzputhxstzleo7sjmi75:borrow,borrow,USDC,0.030453263600551006,0,0.030453263600551006,0,0,0
2026-10-04T01:00:00.000Z,blend:v2.1:stellar:pool:cbakazuejbafa2dcgbrs2wkjt3fnimjbhtfl76ay7xmaveinqnniqwao:ccw67tszv3sss2hxmbq5jfgckjnxkzm7uquwuzputhxstzleo7sjmi75:supply,supply,USDC,0,0,0,0,,0
2026-10-04T01:00:00.000Z,blend:v2.1:stellar:pool:cbakazuejbafa2dcgbrs2wkjt3fnimjbhtfl76ay7xmaveinqnniqwao:cdtkpwplourqa2sgtktuqowrcbzeorb4bwbomj3d3ztqqsge5f6jbqlv:borrow,borrow,EURC,0.030453263600551006,0,0.030453263600551006,0,0,0
2026-10-04T01:00:00.000Z,blend:v2.1:stellar:pool:cbakazuejbafa2dcgbrs2wkjt3fnimjbhtfl76ay7xmaveinqnniqwao:cdtkpwplourqa2sgtktuqowrcbzeorb4bwbomj3d3ztqqsge5f6jbqlv:supply,supply,EURC,0,0,0,0,,0
2026-10-04T02:00:00.000Z,blend:v2.1:stellar:pool:cbakazuejbafa2dcgbrs2wkjt3fnimjbhtfl76ay7xmaveinqnniqwao:cas3j7gylgxmf6tdjbbyyse3hq6bbsmlnuq34t6tzmymw2evh34xowma:borrow,borrow,XLM,0.010050028723681548,0,0.010050028723681548,0,0,0
2026-10-04T02:00:00.000Z,blend:v2.1:stellar:pool:cbakazuejbafa2dcgbrs2wkjt3fnimjbhtfl76ay7xmaveinqnniqwao:cas3j7gylgxmf6tdjbbyyse3hq6bbsmlnuq34t6tzmymw2evh34xowma:supply,supply,XLM,0,0,0,0,,0
2026-10-04T02:00:00.000Z,blend:v2.1:stellar:pool:cbakazuejbafa2dcgbrs2wkjt3fnimjbhtfl76ay7xmaveinqnniqwao:ccw67tszv3sss2hxmbq5jfgckjnxkzm7uquwuzputhxstzleo7sjmi75:borrow,borrow,USDC,0.030453263600551006,0,0.030453263600551006,0,0,0
2026-10-04T02:00:00.000Z,blend:v2.1:stellar:pool:cbakazuejbafa2dcgbrs2wkjt3fnimjbhtfl76ay7xmaveinqnniqwao:ccw67tszv3sss2hxmbq5jfgckjnxkzm7uquwuzputhxstzleo7sjmi75:supply,supply,USDC,0,0,0,0,,0
2026-10-04T02:00:00.000Z,blend:v2.1:stellar:pool:cbakazuejbafa2dcgbrs2wkjt3fnimjbhtfl76ay7xmaveinqnniqwao:cdtkpwplourqa2sgtktuqowrcbzeorb4bwbomj3d3ztqqsge5f6jbqlv:borrow,borrow,EURC,0.030453263600551006,0,0.030453263600551006,0,0,0
2026-10-04T02:00:00.000Z,blend:v2.1:stellar:pool:cbakazuejbafa2dcgbrs2wkjt3fnimjbhtfl76ay7xmaveinqnniqwao:cdtkpwplourqa2sgtktuqowrcbzeorb4bwbomj3d3ztqqsge5f6jbqlv:supply,supply,EURC,0,0,0,0,,0
2026-10-04T03:00:00.000Z,blend:v2.1:stellar:pool:cbakazuejbafa2dcgbrs2wkjt3fnimjbhtfl76ay7xmaveinqnniqwao:cas3j7gylgxmf6tdjbbyyse3hq6bbsmlnuq34t6tzmymw2evh34xowma:borrow,borrow,XLM,0.010050028723681548,0,0.010050028723681548,0,0,0
2026-10-04T03:00:00.000Z,blend:v2.1:stellar:pool:cbakazuejbafa2dcgbrs2wkjt3fnimjbhtfl76ay7xmaveinqnniqwao:cas3j7gylgxmf6tdjbbyyse3hq6bbsmlnuq34t6tzmymw2evh34xowma:supply,supply,XLM,0,0,0,0,,0
2026-10-04T03:00:00.000Z,blend:v2.1:stellar:pool:cbakazuejbafa2dcgbrs2wkjt3fnimjbhtfl76ay7xmaveinqnniqwao:ccw67tszv3sss2hxmbq5jfgckjnxkzm7uquwuzputhxstzleo7sjmi75:borrow,borrow,USDC,0.030453263600551006,0,0.030453263600551006,0,0,0
2026-10-04T03:00:00.000Z,blend:v2.1:stellar:pool:cbakazuejbafa2dcgbrs2wkjt3fnimjbhtfl76ay7xmaveinqnniqwao:ccw67tszv3sss2hxmbq5jfgckjnxkzm7uquwuzputhxstzleo7sjmi75:supply,supply,USDC,0,0,0,0,,0
2026-10-04T03:00:00.000Z,blend:v2.1:stellar:pool:cbakazuejbafa2dcgbrs2wkjt3fnimjbhtfl76ay7xmaveinqnniqwao:cdtkpwplourqa2sgtktuqowrcbzeorb4bwbomj3d3ztqqsge5f6jbqlv:borrow,borrow,EURC,0.030453263600551006,0,0.030453263600551006,0,0,0
2026-10-04T03:00:00.000Z,blend:v2.1:stellar:pool:cbakazuejbafa2dcgbrs2wkjt3fnimjbhtfl76ay7xmaveinqnniqwao:cdtkpwplourqa2sgtktuqowrcbzeorb4bwbomj3d3ztqqsge5f6jbqlv:supply,supply,EURC,0,0,0,0,,0
2026-10-04T04:00:00.000Z,blend:v2.1:stellar:pool:cbakazuejbafa2dcgbrs2wkjt3fnimjbhtfl76ay7xmaveinqnniqwao:cas3j7gylgxmf6tdjbbyyse3hq6bbsmlnuq34t6tzmymw2evh34xowma:borrow,borrow,XLM,0.010050028723681548,0,0.010050028723681548,0,0,0
2026-10-04T04:00:00.000Z,blend:v2.1:stellar:pool:cbakazuejbafa2dcgbrs2wkjt3fnimjbhtfl76ay7xmaveinqnniqwao:cas3j7gylgxmf6tdjbbyyse3hq6bbsmlnuq34t6tzmymw2evh34xowma:supply,supply,XLM,0,0,0,0,,0
2026-10-04T04:00:00.000Z,blend:v2.1:stellar:pool:cbakazuejbafa2dcgbrs2wkjt3fnimjbhtfl76ay7xmaveinqnniqwao:ccw67tszv3sss2hxmbq5jfgckjnxkzm7uquwuzputhxstzleo7sjmi75:borrow,borrow,USDC,0.030453263600551006,0,0.030453263600551006,0,0,0
2026-10-04T04:00:00.000Z,blend:v2.1:stellar:pool:cbakazuejbafa2dcgbrs2wkjt3fnimjbhtfl76ay7xmaveinqnniqwao:ccw67tszv3sss2hxmbq5jfgckjnxkzm7uquwuzputhxstzleo7sjmi75:supply,supply,USDC,0,0,0,0,,0
2026-10-04T04:00:00.000Z,blend:v2.1:stellar:pool:cbakazuejbafa2dcgbrs2wkjt3fnimjbhtfl76ay7xmaveinqnniqwao:cdtkpwplourqa2sgtktuqowrcbzeorb4bwbomj3d3ztqqsge5f6jbqlv:borrow,borrow,EURC,0.030453263600551006,0,0.030453263600551006,0,0,0
2026-10-04T04:00:00.000Z,blend:v2.1:stellar:pool:cbakazuejbafa2dcgbrs2wkjt3fnimjbhtfl76ay7xmaveinqnniqwao:cdtkpwplourqa2sgtktuqowrcbzeorb4bwbomj3d3ztqqsge5f6jbqlv:supply,supply,EURC,0,0,0,0,,0
2026-10-04T05:00:00.000Z,blend:v2.1:stellar:pool:cbakazuejbafa2dcgbrs2wkjt3fnimjbhtfl76ay7xmaveinqnniqwao:cas3j7gylgxmf6tdjbbyyse3hq6bbsmlnuq34t6tzmymw2evh34xowma:borrow,borrow,XLM,0.010050028723681548,0,0.010050028723681548,0,0,0
2026-10-04T05:00:00.000Z,blend:v2.1:stellar:pool:cbakazuejbafa2dcgbrs2wkjt3fnimjbhtfl76ay7xmaveinqnniqwao:cas3j7gylgxmf6tdjbbyyse3hq6bbsmlnuq34t6tzmymw2evh34xowma:supply,supply,XLM,0,0,0,0,,0
2026-10-04T05:00:00.000Z,blend:v2.1:stellar:pool:cbakazuejbafa2dcgbrs2wkjt3fnimjbhtfl76ay7xmaveinqnniqwao:ccw67tszv3sss2hxmbq5jfgckjnxkzm7uquwuzputhxstzleo7sjmi75:borrow,borrow,USDC,0.030453263600551006,0,0.030453263600551006,0,0,0
2026-10-04T05:00:00.000Z,blend:v2.1:stellar:pool:cbakazuejbafa2dcgbrs2wkjt3fnimjbhtfl76ay7xmaveinqnniqwao:ccw67tszv3sss2hxmbq5jfgckjnxkzm7uquwuzputhxstzleo7sjmi75:supply,supply,USDC,0,0,0,0,,0
2026-10-04T05:00:00.000Z,blend:v2.1:stellar:pool:cbakazuejbafa2dcgbrs2wkjt3fnimjbhtfl76ay7xmaveinqnniqwao:cdtkpwplourqa2sgtktuqowrcbzeorb4bwbomj3d3ztqqsge5f6jbqlv:borrow,borrow,EURC,0.030453263600551006,0,0.030453263600551006,0,0,0
2026-10-04T05:00:00.000Z,blend:v2.1:stellar:pool:cbakazuejbafa2dcgbrs2wkjt3fnimjbhtfl76ay7xmaveinqnniqwao:cdtkpwplourqa2sgtktuqowrcbzeorb4bwbomj3d3ztqqsge5f6jbqlv:supply,supply,EURC,0,0,0,0,,0
2026-10-04T06:00:00.000Z,blend:v2.1:stellar:pool:cbakazuejbafa2dcgbrs2wkjt3fnimjbhtfl76ay7xmaveinqnniqwao:cas3j7gylgxmf6tdjbbyyse3hq6bbsmlnuq34t6tzmymw2evh34xowma:borrow,borrow,XLM,0.010050028723681548,0,0.010050028723681548,0,0,0
2026-10-04T06:00:00.000Z,blend:v2.1:stellar:pool:cbakazuejbafa2dcgbrs2wkjt3fnimjbhtfl76ay7xmaveinqnniqwao:cas3j7gylgxmf6tdjbbyyse3hq6bbsmlnuq34t6tzmymw2evh34xowma:supply,supply,XLM,0,0,0,0,,0
2026-10-04T06:00:00.000Z,blend:v2.1:stellar:pool:cbakazuejbafa2dcgbrs2wkjt3fnimjbhtfl76ay7xmaveinqnniqwao:ccw67tszv3sss2hxmbq5jfgckjnxkzm7uquwuzputhxstzleo7sjmi75:borrow,borrow,USDC,0.030453263600551006,0,0.030453263600551006,0,0,0
2026-10-04T06:00:00.000Z,blend:v2.1:stellar:pool:cbakazuejbafa2dcgbrs2wkjt3fnimjbhtfl76ay7xmaveinqnniqwao:ccw67tszv3sss2hxmbq5jfgckjnxkzm7uquwuzputhxstzleo7sjmi75:supply,supply,USDC,0,0,0,0,,0
2026-10-04T06:00:00.000Z,blend:v2.1:stellar:pool:cbakazuejbafa2dcgbrs2wkjt3fnimjbhtfl76ay7xmaveinqnniqwao:cdtkpwplourqa2sgtktuqowrcbzeorb4bwbomj3d3ztqqsge5f6jbqlv:borrow,borrow,EURC,0.030453263600551006,0,0.030453263600551006,0,0,0
2026-10-04T06:00:00.000Z,blend:v2.1:stellar:pool:cbakazuejbafa2dcgbrs2wkjt3fnimjbhtfl76ay7xmaveinqnniqwao:cdtkpwplourqa2sgtktuqowrcbzeorb4bwbomj3d3ztqqsge5f6jbqlv:supply,supply,EURC,0,0,0,0,,0
2026-10-04T07:00:00.000Z,blend:v2.1:stellar:pool:cbakazuejbafa2dcgbrs2wkjt3fnimjbhtfl76ay7xmaveinqnniqwao:cas3j7gylgxmf6tdjbbyyse3hq6bbsmlnuq34t6tzmymw2evh34xowma:borrow,borrow,XLM,0.010050028723681548,0,0.010050028723681548,0,0,0
2026-10-04T07:00:00.000Z,blend:v2.1:stellar:pool:cbakazuejbafa2dcgbrs2wkjt3fnimjbhtfl76ay7xmaveinqnniqwao:cas3j7gylgxmf6tdjbbyyse3hq6bbsmlnuq34t6tzmymw2evh34xowma:supply,supply,XLM,0,0,0,0,,0
2026-10-04T07:00:00.000Z,blend:v2.1:stellar:pool:cbakazuejbafa2dcgbrs2wkjt3fnimjbhtfl76ay7xmaveinqnniqwao:ccw67tszv3sss2hxmbq5jfgckjnxkzm7uquwuzputhxstzleo7sjmi75:borrow,borrow,USDC,0.030453263600551006,0,0.030453263600551006,0,0,0
2026-10-04T07:00:00.000Z,blend:v2.1:stellar:pool:cbakazuejbafa2dcgbrs2wkjt3fnimjbhtfl76ay7xmaveinqnniqwao:ccw67tszv3sss2hxmbq5jfgckjnxkzm7uquwuzputhxstzleo7sjmi75:supply,supply,USDC,0,0,0,0,,0
2026-10-04T07:00:00.000Z,blend:v2.1:stellar:pool:cbakazuejbafa2dcgbrs2wkjt3fnimjbhtfl76ay7xmaveinqnniqwao:cdtkpwplourqa2sgtktuqowrcbzeorb4bwbomj3d3ztqqsge5f6jbqlv:borrow,borrow,EURC,0.030453263600551006,0,0.030453263600551006,0,0,0
2026-10-04T07:00:00.000Z,blend:v2.1:stellar:pool:cbakazuejbafa2dcgbrs2wkjt3fnimjbhtfl76ay7xmaveinqnniqwao:cdtkpwplourqa2sgtktuqowrcbzeorb4bwbomj3d3ztqqsge5f6jbqlv:supply,supply,EURC,0,0,0,0,,0
2026-10-04T08:00:00.000Z,blend:v2.1:stellar:pool:cbakazuejbafa2dcgbrs2wkjt3fnimjbhtfl76ay7xmaveinqnniqwao:cas3j7gylgxmf6tdjbbyyse3hq6bbsmlnuq34t6tzmymw2evh34xowma:borrow,borrow,XLM,0.010050028723681548,0,0.010050028723681548,0,0,0
2026-10-04T08:00:00.000Z,blend:v2.1:stellar:pool:cbakazuejbafa2dcgbrs2wkjt3fnimjbhtfl76ay7xmaveinqnniqwao:cas3j7gylgxmf6tdjbbyyse3hq6bbsmlnuq34t6tzmymw2evh34xowma:supply,supply,XLM,0,0,0,0,,0
2026-10-04T08:00:00.000Z,blend:v2.1:stellar:pool:cbakazuejbafa2dcgbrs2wkjt3fnimjbhtfl76ay7xmaveinqnniqwao:ccw67tszv3sss2hxmbq5jfgckjnxkzm7uquwuzputhxstzleo7sjmi75:borrow,borrow,USDC,0.030453263600551006,0,0.030453263600551006,0,0,0
2026-10-04T08:00:00.000Z,blend:v2.1:stellar:pool:cbakazuejbafa2dcgbrs2wkjt3fnimjbhtfl76ay7xmaveinqnniqwao:ccw67tszv3sss2hxmbq5jfgckjnxkzm7uquwuzputhxstzleo7sjmi75:supply,supply,USDC,0,0,0,0,,0
2026-10-04T08:00:00.000Z,blend:v2.1:stellar:pool:cbakazuejbafa2dcgbrs2wkjt3fnimjbhtfl76ay7xmaveinqnniqwao:cdtkpwplourqa2sgtktuqowrcbzeorb4bwbomj3d3ztqqsge5f6jbqlv:borrow,borrow,EURC,0.030453263600551006,0,0.030453263600551006,0,0,0
2026-10-04T08:00:00.000Z,blend:v2.1:stellar:pool:cbakazuejbafa2dcgbrs2wkjt3fnimjbhtfl76ay7xmaveinqnniqwao:cdtkpwplourqa2sgtktuqowrcbzeorb4bwbomj3d3ztqqsge5f6jbqlv:supply,supply,EURC,0,0,0,0,,0
2026-10-04T09:00:00.000Z,blend:v2.1:stellar:pool:cbakazuejbafa2dcgbrs2wkjt3fnimjbhtfl76ay7xmaveinqnniqwao:cas3j7gylgxmf6tdjbbyyse3hq6bbsmlnuq34t6tzmymw2evh34xowma:borrow,borrow,XLM,0.010050028723681548,0,0.010050028723681548,0,0,0
2026-10-04T09:00:00.000Z,blend:v2.1:stellar:pool:cbakazuejbafa2dcgbrs2wkjt3fnimjbhtfl76ay7xmaveinqnniqwao:cas3j7gylgxmf6tdjbbyyse3hq6bbsmlnuq34t6tzmymw2evh34xowma:supply,supply,XLM,0,0,0,0,,0
2026-10-04T09:00:00.000Z,blend:v2.1:stellar:pool:cbakazuejbafa2dcgbrs2wkjt3fnimjbhtfl76ay7xmaveinqnniqwao:ccw67tszv3sss2hxmbq5jfgckjnxkzm7uquwuzputhxstzleo7sjmi75:borrow,borrow,USDC,0.030453263600551006,0,0.030453263600551006,0,0,0
2026-10-04T09:00:00.000Z,blend:v2.1:stellar:pool:cbakazuejbafa2dcgbrs2wkjt3fnimjbhtfl76ay7xmaveinqnniqwao:ccw67tszv3sss2hxmbq5jfgckjnxkzm7uquwuzputhxstzleo7sjmi75:supply,supply,USDC,0,0,0,0,,0
2026-10-04T09:00:00.000Z,blend:v2.1:stellar:pool:cbakazuejbafa2dcgbrs2wkjt3fnimjbhtfl76ay7xmaveinqnniqwao:cdtkpwplourqa2sgtktuqowrcbzeorb4bwbomj3d3ztqqsge5f6jbqlv:borrow,borrow,EURC,0.030453263600551006,0,0.030453263600551006,0,0,0
2026-10-04T09:00:00.000Z,blend:v2.1:stellar:pool:cbakazuejbafa2dcgbrs2wkjt3fnimjbhtfl76ay7xmaveinqnniqwao:cdtkpwplourqa2sgtktuqowrcbzeorb4bwbomj3d3ztqqsge5f6jbqlv:supply,supply,EURC,0,0,0,0,,0
2026-10-04T10:00:00.000Z,blend:v2.1:stellar:pool:cbakazuejbafa2dcgbrs2wkjt3fnimjbhtfl76ay7xmaveinqnniqwao:cas3j7gylgxmf6tdjbbyyse3hq6bbsmlnuq34t6tzmymw2evh34xowma:borrow,borrow,XLM,0.010050028723681548,0,0.010050028723681548,0,0,0
2026-10-04T10:00:00.000Z,blend:v2.1:stellar:pool:cbakazuejbafa2dcgbrs2wkjt3fnimjbhtfl76ay7xmaveinqnniqwao:cas3j7gylgxmf6tdjbbyyse3hq6bbsmlnuq34t6tzmymw2evh34xowma:supply,supply,XLM,0,0,0,0,,0
2026-10-04T10:00:00.000Z,blend:v2.1:stellar:pool:cbakazuejbafa2dcgbrs2wkjt3fnimjbhtfl76ay7xmaveinqnniqwao:ccw67tszv3sss2hxmbq5jfgckjnxkzm7uquwuzputhxstzleo7sjmi75:borrow,borrow,USDC,0.030453263600551006,0,0.030453263600551006,0,0,0
2026-10-04T10:00:00.000Z,blend:v2.1:stellar:pool:cbakazuejbafa2dcgbrs2wkjt3fnimjbhtfl76ay7xmaveinqnniqwao:ccw67tszv3sss2hxmbq5jfgckjnxkzm7uquwuzputhxstzleo7sjmi75:supply,supply,USDC,0,0,0,0,,0
2026-10-04T10:00:00.000Z,blend:v2.1:stellar:pool:cbakazuejbafa2dcgbrs2wkjt3fnimjbhtfl76ay7xmaveinqnniqwao:cdtkpwplourqa2sgtktuqowrcbzeorb4bwbomj3d3ztqqsge5f6jbqlv:borrow,borrow,EURC,0.030453263600551006,0,0.030453263600551006,0,0,0
2026-10-04T10:00:00.000Z,blend:v2.1:stellar:pool:cbakazuejbafa2dcgbrs2wkjt3fnimjbhtfl76ay7xmaveinqnniqwao:cdtkpwplourqa2sgtktuqowrcbzeorb4bwbomj3d3ztqqsge5f6jbqlv:supply,supply,EURC,0,0,0,0,,0
2026-10-04T11:00:00.000Z,blend:v2.1:stellar:pool:cbakazuejbafa2dcgbrs2wkjt3fnimjbhtfl76ay7xmaveinqnniqwao:cas3j7gylgxmf6tdjbbyyse3hq6bbsmlnuq34t6tzmymw2evh34xowma:borrow,borrow,XLM,0.010050028723681548,0,0.010050028723681548,0,0,0
2026-10-04T11:00:00.000Z,blend:v2.1:stellar:pool:cbakazuejbafa2dcgbrs2wkjt3fnimjbhtfl76ay7xmaveinqnniqwao:cas3j7gylgxmf6tdjbbyyse3hq6bbsmlnuq34t6tzmymw2evh34xowma:supply,supply,XLM,0,0,0,0,,0
2026-10-04T11:00:00.000Z,blend:v2.1:stellar:pool:cbakazuejbafa2dcgbrs2wkjt3fnimjbhtfl76ay7xmaveinqnniqwao:ccw67tszv3sss2hxmbq5jfgckjnxkzm7uquwuzputhxstzleo7sjmi75:borrow,borrow,USDC,0.030453263600551006,0,0.030453263600551006,0,0,0
2026-10-04T11:00:00.000Z,blend:v2.1:stellar:pool:cbakazuejbafa2dcgbrs2wkjt3fnimjbhtfl76ay7xmaveinqnniqwao:ccw67tszv3sss2hxmbq5jfgckjnxkzm7uquwuzputhxstzleo7sjmi75:supply,supply,USDC,0,0,0,0,,0
2026-10-04T11:00:00.000Z,blend:v2.1:stellar:pool:cbakazuejbafa2dcgbrs2wkjt3fnimjbhtfl76ay7xmaveinqnniqwao:cdtkpwplourqa2sgtktuqowrcbzeorb4bwbomj3d3ztqqsge5f6jbqlv:borrow,borrow,EURC,0.030453263600551006,0,0.030453263600551006,0,0,0
2026-10-04T11:00:00.000Z,blend:v2.1:stellar:pool:cbakazuejbafa2dcgbrs2wkjt3fnimjbhtfl76ay7xmaveinqnniqwao:cdtkpwplourqa2sgtktuqowrcbzeorb4bwbomj3d3ztqqsge5f6jbqlv:supply,supply,EURC,0,0,0,0,,0
2026-10-04T12:00:00.000Z,blend:v2.1:stellar:pool:cbakazuejbafa2dcgbrs2wkjt3fnimjbhtfl76ay7xmaveinqnniqwao:cas3j7gylgxmf6tdjbbyyse3hq6bbsmlnuq34t6tzmymw2evh34xowma:borrow,borrow,XLM,0.010050028723681548,0,0.010050028723681548,0,0,0
2026-10-04T12:00:00.000Z,blend:v2.1:stellar:pool:cbakazuejbafa2dcgbrs2wkjt3fnimjbhtfl76ay7xmaveinqnniqwao:cas3j7gylgxmf6tdjbbyyse3hq6bbsmlnuq34t6tzmymw2evh34xowma:supply,supply,XLM,0,0,0,0,,0
2026-10-04T12:00:00.000Z,blend:v2.1:stellar:pool:cbakazuejbafa2dcgbrs2wkjt3fnimjbhtfl76ay7xmaveinqnniqwao:ccw67tszv3sss2hxmbq5jfgckjnxkzm7uquwuzputhxstzleo7sjmi75:borrow,borrow,USDC,0.030453263600551006,0,0.030453263600551006,0,0,0
2026-10-04T12:00:00.000Z,blend:v2.1:stellar:pool:cbakazuejbafa2dcgbrs2wkjt3fnimjbhtfl76ay7xmaveinqnniqwao:ccw67tszv3sss2hxmbq5jfgckjnxkzm7uquwuzputhxstzleo7sjmi75:supply,supply,USDC,0,0,0,0,,0
2026-10-04T12:00:00.000Z,blend:v2.1:stellar:pool:cbakazuejbafa2dcgbrs2wkjt3fnimjbhtfl76ay7xmaveinqnniqwao:cdtkpwplourqa2sgtktuqowrcbzeorb4bwbomj3d3ztqqsge5f6jbqlv:borrow,borrow,EURC,0.030453263600551006,0,0.030453263600551006,0,0,0
2026-10-04T12:00:00.000Z,blend:v2.1:stellar:pool:cbakazuejbafa2dcgbrs2wkjt3fnimjbhtfl76ay7xmaveinqnniqwao:cdtkpwplourqa2sgtktuqowrcbzeorb4bwbomj3d3ztqqsge5f6jbqlv:supply,supply,EURC,0,0,0,0,,0
2026-10-04T13:00:00.000Z,blend:v2.1:stellar:pool:cbakazuejbafa2dcgbrs2wkjt3fnimjbhtfl76ay7xmaveinqnniqwao:cas3j7gylgxmf6tdjbbyyse3hq6bbsmlnuq34t6tzmymw2evh34xowma:borrow,borrow,XLM,0.010050028723681548,0,0.010050028723681548,0,0,0
2026-10-04T13:00:00.000Z,blend:v2.1:stellar:pool:cbakazuejbafa2dcgbrs2wkjt3fnimjbhtfl76ay7xmaveinqnniqwao:cas3j7gylgxmf6tdjbbyyse3hq6bbsmlnuq34t6tzmymw2evh34xowma:supply,supply,XLM,0,0,0,0,,0
2026-10-04T13:00:00.000Z,blend:v2.1:stellar:pool:cbakazuejbafa2dcgbrs2wkjt3fnimjbhtfl76ay7xmaveinqnniqwao:ccw67tszv3sss2hxmbq5jfgckjnxkzm7uquwuzputhxstzleo7sjmi75:borrow,borrow,USDC,0.030453263600551006,0,0.030453263600551006,0,0,0
2026-10-04T13:00:00.000Z,blend:v2.1:stellar:pool:cbakazuejbafa2dcgbrs2wkjt3fnimjbhtfl76ay7xmaveinqnniqwao:ccw67tszv3sss2hxmbq5jfgckjnxkzm7uquwuzputhxstzleo7sjmi75:supply,supply,USDC,0,0,0,0,,0
2026-10-04T13:00:00.000Z,blend:v2.1:stellar:pool:cbakazuejbafa2dcgbrs2wkjt3fnimjbhtfl76ay7xmaveinqnniqwao:cdtkpwplourqa2sgtktuqowrcbzeorb4bwbomj3d3ztqqsge5f6jbqlv:borrow,borrow,EURC,0.030453263600551006,0,0.030453263600551006,0,0,0
2026-10-04T13:00:00.000Z,blend:v2.1:stellar:pool:cbakazuejbafa2dcgbrs2wkjt3fnimjbhtfl76ay7xmaveinqnniqwao:cdtkpwplourqa2sgtktuqowrcbzeorb4bwbomj3d3ztqqsge5f6jbqlv:supply,supply,EURC,0,0,0,0,,0
2026-10-04T14:00:00.000Z,blend:v2.1:stellar:pool:cbakazuejbafa2dcgbrs2wkjt3fnimjbhtfl76ay7xmaveinqnniqwao:cas3j7gylgxmf6tdjbbyyse3hq6bbsmlnuq34t6tzmymw2evh34xowma:borrow,borrow,XLM,0.010050028723681548,0,0.010050028723681548,0,0,0
2026-10-04T14:00:00.000Z,blend:v2.1:stellar:pool:cbakazuejbafa2dcgbrs2wkjt3fnimjbhtfl76ay7xmaveinqnniqwao:cas3j7gylgxmf6tdjbbyyse3hq6bbsmlnuq34t6tzmymw2evh34xowma:supply,supply,XLM,0,0,0,0,,0
2026-10-04T14:00:00.000Z,blend:v2.1:stellar:pool:cbakazuejbafa2dcgbrs2wkjt3fnimjbhtfl76ay7xmaveinqnniqwao:ccw67tszv3sss2hxmbq5jfgckjnxkzm7uquwuzputhxstzleo7sjmi75:borrow,borrow,USDC,0.030453263600551006,0,0.030453263600551006,0,0,0
2026-10-04T14:00:00.000Z,blend:v2.1:stellar:pool:cbakazuejbafa2dcgbrs2wkjt3fnimjbhtfl76ay7xmaveinqnniqwao:ccw67tszv3sss2hxmbq5jfgckjnxkzm7uquwuzputhxstzleo7sjmi75:supply,supply,USDC,0,0,0,0,,0
2026-10-04T14:00:00.000Z,blend:v2.1:stellar:pool:cbakazuejbafa2dcgbrs2wkjt3fnimjbhtfl76ay7xmaveinqnniqwao:cdtkpwplourqa2sgtktuqowrcbzeorb4bwbomj3d3ztqqsge5f6jbqlv:borrow,borrow,EURC,0.030453263600551006,0,0.030453263600551006,0,0,0
2026-10-04T14:00:00.000Z,blend:v2.1:stellar:pool:cbakazuejbafa2dcgbrs2wkjt3fnimjbhtfl76ay7xmaveinqnniqwao:cdtkpwplourqa2sgtktuqowrcbzeorb4bwbomj3d3ztqqsge5f6jbqlv:supply,supply,EURC,0,0,0,0,,0
2026-10-04T15:00:00.000Z,blend:v2.1:stellar:pool:cbakazuejbafa2dcgbrs2wkjt3fnimjbhtfl76ay7xmaveinqnniqwao:cas3j7gylgxmf6tdjbbyyse3hq6bbsmlnuq34t6tzmymw2evh34xowma:borrow,borrow,XLM,0.010050028723681548,0,0.010050028723681548,0,0,0
2026-10-04T15:00:00.000Z,blend:v2.1:stellar:pool:cbakazuejbafa2dcgbrs2wkjt3fnimjbhtfl76ay7xmaveinqnniqwao:cas3j7gylgxmf6tdjbbyyse3hq6bbsmlnuq34t6tzmymw2evh34xowma:supply,supply,XLM,0,0,0,0,,0
2026-10-04T15:00:00.000Z,blend:v2.1:stellar:pool:cbakazuejbafa2dcgbrs2wkjt3fnimjbhtfl76ay7xmaveinqnniqwao:ccw67tszv3sss2hxmbq5jfgckjnxkzm7uquwuzputhxstzleo7sjmi75:borrow,borrow,USDC,0.030453263600551006,0,0.030453263600551006,0,0,0
2026-10-04T15:00:00.000Z,blend:v2.1:stellar:pool:cbakazuejbafa2dcgbrs2wkjt3fnimjbhtfl76ay7xmaveinqnniqwao:ccw67tszv3sss2hxmbq5jfgckjnxkzm7uquwuzputhxstzleo7sjmi75:supply,supply,USDC,0,0,0,0,,0
2026-10-04T15:00:00.000Z,blend:v2.1:stellar:pool:cbakazuejbafa2dcgbrs2wkjt3fnimjbhtfl76ay7xmaveinqnniqwao:cdtkpwplourqa2sgtktuqowrcbzeorb4bwbomj3d3ztqqsge5f6jbqlv:borrow,borrow,EURC,0.030453263600551006,0,0.030453263600551006,0,0,0
2026-10-04T15:00:00.000Z,blend:v2.1:stellar:pool:cbakazuejbafa2dcgbrs2wkjt3fnimjbhtfl76ay7xmaveinqnniqwao:cdtkpwplourqa2sgtktuqowrcbzeorb4bwbomj3d3ztqqsge5f6jbqlv:supply,supply,EURC,0,0,0,0,,0
2026-10-04T16:00:00.000Z,blend:v2.1:stellar:pool:cbakazuejbafa2dcgbrs2wkjt3fnimjbhtfl76ay7xmaveinqnniqwao:cas3j7gylgxmf6tdjbbyyse3hq6bbsmlnuq34t6tzmymw2evh34xowma:borrow,borrow,XLM,0.010050028723681548,0,0.010050028723681548,0,0,0
2026-10-04T16:00:00.000Z,blend:v2.1:stellar:pool:cbakazuejbafa2dcgbrs2wkjt3fnimjbhtfl76ay7xmaveinqnniqwao:cas3j7gylgxmf6tdjbbyyse3hq6bbsmlnuq34t6tzmymw2evh34xowma:supply,supply,XLM,0,0,0,0,,0
2026-10-04T16:00:00.000Z,blend:v2.1:stellar:pool:cbakazuejbafa2dcgbrs2wkjt3fnimjbhtfl76ay7xmaveinqnniqwao:ccw67tszv3sss2hxmbq5jfgckjnxkzm7uquwuzputhxstzleo7sjmi75:borrow,borrow,USDC,0.030453263600551006,0,0.030453263600551006,0,0,0
2026-10-04T16:00:00.000Z,blend:v2.1:stellar:pool:cbakazuejbafa2dcgbrs2wkjt3fnimjbhtfl76ay7xmaveinqnniqwao:ccw67tszv3sss2hxmbq5jfgckjnxkzm7uquwuzputhxstzleo7sjmi75:supply,supply,USDC,0,0,0,0,,0
2026-10-04T16:00:00.000Z,blend:v2.1:stellar:pool:cbakazuejbafa2dcgbrs2wkjt3fnimjbhtfl76ay7xmaveinqnniqwao:cdtkpwplourqa2sgtktuqowrcbzeorb4bwbomj3d3ztqqsge5f6jbqlv:borrow,borrow,EURC,0.030453263600551006,0,0.030453263600551006,0,0,0
2026-10-04T16:00:00.000Z,blend:v2.1:stellar:pool:cbakazuejbafa2dcgbrs2wkjt3fnimjbhtfl76ay7xmaveinqnniqwao:cdtkpwplourqa2sgtktuqowrcbzeorb4bwbomj3d3ztqqsge5f6jbqlv:supply,supply,EURC,0,0,0,0,,0
2026-10-04T17:00:00.000Z,blend:v2.1:stellar:pool:cbakazuejbafa2dcgbrs2wkjt3fnimjbhtfl76ay7xmaveinqnniqwao:cas3j7gylgxmf6tdjbbyyse3hq6bbsmlnuq34t6tzmymw2evh34xowma:borrow,borrow,XLM,0.010050028723681548,0,0.010050028723681548,0,0,0
2026-10-04T17:00:00.000Z,blend:v2.1:stellar:pool:cbakazuejbafa2dcgbrs2wkjt3fnimjbhtfl76ay7xmaveinqnniqwao:cas3j7gylgxmf6tdjbbyyse3hq6bbsmlnuq34t6tzmymw2evh34xowma:supply,supply,XLM,0,0,0,0,,0
2026-10-04T17:00:00.000Z,blend:v2.1:stellar:pool:cbakazuejbafa2dcgbrs2wkjt3fnimjbhtfl76ay7xmaveinqnniqwao:ccw67tszv3sss2hxmbq5jfgckjnxkzm7uquwuzputhxstzleo7sjmi75:borrow,borrow,USDC,0.030453263600551006,0,0.030453263600551006,0,0,0
2026-10-04T17:00:00.000Z,blend:v2.1:stellar:pool:cbakazuejbafa2dcgbrs2wkjt3fnimjbhtfl76ay7xmaveinqnniqwao:ccw67tszv3sss2hxmbq5jfgckjnxkzm7uquwuzputhxstzleo7sjmi75:supply,supply,USDC,0,0,0,0,,0
2026-10-04T17:00:00.000Z,blend:v2.1:stellar:pool:cbakazuejbafa2dcgbrs2wkjt3fnimjbhtfl76ay7xmaveinqnniqwao:cdtkpwplourqa2sgtktuqowrcbzeorb4bwbomj3d3ztqqsge5f6jbqlv:borrow,borrow,EURC,0.030453263600551006,0,0.030453263600551006,0,0,0
2026-10-04T17:00:00.000Z,blend:v2.1:stellar:pool:cbakazuejbafa2dcgbrs2wkjt3fnimjbhtfl76ay7xmaveinqnniqwao:cdtkpwplourqa2sgtktuqowrcbzeorb4bwbomj3d3ztqqsge5f6jbqlv:supply,supply,EURC,0,0,0,0,,0
2026-10-04T18:00:00.000Z,blend:v2.1:stellar:pool:cbakazuejbafa2dcgbrs2wkjt3fnimjbhtfl76ay7xmaveinqnniqwao:cas3j7gylgxmf6tdjbbyyse3hq6bbsmlnuq34t6tzmymw2evh34xowma:borrow,borrow,XLM,0.010050028723681548,0,0.010050028723681548,0,0,0
2026-10-04T18:00:00.000Z,blend:v2.1:stellar:pool:cbakazuejbafa2dcgbrs2wkjt3fnimjbhtfl76ay7xmaveinqnniqwao:cas3j7gylgxmf6tdjbbyyse3hq6bbsmlnuq34t6tzmymw2evh34xowma:supply,supply,XLM,0,0,0,0,,0
2026-10-04T18:00:00.000Z,blend:v2.1:stellar:pool:cbakazuejbafa2dcgbrs2wkjt3fnimjbhtfl76ay7xmaveinqnniqwao:ccw67tszv3sss2hxmbq5jfgckjnxkzm7uquwuzputhxstzleo7sjmi75:borrow,borrow,USDC,0.030453263600551006,0,0.030453263600551006,0,0,0
2026-10-04T18:00:00.000Z,blend:v2.1:stellar:pool:cbakazuejbafa2dcgbrs2wkjt3fnimjbhtfl76ay7xmaveinqnniqwao:ccw67tszv3sss2hxmbq5jfgckjnxkzm7uquwuzputhxstzleo7sjmi75:supply,supply,USDC,0,0,0,0,,0
2026-10-04T18:00:00.000Z,blend:v2.1:stellar:pool:cbakazuejbafa2dcgbrs2wkjt3fnimjbhtfl76ay7xmaveinqnniqwao:cdtkpwplourqa2sgtktuqowrcbzeorb4bwbomj3d3ztqqsge5f6jbqlv:borrow,borrow,EURC,0.030453263600551006,0,0.030453263600551006,0,0,0
2026-10-04T18:00:00.000Z,blend:v2.1:stellar:pool:cbakazuejbafa2dcgbrs2wkjt3fnimjbhtfl76ay7xmaveinqnniqwao:cdtkpwplourqa2sgtktuqowrcbzeorb4bwbomj3d3ztqqsge5f6jbqlv:supply,supply,EURC,0,0,0,0,,0
2026-10-04T19:00:00.000Z,blend:v2.1:stellar:pool:cbakazuejbafa2dcgbrs2wkjt3fnimjbhtfl76ay7xmaveinqnniqwao:cas3j7gylgxmf6tdjbbyyse3hq6bbsmlnuq34t6tzmymw2evh34xowma:borrow,borrow,XLM,0.010050028723681548,0,0.010050028723681548,0,0,0
2026-10-04T19:00:00.000Z,blend:v2.1:stellar:pool:cbakazuejbafa2dcgbrs2wkjt3fnimjbhtfl76ay7xmaveinqnniqwao:cas3j7gylgxmf6tdjbbyyse3hq6bbsmlnuq34t6tzmymw2evh34xowma:supply,supply,XLM,0,0,0,0,,0
2026-10-04T19:00:00.000Z,blend:v2.1:stellar:pool:cbakazuejbafa2dcgbrs2wkjt3fnimjbhtfl76ay7xmaveinqnniqwao:ccw67tszv3sss2hxmbq5jfgckjnxkzm7uquwuzputhxstzleo7sjmi75:borrow,borrow,USDC,0.030453263600551006,0,0.030453263600551006,0,0,0
2026-10-04T19:00:00.000Z,blend:v2.1:stellar:pool:cbakazuejbafa2dcgbrs2wkjt3fnimjbhtfl76ay7xmaveinqnniqwao:ccw67tszv3sss2hxmbq5jfgckjnxkzm7uquwuzputhxstzleo7sjmi75:supply,supply,USDC,0,0,0,0,,0
2026-10-04T19:00:00.000Z,blend:v2.1:stellar:pool:cbakazuejbafa2dcgbrs2wkjt3fnimjbhtfl76ay7xmaveinqnniqwao:cdtkpwplourqa2sgtktuqowrcbzeorb4bwbomj3d3ztqqsge5f6jbqlv:borrow,borrow,EURC,0.030453263600551006,0,0.030453263600551006,0,0,0
2026-10-04T19:00:00.000Z,blend:v2.1:stellar:pool:cbakazuejbafa2dcgbrs2wkjt3fnimjbhtfl76ay7xmaveinqnniqwao:cdtkpwplourqa2sgtktuqowrcbzeorb4bwbomj3d3ztqqsge5f6jbqlv:supply,supply,EURC,0,0,0,0,,0
2026-10-04T20:00:00.000Z,blend:v2.1:stellar:pool:cbakazuejbafa2dcgbrs2wkjt3fnimjbhtfl76ay7xmaveinqnniqwao:cas3j7gylgxmf6tdjbbyyse3hq6bbsmlnuq34t6tzmymw2evh34xowma:borrow,borrow,XLM,0.010050028723681548,0,0.010050028723681548,0,0,0
2026-10-04T20:00:00.000Z,blend:v2.1:stellar:pool:cbakazuejbafa2dcgbrs2wkjt3fnimjbhtfl76ay7xmaveinqnniqwao:cas3j7gylgxmf6tdjbbyyse3hq6bbsmlnuq34t6tzmymw2evh34xowma:supply,supply,XLM,0,0,0,0,,0
2026-10-04T20:00:00.000Z,blend:v2.1:stellar:pool:cbakazuejbafa2dcgbrs2wkjt3fnimjbhtfl76ay7xmaveinqnniqwao:ccw67tszv3sss2hxmbq5jfgckjnxkzm7uquwuzputhxstzleo7sjmi75:borrow,borrow,USDC,0.030453263600551006,0,0.030453263600551006,0,0,0
2026-10-04T20:00:00.000Z,blend:v2.1:stellar:pool:cbakazuejbafa2dcgbrs2wkjt3fnimjbhtfl76ay7xmaveinqnniqwao:ccw67tszv3sss2hxmbq5jfgckjnxkzm7uquwuzputhxstzleo7sjmi75:supply,supply,USDC,0,0,0,0,,0
2026-10-04T20:00:00.000Z,blend:v2.1:stellar:pool:cbakazuejbafa2dcgbrs2wkjt3fnimjbhtfl76ay7xmaveinqnniqwao:cdtkpwplourqa2sgtktuqowrcbzeorb4bwbomj3d3ztqqsge5f6jbqlv:borrow,borrow,EURC,0.030453263600551006,0,0.030453263600551006,0,0,0
2026-10-04T20:00:00.000Z,blend:v2.1:stellar:pool:cbakazuejbafa2dcgbrs2wkjt3fnimjbhtfl76ay7xmaveinqnniqwao:cdtkpwplourqa2sgtktuqowrcbzeorb4bwbomj3d3ztqqsge5f6jbqlv:supply,supply,EURC,0,0,0,0,,0
2026-10-04T21:00:00.000Z,blend:v2.1:stellar:pool:cbakazuejbafa2dcgbrs2wkjt3fnimjbhtfl76ay7xmaveinqnniqwao:cas3j7gylgxmf6tdjbbyyse3hq6bbsmlnuq34t6tzmymw2evh34xowma:borrow,borrow,XLM,0.010050028723681548,0,0.010050028723681548,0,0,0
2026-10-04T21:00:00.000Z,blend:v2.1:stellar:pool:cbakazuejbafa2dcgbrs2wkjt3fnimjbhtfl76ay7xmaveinqnniqwao:cas3j7gylgxmf6tdjbbyyse3hq6bbsmlnuq34t6tzmymw2evh34xowma:supply,supply,XLM,0,0,0,0,,0
2026-10-04T21:00:00.000Z,blend:v2.1:stellar:pool:cbakazuejbafa2dcgbrs2wkjt3fnimjbhtfl76ay7xmaveinqnniqwao:ccw67tszv3sss2hxmbq5jfgckjnxkzm7uquwuzputhxstzleo7sjmi75:borrow,borrow,USDC,0.030453263600551006,0,0.030453263600551006,0,0,0
2026-10-04T21:00:00.000Z,blend:v2.1:stellar:pool:cbakazuejbafa2dcgbrs2wkjt3fnimjbhtfl76ay7xmaveinqnniqwao:ccw67tszv3sss2hxmbq5jfgckjnxkzm7uquwuzputhxstzleo7sjmi75:supply,supply,USDC,0,0,0,0,,0
2026-10-04T21:00:00.000Z,blend:v2.1:stellar:pool:cbakazuejbafa2dcgbrs2wkjt3fnimjbhtfl76ay7xmaveinqnniqwao:cdtkpwplourqa2sgtktuqowrcbzeorb4bwbomj3d3ztqqsge5f6jbqlv:borrow,borrow,EURC,0.030453263600551006,0,0.030453263600551006,0,0,0
2026-10-04T21:00:00.000Z,blend:v2.1:stellar:pool:cbakazuejbafa2dcgbrs2wkjt3fnimjbhtfl76ay7xmaveinqnniqwao:cdtkpwplourqa2sgtktuqowrcbzeorb4bwbomj3d3ztqqsge5f6jbqlv:supply,supply,EURC,0,0,0,0,,0
2026-10-04T22:00:00.000Z,blend:v2.1:stellar:pool:cbakazuejbafa2dcgbrs2wkjt3fnimjbhtfl76ay7xmaveinqnniqwao:cas3j7gylgxmf6tdjbbyyse3hq6bbsmlnuq34t6tzmymw2evh34xowma:borrow,borrow,XLM,0.010050028723681548,0,0.010050028723681548,0,0,0
2026-10-04T22:00:00.000Z,blend:v2.1:stellar:pool:cbakazuejbafa2dcgbrs2wkjt3fnimjbhtfl76ay7xmaveinqnniqwao:cas3j7gylgxmf6tdjbbyyse3hq6bbsmlnuq34t6tzmymw2evh34xowma:supply,supply,XLM,0,0,0,0,,0
2026-10-04T22:00:00.000Z,blend:v2.1:stellar:pool:cbakazuejbafa2dcgbrs2wkjt3fnimjbhtfl76ay7xmaveinqnniqwao:ccw67tszv3sss2hxmbq5jfgckjnxkzm7uquwuzputhxstzleo7sjmi75:borrow,borrow,USDC,0.030453263600551006,0,0.030453263600551006,0,0,0
2026-10-04T22:00:00.000Z,blend:v2.1:stellar:pool:cbakazuejbafa2dcgbrs2wkjt3fnimjbhtfl76ay7xmaveinqnniqwao:ccw67tszv3sss2hxmbq5jfgckjnxkzm7uquwuzputhxstzleo7sjmi75:supply,supply,USDC,0,0,0,0,,0
2026-10-04T22:00:00.000Z,blend:v2.1:stellar:pool:cbakazuejbafa2dcgbrs2wkjt3fnimjbhtfl76ay7xmaveinqnniqwao:cdtkpwplourqa2sgtktuqowrcbzeorb4bwbomj3d3ztqqsge5f6jbqlv:borrow,borrow,EURC,0.030453263600551006,0,0.030453263600551006,0,0,0
2026-10-04T22:00:00.000Z,blend:v2.1:stellar:pool:cbakazuejbafa2dcgbrs2wkjt3fnimjbhtfl76ay7xmaveinqnniqwao:cdtkpwplourqa2sgtktuqowrcbzeorb4bwbomj3d3ztqqsge5f6jbqlv:supply,supply,EURC,0,0,0,0,,0
2026-10-04T23:00:00.000Z,blend:v2.1:stellar:pool:cbakazuejbafa2dcgbrs2wkjt3fnimjbhtfl76ay7xmaveinqnniqwao:cas3j7gylgxmf6tdjbbyyse3hq6bbsmlnuq34t6tzmymw2evh34xowma:borrow,borrow,XLM,0.010050028723681548,0,0.010050028723681548,0,0,0
2026-10-04T23:00:00.000Z,blend:v2.1:stellar:pool:cbakazuejbafa2dcgbrs2wkjt3fnimjbhtfl76ay7xmaveinqnniqwao:cas3j7gylgxmf6tdjbbyyse3hq6bbsmlnuq34t6tzmymw2evh34xowma:supply,supply,XLM,0,0,0,0,,0
2026-10-04T23:00:00.000Z,blend:v2.1:stellar:pool:cbakazuejbafa2dcgbrs2wkjt3fnimjbhtfl76ay7xmaveinqnniqwao:ccw67tszv3sss2hxmbq5jfgckjnxkzm7uquwuzputhxstzleo7sjmi75:borrow,borrow,USDC,0.030453263600551006,0,0.030453263600551006,0,0,0
2026-10-04T23:00:00.000Z,blend:v2.1:stellar:pool:cbakazuejbafa2dcgbrs2wkjt3fnimjbhtfl76ay7xmaveinqnniqwao:ccw67tszv3sss2hxmbq5jfgckjnxkzm7uquwuzputhxstzleo7sjmi75:supply,supply,USDC,0,0,0,0,,0
2026-10-04T23:00:00.000Z,blend:v2.1:stellar:pool:cbakazuejbafa2dcgbrs2wkjt3fnimjbhtfl76ay7xmaveinqnniqwao:cdtkpwplourqa2sgtktuqowrcbzeorb4bwbomj3d3ztqqsge5f6jbqlv:borrow,borrow,EURC,0.030453263600551006,0,0.030453263600551006,0,0,0
2026-10-04T23:00:00.000Z,blend:v2.1:stellar:pool:cbakazuejbafa2dcgbrs2wkjt3fnimjbhtfl76ay7xmaveinqnniqwao:cdtkpwplourqa2sgtktuqowrcbzeorb4bwbomj3d3ztqqsge5f6jbqlv:supply,supply,EURC,0,0,0,0,,0
2026-10-05T00:00:00.000Z,blend:v2.1:stellar:pool:cbakazuejbafa2dcgbrs2wkjt3fnimjbhtfl76ay7xmaveinqnniqwao:cas3j7gylgxmf6tdjbbyyse3hq6bbsmlnuq34t6tzmymw2evh34xowma:borrow,borrow,XLM,0.010050028723681548,0,0.010050028723681548,0,0,0
2026-10-05T00:00:00.000Z,blend:v2.1:stellar:pool:cbakazuejbafa2dcgbrs2wkjt3fnimjbhtfl76ay7xmaveinqnniqwao:cas3j7gylgxmf6tdjbbyyse3hq6bbsmlnuq34t6tzmymw2evh34xowma:supply,supply,XLM,0,0,0,0,,0
2026-10-05T00:00:00.000Z,blend:v2.1:stellar:pool:cbakazuejbafa2dcgbrs2wkjt3fnimjbhtfl76ay7xmaveinqnniqwao:ccw67tszv3sss2hxmbq5jfgckjnxkzm7uquwuzputhxstzleo7sjmi75:borrow,borrow,USDC,0.030453263600551006,0,0.030453263600551006,0,0,0
2026-10-05T00:00:00.000Z,blend:v2.1:stellar:pool:cbakazuejbafa2dcgbrs2wkjt3fnimjbhtfl76ay7xmaveinqnniqwao:ccw67tszv3sss2hxmbq5jfgckjnxkzm7uquwuzputhxstzleo7sjmi75:supply,supply,USDC,0,0,0,0,,0
2026-10-05T00:00:00.000Z,blend:v2.1:stellar:pool:cbakazuejbafa2dcgbrs2wkjt3fnimjbhtfl76ay7xmaveinqnniqwao:cdtkpwplourqa2sgtktuqowrcbzeorb4bwbomj3d3ztqqsge5f6jbqlv:borrow,borrow,EURC,0.030453263600551006,0,0.030453263600551006,0,0,0
2026-10-05T00:00:00.000Z,blend:v2.1:stellar:pool:cbakazuejbafa2dcgbrs2wkjt3fnimjbhtfl76ay7xmaveinqnniqwao:cdtkpwplourqa2sgtktuqowrcbzeorb4bwbomj3d3ztqqsge5f6jbqlv:supply,supply,EURC,0,0,0,0,,0
2026-10-05T01:00:00.000Z,blend:v2.1:stellar:pool:cbakazuejbafa2dcgbrs2wkjt3fnimjbhtfl76ay7xmaveinqnniqwao:cas3j7gylgxmf6tdjbbyyse3hq6bbsmlnuq34t6tzmymw2evh34xowma:borrow,borrow,XLM,0.010050028723681548,0,0.010050028723681548,0,0,0
2026-10-05T01:00:00.000Z,blend:v2.1:stellar:pool:cbakazuejbafa2dcgbrs2wkjt3fnimjbhtfl76ay7xmaveinqnniqwao:cas3j7gylgxmf6tdjbbyyse3hq6bbsmlnuq34t6tzmymw2evh34xowma:supply,supply,XLM,0,0,0,0,,0
2026-10-05T01:00:00.000Z,blend:v2.1:stellar:pool:cbakazuejbafa2dcgbrs2wkjt3fnimjbhtfl76ay7xmaveinqnniqwao:ccw67tszv3sss2hxmbq5jfgckjnxkzm7uquwuzputhxstzleo7sjmi75:borrow,borrow,USDC,0.030453263600551006,0,0.030453263600551006,0,0,0
2026-10-05T01:00:00.000Z,blend:v2.1:stellar:pool:cbakazuejbafa2dcgbrs2wkjt3fnimjbhtfl76ay7xmaveinqnniqwao:ccw67tszv3sss2hxmbq5jfgckjnxkzm7uquwuzputhxstzleo7sjmi75:supply,supply,USDC,0,0,0,0,,0
2026-10-05T01:00:00.000Z,blend:v2.1:stellar:pool:cbakazuejbafa2dcgbrs2wkjt3fnimjbhtfl76ay7xmaveinqnniqwao:cdtkpwplourqa2sgtktuqowrcbzeorb4bwbomj3d3ztqqsge5f6jbqlv:borrow,borrow,EURC,0.030453263600551006,0,0.030453263600551006,0,0,0
2026-10-05T01:00:00.000Z,blend:v2.1:stellar:pool:cbakazuejbafa2dcgbrs2wkjt3fnimjbhtfl76ay7xmaveinqnniqwao:cdtkpwplourqa2sgtktuqowrcbzeorb4bwbomj3d3ztqqsge5f6jbqlv:supply,supply,EURC,0,0,0,0,,0
2026-10-05T02:00:00.000Z,blend:v2.1:stellar:pool:cbakazuejbafa2dcgbrs2wkjt3fnimjbhtfl76ay7xmaveinqnniqwao:cas3j7gylgxmf6tdjbbyyse3hq6bbsmlnuq34t6tzmymw2evh34xowma:borrow,borrow,XLM,0.010050028723681548,0,0.010050028723681548,0,0,0
2026-10-05T02:00:00.000Z,blend:v2.1:stellar:pool:cbakazuejbafa2dcgbrs2wkjt3fnimjbhtfl76ay7xmaveinqnniqwao:cas3j7gylgxmf6tdjbbyyse3hq6bbsmlnuq34t6tzmymw2evh34xowma:supply,supply,XLM,0,0,0,0,,0
2026-10-05T02:00:00.000Z,blend:v2.1:stellar:pool:cbakazuejbafa2dcgbrs2wkjt3fnimjbhtfl76ay7xmaveinqnniqwao:ccw67tszv3sss2hxmbq5jfgckjnxkzm7uquwuzputhxstzleo7sjmi75:borrow,borrow,USDC,0.030453263600551006,0,0.030453263600551006,0,0,0
2026-10-05T02:00:00.000Z,blend:v2.1:stellar:pool:cbakazuejbafa2dcgbrs2wkjt3fnimjbhtfl76ay7xmaveinqnniqwao:ccw67tszv3sss2hxmbq5jfgckjnxkzm7uquwuzputhxstzleo7sjmi75:supply,supply,USDC,0,0,0,0,,0
2026-10-05T02:00:00.000Z,blend:v2.1:stellar:pool:cbakazuejbafa2dcgbrs2wkjt3fnimjbhtfl76ay7xmaveinqnniqwao:cdtkpwplourqa2sgtktuqowrcbzeorb4bwbomj3d3ztqqsge5f6jbqlv:borrow,borrow,EURC,0.030453263600551006,0,0.030453263600551006,0,0,0
2026-10-05T02:00:00.000Z,blend:v2.1:stellar:pool:cbakazuejbafa2dcgbrs2wkjt3fnimjbhtfl76ay7xmaveinqnniqwao:cdtkpwplourqa2sgtktuqowrcbzeorb4bwbomj3d3ztqqsge5f6jbqlv:supply,supply,EURC,0,0,0,0,,0
2026-10-05T03:00:00.000Z,blend:v2.1:stellar:pool:cbakazuejbafa2dcgbrs2wkjt3fnimjbhtfl76ay7xmaveinqnniqwao:cas3j7gylgxmf6tdjbbyyse3hq6bbsmlnuq34t6tzmymw2evh34xowma:borrow,borrow,XLM,0.010050028723681548,0,0.010050028723681548,0,0,0
2026-10-05T03:00:00.000Z,blend:v2.1:stellar:pool:cbakazuejbafa2dcgbrs2wkjt3fnimjbhtfl76ay7xmaveinqnniqwao:cas3j7gylgxmf6tdjbbyyse3hq6bbsmlnuq34t6tzmymw2evh34xowma:supply,supply,XLM,0,0,0,0,,0
2026-10-05T03:00:00.000Z,blend:v2.1:stellar:pool:cbakazuejbafa2dcgbrs2wkjt3fnimjbhtfl76ay7xmaveinqnniqwao:ccw67tszv3sss2hxmbq5jfgckjnxkzm7uquwuzputhxstzleo7sjmi75:borrow,borrow,USDC,0.030453263600551006,0,0.030453263600551006,0,0,0
2026-10-05T03:00:00.000Z,blend:v2.1:stellar:pool:cbakazuejbafa2dcgbrs2wkjt3fnimjbhtfl76ay7xmaveinqnniqwao:ccw67tszv3sss2hxmbq5jfgckjnxkzm7uquwuzputhxstzleo7sjmi75:supply,supply,USDC,0,0,0,0,,0
2026-10-05T03:00:00.000Z,blend:v2.1:stellar:pool:cbakazuejbafa2dcgbrs2wkjt3fnimjbhtfl76ay7xmaveinqnniqwao:cdtkpwplourqa2sgtktuqowrcbzeorb4bwbomj3d3ztqqsge5f6jbqlv:borrow,borrow,EURC,0.030453263600551006,0,0.030453263600551006,0,0,0
2026-10-05T03:00:00.000Z,blend:v2.1:stellar:pool:cbakazuejbafa2dcgbrs2wkjt3fnimjbhtfl76ay7xmaveinqnniqwao:cdtkpwplourqa2sgtktuqowrcbzeorb4bwbomj3d3ztqqsge5f6jbqlv:supply,supply,EURC,0,0,0,0,,0
2026-10-05T04:00:00.000Z,blend:v2.1:stellar:pool:cbakazuejbafa2dcgbrs2wkjt3fnimjbhtfl76ay7xmaveinqnniqwao:cas3j7gylgxmf6tdjbbyyse3hq6bbsmlnuq34t6tzmymw2evh34xowma:borrow,borrow,XLM,0.010050028723681548,0,0.010050028723681548,0,0,0
2026-10-05T04:00:00.000Z,blend:v2.1:stellar:pool:cbakazuejbafa2dcgbrs2wkjt3fnimjbhtfl76ay7xmaveinqnniqwao:cas3j7gylgxmf6tdjbbyyse3hq6bbsmlnuq34t6tzmymw2evh34xowma:supply,supply,XLM,0,0,0,0,,0
2026-10-05T04:00:00.000Z,blend:v2.1:stellar:pool:cbakazuejbafa2dcgbrs2wkjt3fnimjbhtfl76ay7xmaveinqnniqwao:ccw67tszv3sss2hxmbq5jfgckjnxkzm7uquwuzputhxstzleo7sjmi75:borrow,borrow,USDC,0.030453263600551006,0,0.030453263600551006,0,0,0
2026-10-05T04:00:00.000Z,blend:v2.1:stellar:pool:cbakazuejbafa2dcgbrs2wkjt3fnimjbhtfl76ay7xmaveinqnniqwao:ccw67tszv3sss2hxmbq5jfgckjnxkzm7uquwuzputhxstzleo7sjmi75:supply,supply,USDC,0,0,0,0,,0
2026-10-05T04:00:00.000Z,blend:v2.1:stellar:pool:cbakazuejbafa2dcgbrs2wkjt3fnimjbhtfl76ay7xmaveinqnniqwao:cdtkpwplourqa2sgtktuqowrcbzeorb4bwbomj3d3ztqqsge5f6jbqlv:borrow,borrow,EURC,0.030453263600551006,0,0.030453263600551006,0,0,0
2026-10-05T04:00:00.000Z,blend:v2.1:stellar:pool:cbakazuejbafa2dcgbrs2wkjt3fnimjbhtfl76ay7xmaveinqnniqwao:cdtkpwplourqa2sgtktuqowrcbzeorb4bwbomj3d3ztqqsge5f6jbqlv:supply,supply,EURC,0,0,0,0,,0
2026-10-05T05:00:00.000Z,blend:v2.1:stellar:pool:cbakazuejbafa2dcgbrs2wkjt3fnimjbhtfl76ay7xmaveinqnniqwao:cas3j7gylgxmf6tdjbbyyse3hq6bbsmlnuq34t6tzmymw2evh34xowma:borrow,borrow,XLM,0.010050028723681548,0,0.010050028723681548,0,0,0
2026-10-05T05:00:00.000Z,blend:v2.1:stellar:pool:cbakazuejbafa2dcgbrs2wkjt3fnimjbhtfl76ay7xmaveinqnniqwao:cas3j7gylgxmf6tdjbbyyse3hq6bbsmlnuq34t6tzmymw2evh34xowma:supply,supply,XLM,0,0,0,0,,0
2026-10-05T05:00:00.000Z,blend:v2.1:stellar:pool:cbakazuejbafa2dcgbrs2wkjt3fnimjbhtfl76ay7xmaveinqnniqwao:ccw67tszv3sss2hxmbq5jfgckjnxkzm7uquwuzputhxstzleo7sjmi75:borrow,borrow,USDC,0.030453263600551006,0,0.030453263600551006,0,0,0
2026-10-05T05:00:00.000Z,blend:v2.1:stellar:pool:cbakazuejbafa2dcgbrs2wkjt3fnimjbhtfl76ay7xmaveinqnniqwao:ccw67tszv3sss2hxmbq5jfgckjnxkzm7uquwuzputhxstzleo7sjmi75:supply,supply,USDC,0,0,0,0,,0
2026-10-05T05:00:00.000Z,blend:v2.1:stellar:pool:cbakazuejbafa2dcgbrs2wkjt3fnimjbhtfl76ay7xmaveinqnniqwao:cdtkpwplourqa2sgtktuqowrcbzeorb4bwbomj3d3ztqqsge5f6jbqlv:borrow,borrow,EURC,0.030453263600551006,0,0.030453263600551006,0,0,0
2026-10-05T05:00:00.000Z,blend:v2.1:stellar:pool:cbakazuejbafa2dcgbrs2wkjt3fnimjbhtfl76ay7xmaveinqnniqwao:cdtkpwplourqa2sgtktuqowrcbzeorb4bwbomj3d3ztqqsge5f6jbqlv:supply,supply,EURC,0,0,0,0,,0
2026-10-05T06:00:00.000Z,blend:v2.1:stellar:pool:cbakazuejbafa2dcgbrs2wkjt3fnimjbhtfl76ay7xmaveinqnniqwao:cas3j7gylgxmf6tdjbbyyse3hq6bbsmlnuq34t6tzmymw2evh34xowma:borrow,borrow,XLM,0.010050028723681548,0,0.010050028723681548,0,0,0
2026-10-05T06:00:00.000Z,blend:v2.1:stellar:pool:cbakazuejbafa2dcgbrs2wkjt3fnimjbhtfl76ay7xmaveinqnniqwao:cas3j7gylgxmf6tdjbbyyse3hq6bbsmlnuq34t6tzmymw2evh34xowma:supply,supply,XLM,0,0,0,0,,0
2026-10-05T06:00:00.000Z,blend:v2.1:stellar:pool:cbakazuejbafa2dcgbrs2wkjt3fnimjbhtfl76ay7xmaveinqnniqwao:ccw67tszv3sss2hxmbq5jfgckjnxkzm7uquwuzputhxstzleo7sjmi75:borrow,borrow,USDC,0.030453263600551006,0,0.030453263600551006,0,0,0
2026-10-05T06:00:00.000Z,blend:v2.1:stellar:pool:cbakazuejbafa2dcgbrs2wkjt3fnimjbhtfl76ay7xmaveinqnniqwao:ccw67tszv3sss2hxmbq5jfgckjnxkzm7uquwuzputhxstzleo7sjmi75:supply,supply,USDC,0,0,0,0,,0
2026-10-05T06:00:00.000Z,blend:v2.1:stellar:pool:cbakazuejbafa2dcgbrs2wkjt3fnimjbhtfl76ay7xmaveinqnniqwao:cdtkpwplourqa2sgtktuqowrcbzeorb4bwbomj3d3ztqqsge5f6jbqlv:borrow,borrow,EURC,0.030453263600551006,0,0.030453263600551006,0,0,0
2026-10-05T06:00:00.000Z,blend:v2.1:stellar:pool:cbakazuejbafa2dcgbrs2wkjt3fnimjbhtfl76ay7xmaveinqnniqwao:cdtkpwplourqa2sgtktuqowrcbzeorb4bwbomj3d3ztqqsge5f6jbqlv:supply,supply,EURC,0,0,0,0,,0
2026-10-05T07:00:00.000Z,blend:v2.1:stellar:pool:cbakazuejbafa2dcgbrs2wkjt3fnimjbhtfl76ay7xmaveinqnniqwao:cas3j7gylgxmf6tdjbbyyse3hq6bbsmlnuq34t6tzmymw2evh34xowma:borrow,borrow,XLM,0.010050028723681548,0,0.010050028723681548,0,0,0
2026-10-05T07:00:00.000Z,blend:v2.1:stellar:pool:cbakazuejbafa2dcgbrs2wkjt3fnimjbhtfl76ay7xmaveinqnniqwao:cas3j7gylgxmf6tdjbbyyse3hq6bbsmlnuq34t6tzmymw2evh34xowma:supply,supply,XLM,0,0,0,0,,0
2026-10-05T07:00:00.000Z,blend:v2.1:stellar:pool:cbakazuejbafa2dcgbrs2wkjt3fnimjbhtfl76ay7xmaveinqnniqwao:ccw67tszv3sss2hxmbq5jfgckjnxkzm7uquwuzputhxstzleo7sjmi75:borrow,borrow,USDC,0.030453263600551006,0,0.030453263600551006,0,0,0
2026-10-05T07:00:00.000Z,blend:v2.1:stellar:pool:cbakazuejbafa2dcgbrs2wkjt3fnimjbhtfl76ay7xmaveinqnniqwao:ccw67tszv3sss2hxmbq5jfgckjnxkzm7uquwuzputhxstzleo7sjmi75:supply,supply,USDC,0,0,0,0,,0
2026-10-05T07:00:00.000Z,blend:v2.1:stellar:pool:cbakazuejbafa2dcgbrs2wkjt3fnimjbhtfl76ay7xmaveinqnniqwao:cdtkpwplourqa2sgtktuqowrcbzeorb4bwbomj3d3ztqqsge5f6jbqlv:borrow,borrow,EURC,0.030453263600551006,0,0.030453263600551006,0,0,0
2026-10-05T07:00:00.000Z,blend:v2.1:stellar:pool:cbakazuejbafa2dcgbrs2wkjt3fnimjbhtfl76ay7xmaveinqnniqwao:cdtkpwplourqa2sgtktuqowrcbzeorb4bwbomj3d3ztqqsge5f6jbqlv:supply,supply,EURC,0,0,0,0,,0
2026-10-05T08:00:00.000Z,blend:v2.1:stellar:pool:cbakazuejbafa2dcgbrs2wkjt3fnimjbhtfl76ay7xmaveinqnniqwao:cas3j7gylgxmf6tdjbbyyse3hq6bbsmlnuq34t6tzmymw2evh34xowma:borrow,borrow,XLM,0.010050028723681548,0,0.010050028723681548,0,0,0
2026-10-05T08:00:00.000Z,blend:v2.1:stellar:pool:cbakazuejbafa2dcgbrs2wkjt3fnimjbhtfl76ay7xmaveinqnniqwao:cas3j7gylgxmf6tdjbbyyse3hq6bbsmlnuq34t6tzmymw2evh34xowma:supply,supply,XLM,0,0,0,0,,0
2026-10-05T08:00:00.000Z,blend:v2.1:stellar:pool:cbakazuejbafa2dcgbrs2wkjt3fnimjbhtfl76ay7xmaveinqnniqwao:ccw67tszv3sss2hxmbq5jfgckjnxkzm7uquwuzputhxstzleo7sjmi75:borrow,borrow,USDC,0.030453263600551006,0,0.030453263600551006,0,0,0
2026-10-05T08:00:00.000Z,blend:v2.1:stellar:pool:cbakazuejbafa2dcgbrs2wkjt3fnimjbhtfl76ay7xmaveinqnniqwao:ccw67tszv3sss2hxmbq5jfgckjnxkzm7uquwuzputhxstzleo7sjmi75:supply,supply,USDC,0,0,0,0,,0
2026-10-05T08:00:00.000Z,blend:v2.1:stellar:pool:cbakazuejbafa2dcgbrs2wkjt3fnimjbhtfl76ay7xmaveinqnniqwao:cdtkpwplourqa2sgtktuqowrcbzeorb4bwbomj3d3ztqqsge5f6jbqlv:borrow,borrow,EURC,0.030453263600551006,0,0.030453263600551006,0,0,0
2026-10-05T08:00:00.000Z,blend:v2.1:stellar:pool:cbakazuejbafa2dcgbrs2wkjt3fnimjbhtfl76ay7xmaveinqnniqwao:cdtkpwplourqa2sgtktuqowrcbzeorb4bwbomj3d3ztqqsge5f6jbqlv:supply,supply,EURC,0,0,0,0,,0
2026-10-05T09:00:00.000Z,blend:v2.1:stellar:pool:cbakazuejbafa2dcgbrs2wkjt3fnimjbhtfl76ay7xmaveinqnniqwao:cas3j7gylgxmf6tdjbbyyse3hq6bbsmlnuq34t6tzmymw2evh34xowma:borrow,borrow,XLM,0.010050028723681548,0,0.010050028723681548,0,0,0
2026-10-05T09:00:00.000Z,blend:v2.1:stellar:pool:cbakazuejbafa2dcgbrs2wkjt3fnimjbhtfl76ay7xmaveinqnniqwao:cas3j7gylgxmf6tdjbbyyse3hq6bbsmlnuq34t6tzmymw2evh34xowma:supply,supply,XLM,0,0,0,0,,0
2026-10-05T09:00:00.000Z,blend:v2.1:stellar:pool:cbakazuejbafa2dcgbrs2wkjt3fnimjbhtfl76ay7xmaveinqnniqwao:ccw67tszv3sss2hxmbq5jfgckjnxkzm7uquwuzputhxstzleo7sjmi75:borrow,borrow,USDC,0.030453263600551006,0,0.030453263600551006,0,0,0
2026-10-05T09:00:00.000Z,blend:v2.1:stellar:pool:cbakazuejbafa2dcgbrs2wkjt3fnimjbhtfl76ay7xmaveinqnniqwao:ccw67tszv3sss2hxmbq5jfgckjnxkzm7uquwuzputhxstzleo7sjmi75:supply,supply,USDC,0,0,0,0,,0
2026-10-05T09:00:00.000Z,blend:v2.1:stellar:pool:cbakazuejbafa2dcgbrs2wkjt3fnimjbhtfl76ay7xmaveinqnniqwao:cdtkpwplourqa2sgtktuqowrcbzeorb4bwbomj3d3ztqqsge5f6jbqlv:borrow,borrow,EURC,0.030453263600551006,0,0.030453263600551006,0,0,0
2026-10-05T09:00:00.000Z,blend:v2.1:stellar:pool:cbakazuejbafa2dcgbrs2wkjt3fnimjbhtfl76ay7xmaveinqnniqwao:cdtkpwplourqa2sgtktuqowrcbzeorb4bwbomj3d3ztqqsge5f6jbqlv:supply,supply,EURC,0,0,0,0,,0
2026-10-05T10:00:00.000Z,blend:v2.1:stellar:pool:cbakazuejbafa2dcgbrs2wkjt3fnimjbhtfl76ay7xmaveinqnniqwao:cas3j7gylgxmf6tdjbbyyse3hq6bbsmlnuq34t6tzmymw2evh34xowma:borrow,borrow,XLM,0.010050028723681548,0,0.010050028723681548,0,0,0
2026-10-05T10:00:00.000Z,blend:v2.1:stellar:pool:cbakazuejbafa2dcgbrs2wkjt3fnimjbhtfl76ay7xmaveinqnniqwao:cas3j7gylgxmf6tdjbbyyse3hq6bbsmlnuq34t6tzmymw2evh34xowma:supply,supply,XLM,0,0,0,0,,0
2026-10-05T10:00:00.000Z,blend:v2.1:stellar:pool:cbakazuejbafa2dcgbrs2wkjt3fnimjbhtfl76ay7xmaveinqnniqwao:ccw67tszv3sss2hxmbq5jfgckjnxkzm7uquwuzputhxstzleo7sjmi75:borrow,borrow,USDC,0.030453263600551006,0,0.030453263600551006,0,0,0
2026-10-05T10:00:00.000Z,blend:v2.1:stellar:pool:cbakazuejbafa2dcgbrs2wkjt3fnimjbhtfl76ay7xmaveinqnniqwao:ccw67tszv3sss2hxmbq5jfgckjnxkzm7uquwuzputhxstzleo7sjmi75:supply,supply,USDC,0,0,0,0,,0
2026-10-05T10:00:00.000Z,blend:v2.1:stellar:pool:cbakazuejbafa2dcgbrs2wkjt3fnimjbhtfl76ay7xmaveinqnniqwao:cdtkpwplourqa2sgtktuqowrcbzeorb4bwbomj3d3ztqqsge5f6jbqlv:borrow,borrow,EURC,0.030453263600551006,0,0.030453263600551006,0,0,0
2026-10-05T10:00:00.000Z,blend:v2.1:stellar:pool:cbakazuejbafa2dcgbrs2wkjt3fnimjbhtfl76ay7xmaveinqnniqwao:cdtkpwplourqa2sgtktuqowrcbzeorb4bwbomj3d3ztqqsge5f6jbqlv:supply,supply,EURC,0,0,0,0,,0
2026-10-05T11:00:00.000Z,blend:v2.1:stellar:pool:cbakazuejbafa2dcgbrs2wkjt3fnimjbhtfl76ay7xmaveinqnniqwao:cas3j7gylgxmf6tdjbbyyse3hq6bbsmlnuq34t6tzmymw2evh34xowma:borrow,borrow,XLM,0.010050028723681548,0,0.010050028723681548,0,0,0
2026-10-05T11:00:00.000Z,blend:v2.1:stellar:pool:cbakazuejbafa2dcgbrs2wkjt3fnimjbhtfl76ay7xmaveinqnniqwao:cas3j7gylgxmf6tdjbbyyse3hq6bbsmlnuq34t6tzmymw2evh34xowma:supply,supply,XLM,0,0,0,0,,0
2026-10-05T11:00:00.000Z,blend:v2.1:stellar:pool:cbakazuejbafa2dcgbrs2wkjt3fnimjbhtfl76ay7xmaveinqnniqwao:ccw67tszv3sss2hxmbq5jfgckjnxkzm7uquwuzputhxstzleo7sjmi75:borrow,borrow,USDC,0.030453263600551006,0,0.030453263600551006,0,0,0
2026-10-05T11:00:00.000Z,blend:v2.1:stellar:pool:cbakazuejbafa2dcgbrs2wkjt3fnimjbhtfl76ay7xmaveinqnniqwao:ccw67tszv3sss2hxmbq5jfgckjnxkzm7uquwuzputhxstzleo7sjmi75:supply,supply,USDC,0,0,0,0,,0
2026-10-05T11:00:00.000Z,blend:v2.1:stellar:pool:cbakazuejbafa2dcgbrs2wkjt3fnimjbhtfl76ay7xmaveinqnniqwao:cdtkpwplourqa2sgtktuqowrcbzeorb4bwbomj3d3ztqqsge5f6jbqlv:borrow,borrow,EURC,0.030453263600551006,0,0.030453263600551006,0,0,0
2026-10-05T11:00:00.000Z,blend:v2.1:stellar:pool:cbakazuejbafa2dcgbrs2wkjt3fnimjbhtfl76ay7xmaveinqnniqwao:cdtkpwplourqa2sgtktuqowrcbzeorb4bwbomj3d3ztqqsge5f6jbqlv:supply,supply,EURC,0,0,0,0,,0
2026-10-05T12:00:00.000Z,blend:v2.1:stellar:pool:cbakazuejbafa2dcgbrs2wkjt3fnimjbhtfl76ay7xmaveinqnniqwao:cas3j7gylgxmf6tdjbbyyse3hq6bbsmlnuq34t6tzmymw2evh34xowma:borrow,borrow,XLM,0.010050028723681548,0,0.010050028723681548,0,0,0
2026-10-05T12:00:00.000Z,blend:v2.1:stellar:pool:cbakazuejbafa2dcgbrs2wkjt3fnimjbhtfl76ay7xmaveinqnniqwao:cas3j7gylgxmf6tdjbbyyse3hq6bbsmlnuq34t6tzmymw2evh34xowma:supply,supply,XLM,0,0,0,0,,0
2026-10-05T12:00:00.000Z,blend:v2.1:stellar:pool:cbakazuejbafa2dcgbrs2wkjt3fnimjbhtfl76ay7xmaveinqnniqwao:ccw67tszv3sss2hxmbq5jfgckjnxkzm7uquwuzputhxstzleo7sjmi75:borrow,borrow,USDC,0.030453263600551006,0,0.030453263600551006,0,0,0
2026-10-05T12:00:00.000Z,blend:v2.1:stellar:pool:cbakazuejbafa2dcgbrs2wkjt3fnimjbhtfl76ay7xmaveinqnniqwao:ccw67tszv3sss2hxmbq5jfgckjnxkzm7uquwuzputhxstzleo7sjmi75:supply,supply,USDC,0,0,0,0,,0
2026-10-05T12:00:00.000Z,blend:v2.1:stellar:pool:cbakazuejbafa2dcgbrs2wkjt3fnimjbhtfl76ay7xmaveinqnniqwao:cdtkpwplourqa2sgtktuqowrcbzeorb4bwbomj3d3ztqqsge5f6jbqlv:borrow,borrow,EURC,0.030453263600551006,0,0.030453263600551006,0,0,0
2026-10-05T12:00:00.000Z,blend:v2.1:stellar:pool:cbakazuejbafa2dcgbrs2wkjt3fnimjbhtfl76ay7xmaveinqnniqwao:cdtkpwplourqa2sgtktuqowrcbzeorb4bwbomj3d3ztqqsge5f6jbqlv:supply,supply,EURC,0,0,0,0,,0
2026-10-05T13:00:00.000Z,blend:v2.1:stellar:pool:cbakazuejbafa2dcgbrs2wkjt3fnimjbhtfl76ay7xmaveinqnniqwao:cas3j7gylgxmf6tdjbbyyse3hq6bbsmlnuq34t6tzmymw2evh34xowma:borrow,borrow,XLM,0.010050028723681548,0,0.010050028723681548,0,0,0
2026-10-05T13:00:00.000Z,blend:v2.1:stellar:pool:cbakazuejbafa2dcgbrs2wkjt3fnimjbhtfl76ay7xmaveinqnniqwao:cas3j7gylgxmf6tdjbbyyse3hq6bbsmlnuq34t6tzmymw2evh34xowma:supply,supply,XLM,0,0,0,0,,0
2026-10-05T13:00:00.000Z,blend:v2.1:stellar:pool:cbakazuejbafa2dcgbrs2wkjt3fnimjbhtfl76ay7xmaveinqnniqwao:ccw67tszv3sss2hxmbq5jfgckjnxkzm7uquwuzputhxstzleo7sjmi75:borrow,borrow,USDC,0.030453263600551006,0,0.030453263600551006,0,0,0
2026-10-05T13:00:00.000Z,blend:v2.1:stellar:pool:cbakazuejbafa2dcgbrs2wkjt3fnimjbhtfl76ay7xmaveinqnniqwao:ccw67tszv3sss2hxmbq5jfgckjnxkzm7uquwuzputhxstzleo7sjmi75:supply,supply,USDC,0,0,0,0,,0
2026-10-05T13:00:00.000Z,blend:v2.1:stellar:pool:cbakazuejbafa2dcgbrs2wkjt3fnimjbhtfl76ay7xmaveinqnniqwao:cdtkpwplourqa2sgtktuqowrcbzeorb4bwbomj3d3ztqqsge5f6jbqlv:borrow,borrow,EURC,0.030453263600551006,0,0.030453263600551006,0,0,0
2026-10-05T13:00:00.000Z,blend:v2.1:stellar:pool:cbakazuejbafa2dcgbrs2wkjt3fnimjbhtfl76ay7xmaveinqnniqwao:cdtkpwplourqa2sgtktuqowrcbzeorb4bwbomj3d3ztqqsge5f6jbqlv:supply,supply,EURC,0,0,0,0,,0
2026-10-05T14:00:00.000Z,blend:v2.1:stellar:pool:cbakazuejbafa2dcgbrs2wkjt3fnimjbhtfl76ay7xmaveinqnniqwao:cas3j7gylgxmf6tdjbbyyse3hq6bbsmlnuq34t6tzmymw2evh34xowma:borrow,borrow,XLM,0.010050028723681548,0,0.010050028723681548,0,0,0
2026-10-05T14:00:00.000Z,blend:v2.1:stellar:pool:cbakazuejbafa2dcgbrs2wkjt3fnimjbhtfl76ay7xmaveinqnniqwao:cas3j7gylgxmf6tdjbbyyse3hq6bbsmlnuq34t6tzmymw2evh34xowma:supply,supply,XLM,0,0,0,0,,0
2026-10-05T14:00:00.000Z,blend:v2.1:stellar:pool:cbakazuejbafa2dcgbrs2wkjt3fnimjbhtfl76ay7xmaveinqnniqwao:ccw67tszv3sss2hxmbq5jfgckjnxkzm7uquwuzputhxstzleo7sjmi75:borrow,borrow,USDC,0.030453263600551006,0,0.030453263600551006,0,0,0
2026-10-05T14:00:00.000Z,blend:v2.1:stellar:pool:cbakazuejbafa2dcgbrs2wkjt3fnimjbhtfl76ay7xmaveinqnniqwao:ccw67tszv3sss2hxmbq5jfgckjnxkzm7uquwuzputhxstzleo7sjmi75:supply,supply,USDC,0,0,0,0,,0
2026-10-05T14:00:00.000Z,blend:v2.1:stellar:pool:cbakazuejbafa2dcgbrs2wkjt3fnimjbhtfl76ay7xmaveinqnniqwao:cdtkpwplourqa2sgtktuqowrcbzeorb4bwbomj3d3ztqqsge5f6jbqlv:borrow,borrow,EURC,0.030453263600551006,0,0.030453263600551006,0,0,0
2026-10-05T14:00:00.000Z,blend:v2.1:stellar:pool:cbakazuejbafa2dcgbrs2wkjt3fnimjbhtfl76ay7xmaveinqnniqwao:cdtkpwplourqa2sgtktuqowrcbzeorb4bwbomj3d3ztqqsge5f6jbqlv:supply,supply,EURC,0,0,0,0,,0
2026-10-05T15:00:00.000Z,blend:v2.1:stellar:pool:cbakazuejbafa2dcgbrs2wkjt3fnimjbhtfl76ay7xmaveinqnniqwao:cas3j7gylgxmf6tdjbbyyse3hq6bbsmlnuq34t6tzmymw2evh34xowma:borrow,borrow,XLM,0.010050028723681548,0,0.010050028723681548,0,0,0
2026-10-05T15:00:00.000Z,blend:v2.1:stellar:pool:cbakazuejbafa2dcgbrs2wkjt3fnimjbhtfl76ay7xmaveinqnniqwao:cas3j7gylgxmf6tdjbbyyse3hq6bbsmlnuq34t6tzmymw2evh34xowma:supply,supply,XLM,0,0,0,0,,0
2026-10-05T15:00:00.000Z,blend:v2.1:stellar:pool:cbakazuejbafa2dcgbrs2wkjt3fnimjbhtfl76ay7xmaveinqnniqwao:ccw67tszv3sss2hxmbq5jfgckjnxkzm7uquwuzputhxstzleo7sjmi75:borrow,borrow,USDC,0.030453263600551006,0,0.030453263600551006,0,0,0
2026-10-05T15:00:00.000Z,blend:v2.1:stellar:pool:cbakazuejbafa2dcgbrs2wkjt3fnimjbhtfl76ay7xmaveinqnniqwao:ccw67tszv3sss2hxmbq5jfgckjnxkzm7uquwuzputhxstzleo7sjmi75:supply,supply,USDC,0,0,0,0,,0
2026-10-05T15:00:00.000Z,blend:v2.1:stellar:pool:cbakazuejbafa2dcgbrs2wkjt3fnimjbhtfl76ay7xmaveinqnniqwao:cdtkpwplourqa2sgtktuqowrcbzeorb4bwbomj3d3ztqqsge5f6jbqlv:borrow,borrow,EURC,0.030453263600551006,0,0.030453263600551006,0,0,0
2026-10-05T15:00:00.000Z,blend:v2.1:stellar:pool:cbakazuejbafa2dcgbrs2wkjt3fnimjbhtfl76ay7xmaveinqnniqwao:cdtkpwplourqa2sgtktuqowrcbzeorb4bwbomj3d3ztqqsge5f6jbqlv:supply,supply,EURC,0,0,0,0,,0
2026-10-05T16:00:00.000Z,blend:v2.1:stellar:pool:cbakazuejbafa2dcgbrs2wkjt3fnimjbhtfl76ay7xmaveinqnniqwao:cas3j7gylgxmf6tdjbbyyse3hq6bbsmlnuq34t6tzmymw2evh34xowma:borrow,borrow,XLM,0.010050028723681548,0,0.010050028723681548,0,0,0
2026-10-05T16:00:00.000Z,blend:v2.1:stellar:pool:cbakazuejbafa2dcgbrs2wkjt3fnimjbhtfl76ay7xmaveinqnniqwao:cas3j7gylgxmf6tdjbbyyse3hq6bbsmlnuq34t6tzmymw2evh34xowma:supply,supply,XLM,0,0,0,0,,0
2026-10-05T16:00:00.000Z,blend:v2.1:stellar:pool:cbakazuejbafa2dcgbrs2wkjt3fnimjbhtfl76ay7xmaveinqnniqwao:ccw67tszv3sss2hxmbq5jfgckjnxkzm7uquwuzputhxstzleo7sjmi75:borrow,borrow,USDC,0.030453263600551006,0,0.030453263600551006,0,0,0
2026-10-05T16:00:00.000Z,blend:v2.1:stellar:pool:cbakazuejbafa2dcgbrs2wkjt3fnimjbhtfl76ay7xmaveinqnniqwao:ccw67tszv3sss2hxmbq5jfgckjnxkzm7uquwuzputhxstzleo7sjmi75:supply,supply,USDC,0,0,0,0,,0
2026-10-05T16:00:00.000Z,blend:v2.1:stellar:pool:cbakazuejbafa2dcgbrs2wkjt3fnimjbhtfl76ay7xmaveinqnniqwao:cdtkpwplourqa2sgtktuqowrcbzeorb4bwbomj3d3ztqqsge5f6jbqlv:borrow,borrow,EURC,0.030453263600551006,0,0.030453263600551006,0,0,0
2026-10-05T16:00:00.000Z,blend:v2.1:stellar:pool:cbakazuejbafa2dcgbrs2wkjt3fnimjbhtfl76ay7xmaveinqnniqwao:cdtkpwplourqa2sgtktuqowrcbzeorb4bwbomj3d3ztqqsge5f6jbqlv:supply,supply,EURC,0,0,0,0,,0
2026-10-05T17:00:00.000Z,blend:v2.1:stellar:pool:cbakazuejbafa2dcgbrs2wkjt3fnimjbhtfl76ay7xmaveinqnniqwao:cas3j7gylgxmf6tdjbbyyse3hq6bbsmlnuq34t6tzmymw2evh34xowma:borrow,borrow,XLM,0.010050028723681548,0,0.010050028723681548,0,0,0
2026-10-05T17:00:00.000Z,blend:v2.1:stellar:pool:cbakazuejbafa2dcgbrs2wkjt3fnimjbhtfl76ay7xmaveinqnniqwao:cas3j7gylgxmf6tdjbbyyse3hq6bbsmlnuq34t6tzmymw2evh34xowma:supply,supply,XLM,0,0,0,0,,0
2026-10-05T17:00:00.000Z,blend:v2.1:stellar:pool:cbakazuejbafa2dcgbrs2wkjt3fnimjbhtfl76ay7xmaveinqnniqwao:ccw67tszv3sss2hxmbq5jfgckjnxkzm7uquwuzputhxstzleo7sjmi75:borrow,borrow,USDC,0.030453263600551006,0,0.030453263600551006,0,0,0
2026-10-05T17:00:00.000Z,blend:v2.1:stellar:pool:cbakazuejbafa2dcgbrs2wkjt3fnimjbhtfl76ay7xmaveinqnniqwao:ccw67tszv3sss2hxmbq5jfgckjnxkzm7uquwuzputhxstzleo7sjmi75:supply,supply,USDC,0,0,0,0,,0
2026-10-05T17:00:00.000Z,blend:v2.1:stellar:pool:cbakazuejbafa2dcgbrs2wkjt3fnimjbhtfl76ay7xmaveinqnniqwao:cdtkpwplourqa2sgtktuqowrcbzeorb4bwbomj3d3ztqqsge5f6jbqlv:borrow,borrow,EURC,0.030453263600551006,0,0.030453263600551006,0,0,0
2026-10-05T17:00:00.000Z,blend:v2.1:stellar:pool:cbakazuejbafa2dcgbrs2wkjt3fnimjbhtfl76ay7xmaveinqnniqwao:cdtkpwplourqa2sgtktuqowrcbzeorb4bwbomj3d3ztqqsge5f6jbqlv:supply,supply,EURC,0,0,0,0,,0
2026-10-05T18:00:00.000Z,blend:v2.1:stellar:pool:cbakazuejbafa2dcgbrs2wkjt3fnimjbhtfl76ay7xmaveinqnniqwao:cas3j7gylgxmf6tdjbbyyse3hq6bbsmlnuq34t6tzmymw2evh34xowma:borrow,borrow,XLM,0.010050028723681548,0,0.010050028723681548,0,0,0
2026-10-05T18:00:00.000Z,blend:v2.1:stellar:pool:cbakazuejbafa2dcgbrs2wkjt3fnimjbhtfl76ay7xmaveinqnniqwao:cas3j7gylgxmf6tdjbbyyse3hq6bbsmlnuq34t6tzmymw2evh34xowma:supply,supply,XLM,0,0,0,0,,0
2026-10-05T18:00:00.000Z,blend:v2.1:stellar:pool:cbakazuejbafa2dcgbrs2wkjt3fnimjbhtfl76ay7xmaveinqnniqwao:ccw67tszv3sss2hxmbq5jfgckjnxkzm7uquwuzputhxstzleo7sjmi75:borrow,borrow,USDC,0.030453263600551006,0,0.030453263600551006,0,0,0
2026-10-05T18:00:00.000Z,blend:v2.1:stellar:pool:cbakazuejbafa2dcgbrs2wkjt3fnimjbhtfl76ay7xmaveinqnniqwao:ccw67tszv3sss2hxmbq5jfgckjnxkzm7uquwuzputhxstzleo7sjmi75:supply,supply,USDC,0,0,0,0,,0
2026-10-05T18:00:00.000Z,blend:v2.1:stellar:pool:cbakazuejbafa2dcgbrs2wkjt3fnimjbhtfl76ay7xmaveinqnniqwao:cdtkpwplourqa2sgtktuqowrcbzeorb4bwbomj3d3ztqqsge5f6jbqlv:borrow,borrow,EURC,0.030453263600551006,0,0.030453263600551006,0,0,0
2026-10-05T18:00:00.000Z,blend:v2.1:stellar:pool:cbakazuejbafa2dcgbrs2wkjt3fnimjbhtfl76ay7xmaveinqnniqwao:cdtkpwplourqa2sgtktuqowrcbzeorb4bwbomj3d3ztqqsge5f6jbqlv:supply,supply,EURC,0,0,0,0,,0
2026-10-05T19:00:00.000Z,blend:v2.1:stellar:pool:cbakazuejbafa2dcgbrs2wkjt3fnimjbhtfl76ay7xmaveinqnniqwao:cas3j7gylgxmf6tdjbbyyse3hq6bbsmlnuq34t6tzmymw2evh34xowma:borrow,borrow,XLM,0.010050028723681548,0,0.010050028723681548,0,0,0
2026-10-05T19:00:00.000Z,blend:v2.1:stellar:pool:cbakazuejbafa2dcgbrs2wkjt3fnimjbhtfl76ay7xmaveinqnniqwao:cas3j7gylgxmf6tdjbbyyse3hq6bbsmlnuq34t6tzmymw2evh34xowma:supply,supply,XLM,0,0,0,0,,0
2026-10-05T19:00:00.000Z,blend:v2.1:stellar:pool:cbakazuejbafa2dcgbrs2wkjt3fnimjbhtfl76ay7xmaveinqnniqwao:ccw67tszv3sss2hxmbq5jfgckjnxkzm7uquwuzputhxstzleo7sjmi75:borrow,borrow,USDC,0.030453263600551006,0,0.030453263600551006,0,0,0
2026-10-05T19:00:00.000Z,blend:v2.1:stellar:pool:cbakazuejbafa2dcgbrs2wkjt3fnimjbhtfl76ay7xmaveinqnniqwao:ccw67tszv3sss2hxmbq5jfgckjnxkzm7uquwuzputhxstzleo7sjmi75:supply,supply,USDC,0,0,0,0,,0
2026-10-05T19:00:00.000Z,blend:v2.1:stellar:pool:cbakazuejbafa2dcgbrs2wkjt3fnimjbhtfl76ay7xmaveinqnniqwao:cdtkpwplourqa2sgtktuqowrcbzeorb4bwbomj3d3ztqqsge5f6jbqlv:borrow,borrow,EURC,0.030453263600551006,0,0.030453263600551006,0,0,0
2026-10-05T19:00:00.000Z,blend:v2.1:stellar:pool:cbakazuejbafa2dcgbrs2wkjt3fnimjbhtfl76ay7xmaveinqnniqwao:cdtkpwplourqa2sgtktuqowrcbzeorb4bwbomj3d3ztqqsge5f6jbqlv:supply,supply,EURC,0,0,0,0,,0
2026-10-05T20:00:00.000Z,blend:v2.1:stellar:pool:cbakazuejbafa2dcgbrs2wkjt3fnimjbhtfl76ay7xmaveinqnniqwao:cas3j7gylgxmf6tdjbbyyse3hq6bbsmlnuq34t6tzmymw2evh34xowma:borrow,borrow,XLM,0.010050028723681548,0,0.010050028723681548,0,0,0
2026-10-05T20:00:00.000Z,blend:v2.1:stellar:pool:cbakazuejbafa2dcgbrs2wkjt3fnimjbhtfl76ay7xmaveinqnniqwao:cas3j7gylgxmf6tdjbbyyse3hq6bbsmlnuq34t6tzmymw2evh34xowma:supply,supply,XLM,0,0,0,0,,0
2026-10-05T20:00:00.000Z,blend:v2.1:stellar:pool:cbakazuejbafa2dcgbrs2wkjt3fnimjbhtfl76ay7xmaveinqnniqwao:ccw67tszv3sss2hxmbq5jfgckjnxkzm7uquwuzputhxstzleo7sjmi75:borrow,borrow,USDC,0.030453263600551006,0,0.030453263600551006,0,0,0
2026-10-05T20:00:00.000Z,blend:v2.1:stellar:pool:cbakazuejbafa2dcgbrs2wkjt3fnimjbhtfl76ay7xmaveinqnniqwao:ccw67tszv3sss2hxmbq5jfgckjnxkzm7uquwuzputhxstzleo7sjmi75:supply,supply,USDC,0,0,0,0,,0
2026-10-05T20:00:00.000Z,blend:v2.1:stellar:pool:cbakazuejbafa2dcgbrs2wkjt3fnimjbhtfl76ay7xmaveinqnniqwao:cdtkpwplourqa2sgtktuqowrcbzeorb4bwbomj3d3ztqqsge5f6jbqlv:borrow,borrow,EURC,0.030453263600551006,0,0.030453263600551006,0,0,0
2026-10-05T20:00:00.000Z,blend:v2.1:stellar:pool:cbakazuejbafa2dcgbrs2wkjt3fnimjbhtfl76ay7xmaveinqnniqwao:cdtkpwplourqa2sgtktuqowrcbzeorb4bwbomj3d3ztqqsge5f6jbqlv:supply,supply,EURC,0,0,0,0,,0
2026-10-05T21:00:00.000Z,blend:v2.1:stellar:pool:cbakazuejbafa2dcgbrs2wkjt3fnimjbhtfl76ay7xmaveinqnniqwao:cas3j7gylgxmf6tdjbbyyse3hq6bbsmlnuq34t6tzmymw2evh34xowma:borrow,borrow,XLM,0.010050028723681548,0,0.010050028723681548,0,0,0
2026-10-05T21:00:00.000Z,blend:v2.1:stellar:pool:cbakazuejbafa2dcgbrs2wkjt3fnimjbhtfl76ay7xmaveinqnniqwao:cas3j7gylgxmf6tdjbbyyse3hq6bbsmlnuq34t6tzmymw2evh34xowma:supply,supply,XLM,0,0,0,0,,0
2026-10-05T21:00:00.000Z,blend:v2.1:stellar:pool:cbakazuejbafa2dcgbrs2wkjt3fnimjbhtfl76ay7xmaveinqnniqwao:ccw67tszv3sss2hxmbq5jfgckjnxkzm7uquwuzputhxstzleo7sjmi75:borrow,borrow,USDC,0.030453263600551006,0,0.030453263600551006,0,0,0
2026-10-05T21:00:00.000Z,blend:v2.1:stellar:pool:cbakazuejbafa2dcgbrs2wkjt3fnimjbhtfl76ay7xmaveinqnniqwao:ccw67tszv3sss2hxmbq5jfgckjnxkzm7uquwuzputhxstzleo7sjmi75:supply,supply,USDC,0,0,0,0,,0
2026-10-05T21:00:00.000Z,blend:v2.1:stellar:pool:cbakazuejbafa2dcgbrs2wkjt3fnimjbhtfl76ay7xmaveinqnniqwao:cdtkpwplourqa2sgtktuqowrcbzeorb4bwbomj3d3ztqqsge5f6jbqlv:borrow,borrow,EURC,0.030453263600551006,0,0.030453263600551006,0,0,0
2026-10-05T21:00:00.000Z,blend:v2.1:stellar:pool:cbakazuejbafa2dcgbrs2wkjt3fnimjbhtfl76ay7xmaveinqnniqwao:cdtkpwplourqa2sgtktuqowrcbzeorb4bwbomj3d3ztqqsge5f6jbqlv:supply,supply,EURC,0,0,0,0,,0
2026-10-05T22:00:00.000Z,blend:v2.1:stellar:pool:cbakazuejbafa2dcgbrs2wkjt3fnimjbhtfl76ay7xmaveinqnniqwao:cas3j7gylgxmf6tdjbbyyse3hq6bbsmlnuq34t6tzmymw2evh34xowma:borrow,borrow,XLM,0.010050028723681548,0,0.010050028723681548,0,0,0
2026-10-05T22:00:00.000Z,blend:v2.1:stellar:pool:cbakazuejbafa2dcgbrs2wkjt3fnimjbhtfl76ay7xmaveinqnniqwao:cas3j7gylgxmf6tdjbbyyse3hq6bbsmlnuq34t6tzmymw2evh34xowma:supply,supply,XLM,0,0,0,0,,0
2026-10-05T22:00:00.000Z,blend:v2.1:stellar:pool:cbakazuejbafa2dcgbrs2wkjt3fnimjbhtfl76ay7xmaveinqnniqwao:ccw67tszv3sss2hxmbq5jfgckjnxkzm7uquwuzputhxstzleo7sjmi75:borrow,borrow,USDC,0.030453263600551006,0,0.030453263600551006,0,0,0
2026-10-05T22:00:00.000Z,blend:v2.1:stellar:pool:cbakazuejbafa2dcgbrs2wkjt3fnimjbhtfl76ay7xmaveinqnniqwao:ccw67tszv3sss2hxmbq5jfgckjnxkzm7uquwuzputhxstzleo7sjmi75:supply,supply,USDC,0,0,0,0,,0
2026-10-05T22:00:00.000Z,blend:v2.1:stellar:pool:cbakazuejbafa2dcgbrs2wkjt3fnimjbhtfl76ay7xmaveinqnniqwao:cdtkpwplourqa2sgtktuqowrcbzeorb4bwbomj3d3ztqqsge5f6jbqlv:borrow,borrow,EURC,0.030453263600551006,0,0.030453263600551006,0,0,0
2026-10-05T22:00:00.000Z,blend:v2.1:stellar:pool:cbakazuejbafa2dcgbrs2wkjt3fnimjbhtfl76ay7xmaveinqnniqwao:cdtkpwplourqa2sgtktuqowrcbzeorb4bwbomj3d3ztqqsge5f6jbqlv:supply,supply,EURC,0,0,0,0,,0
2026-10-05T23:00:00.000Z,blend:v2.1:stellar:pool:cbakazuejbafa2dcgbrs2wkjt3fnimjbhtfl76ay7xmaveinqnniqwao:cas3j7gylgxmf6tdjbbyyse3hq6bbsmlnuq34t6tzmymw2evh34xowma:borrow,borrow,XLM,0.010050028723681548,0,0.010050028723681548,0,0,0
2026-10-05T23:00:00.000Z,blend:v2.1:stellar:pool:cbakazuejbafa2dcgbrs2wkjt3fnimjbhtfl76ay7xmaveinqnniqwao:cas3j7gylgxmf6tdjbbyyse3hq6bbsmlnuq34t6tzmymw2evh34xowma:supply,supply,XLM,0,0,0,0,,0
2026-10-05T23:00:00.000Z,blend:v2.1:stellar:pool:cbakazuejbafa2dcgbrs2wkjt3fnimjbhtfl76ay7xmaveinqnniqwao:ccw67tszv3sss2hxmbq5jfgckjnxkzm7uquwuzputhxstzleo7sjmi75:borrow,borrow,USDC,0.030453263600551006,0,0.030453263600551006,0,0,0
2026-10-05T23:00:00.000Z,blend:v2.1:stellar:pool:cbakazuejbafa2dcgbrs2wkjt3fnimjbhtfl76ay7xmaveinqnniqwao:ccw67tszv3sss2hxmbq5jfgckjnxkzm7uquwuzputhxstzleo7sjmi75:supply,supply,USDC,0,0,0,0,,0
2026-10-05T23:00:00.000Z,blend:v2.1:stellar:pool:cbakazuejbafa2dcgbrs2wkjt3fnimjbhtfl76ay7xmaveinqnniqwao:cdtkpwplourqa2sgtktuqowrcbzeorb4bwbomj3d3ztqqsge5f6jbqlv:borrow,borrow,EURC,0.030453263600551006,0,0.030453263600551006,0,0,0
2026-10-05T23:00:00.000Z,blend:v2.1:stellar:pool:cbakazuejbafa2dcgbrs2wkjt3fnimjbhtfl76ay7xmaveinqnniqwao:cdtkpwplourqa2sgtktuqowrcbzeorb4bwbomj3d3ztqqsge5f6jbqlv:supply,supply,EURC,0,0,0,0,,0
2026-10-06T00:00:00.000Z,blend:v2.1:stellar:pool:cbakazuejbafa2dcgbrs2wkjt3fnimjbhtfl76ay7xmaveinqnniqwao:cas3j7gylgxmf6tdjbbyyse3hq6bbsmlnuq34t6tzmymw2evh34xowma:borrow,borrow,XLM,0.010050028723681548,0,0.010050028723681548,0,0,0
2026-10-06T00:00:00.000Z,blend:v2.1:stellar:pool:cbakazuejbafa2dcgbrs2wkjt3fnimjbhtfl76ay7xmaveinqnniqwao:cas3j7gylgxmf6tdjbbyyse3hq6bbsmlnuq34t6tzmymw2evh34xowma:supply,supply,XLM,0,0,0,0,,0
2026-10-06T00:00:00.000Z,blend:v2.1:stellar:pool:cbakazuejbafa2dcgbrs2wkjt3fnimjbhtfl76ay7xmaveinqnniqwao:ccw67tszv3sss2hxmbq5jfgckjnxkzm7uquwuzputhxstzleo7sjmi75:borrow,borrow,USDC,0.030453263600551006,0,0.030453263600551006,0,0,0
2026-10-06T00:00:00.000Z,blend:v2.1:stellar:pool:cbakazuejbafa2dcgbrs2wkjt3fnimjbhtfl76ay7xmaveinqnniqwao:ccw67tszv3sss2hxmbq5jfgckjnxkzm7uquwuzputhxstzleo7sjmi75:supply,supply,USDC,0,0,0,0,,0
2026-10-06T00:00:00.000Z,blend:v2.1:stellar:pool:cbakazuejbafa2dcgbrs2wkjt3fnimjbhtfl76ay7xmaveinqnniqwao:cdtkpwplourqa2sgtktuqowrcbzeorb4bwbomj3d3ztqqsge5f6jbqlv:borrow,borrow,EURC,0.030453263600551006,0,0.030453263600551006,0,0,0
2026-10-06T00:00:00.000Z,blend:v2.1:stellar:pool:cbakazuejbafa2dcgbrs2wkjt3fnimjbhtfl76ay7xmaveinqnniqwao:cdtkpwplourqa2sgtktuqowrcbzeorb4bwbomj3d3ztqqsge5f6jbqlv:supply,supply,EURC,0,0,0,0,,0
2026-10-06T01:00:00.000Z,blend:v2.1:stellar:pool:cbakazuejbafa2dcgbrs2wkjt3fnimjbhtfl76ay7xmaveinqnniqwao:cas3j7gylgxmf6tdjbbyyse3hq6bbsmlnuq34t6tzmymw2evh34xowma:borrow,borrow,XLM,0.016125890477340477,0,0.016125890477340477,50.0000023,4.0000028,0.0800001
2026-10-06T01:00:00.000Z,blend:v2.1:stellar:pool:cbakazuejbafa2dcgbrs2wkjt3fnimjbhtfl76ay7xmaveinqnniqwao:cas3j7gylgxmf6tdjbbyyse3hq6bbsmlnuq34t6tzmymw2evh34xowma:supply,supply,XLM,0.001280626658991979,0.0002563038341902857,0.0010243228248016933,50.0000023,,0.0800001
2026-10-06T01:00:00.000Z,blend:v2.1:stellar:pool:cbakazuejbafa2dcgbrs2wkjt3fnimjbhtfl76ay7xmaveinqnniqwao:ccw67tszv3sss2hxmbq5jfgckjnxkzm7uquwuzputhxstzleo7sjmi75:borrow,borrow,USDC,0.05653623699373145,0,0.05653623699373145,3.0000028,1.5000036,0.5000008
2026-10-06T01:00:00.000Z,blend:v2.1:stellar:pool:cbakazuejbafa2dcgbrs2wkjt3fnimjbhtfl76ay7xmaveinqnniqwao:ccw67tszv3sss2hxmbq5jfgckjnxkzm7uquwuzputhxstzleo7sjmi75:supply,supply,USDC,0.027880595541514674,0.005637488805237734,0.02224310673627694,3.0000028,,0.5000008
2026-10-06T01:00:00.000Z,blend:v2.1:stellar:pool:cbakazuejbafa2dcgbrs2wkjt3fnimjbhtfl76ay7xmaveinqnniqwao:cdtkpwplourqa2sgtktuqowrcbzeorb4bwbomj3d3ztqqsge5f6jbqlv:borrow,borrow,EURC,0.05653623699373145,0,0.05653623699373145,2.0000019,1.0000023,0.5000007
2026-10-06T01:00:00.000Z,blend:v2.1:stellar:pool:cbakazuejbafa2dcgbrs2wkjt3fnimjbhtfl76ay7xmaveinqnniqwao:cdtkpwplourqa2sgtktuqowrcbzeorb4bwbomj3d3ztqqsge5f6jbqlv:supply,supply,EURC,0.02788058988863562,0.00563748315235868,0.02224310673627694,2.0000019,,0.5000007
2026-10-06T02:00:00.000Z,blend:v2.1:stellar:pool:cbakazuejbafa2dcgbrs2wkjt3fnimjbhtfl76ay7xmaveinqnniqwao:cas3j7gylgxmf6tdjbbyyse3hq6bbsmlnuq34t6tzmymw2evh34xowma:borrow,borrow,XLM,0.016125890477340477,0,0.016125890477340477,50.0000081,4.0000101,0.0800002
2026-10-06T02:00:00.000Z,blend:v2.1:stellar:pool:cbakazuejbafa2dcgbrs2wkjt3fnimjbhtfl76ay7xmaveinqnniqwao:cas3j7gylgxmf6tdjbbyyse3hq6bbsmlnuq34t6tzmymw2evh34xowma:supply,supply,XLM,0.0012806282607265018,0.0002563054359248085,0.0010243228248016933,50.0000081,,0.0800002
2026-10-06T02:00:00.000Z,blend:v2.1:stellar:pool:cbakazuejbafa2dcgbrs2wkjt3fnimjbhtfl76ay7xmaveinqnniqwao:ccw67tszv3sss2hxmbq5jfgckjnxkzm7uquwuzputhxstzleo7sjmi75:borrow,borrow,USDC,0.05653623699373145,0,0.05653623699373145,3.0000103,1.500013,0.5000027
2026-10-06T02:00:00.000Z,blend:v2.1:stellar:pool:cbakazuejbafa2dcgbrs2wkjt3fnimjbhtfl76ay7xmaveinqnniqwao:ccw67tszv3sss2hxmbq5jfgckjnxkzm7uquwuzputhxstzleo7sjmi75:supply,supply,USDC,0.027880702946971647,0.005637596210694706,0.02224310673627694,3.0000103,,0.5000027
2026-10-06T02:00:00.000Z,blend:v2.1:stellar:pool:cbakazuejbafa2dcgbrs2wkjt3fnimjbhtfl76ay7xmaveinqnniqwao:cdtkpwplourqa2sgtktuqowrcbzeorb4bwbomj3d3ztqqsge5f6jbqlv:borrow,borrow,EURC,0.05653623699373145,0,0.05653623699373145,2.0000069,1.0000086,0.5000026
2026-10-06T02:00:00.000Z,blend:v2.1:stellar:pool:cbakazuejbafa2dcgbrs2wkjt3fnimjbhtfl76ay7xmaveinqnniqwao:cdtkpwplourqa2sgtktuqowrcbzeorb4bwbomj3d3ztqqsge5f6jbqlv:supply,supply,EURC,0.02788069729400866,0.00563759055773172,0.02224310673627694,2.0000069,,0.5000026
2026-10-06T03:00:00.000Z,blend:v2.1:stellar:pool:cbakazuejbafa2dcgbrs2wkjt3fnimjbhtfl76ay7xmaveinqnniqwao:cas3j7gylgxmf6tdjbbyyse3hq6bbsmlnuq34t6tzmymw2evh34xowma:borrow,borrow,XLM,0.016125890477340477,0,0.016125890477340477,50.0000139,4.0000174,0.0800004
2026-10-06T03:00:00.000Z,blend:v2.1:stellar:pool:cbakazuejbafa2dcgbrs2wkjt3fnimjbhtfl76ay7xmaveinqnniqwao:cas3j7gylgxmf6tdjbbyyse3hq6bbsmlnuq34t6tzmymw2evh34xowma:supply,supply,XLM,0.001280631464357862,0.00025630863955616867,0.0010243228248016933,50.0000139,,0.0800004
2026-10-06T03:00:00.000Z,blend:v2.1:stellar:pool:cbakazuejbafa2dcgbrs2wkjt3fnimjbhtfl76ay7xmaveinqnniqwao:ccw67tszv3sss2hxmbq5jfgckjnxkzm7uquwuzputhxstzleo7sjmi75:borrow,borrow,USDC,0.05653623699373145,0,0.05653623699373145,3.000018,1.5000224,0.5000045
2026-10-06T03:00:00.000Z,blend:v2.1:stellar:pool:cbakazuejbafa2dcgbrs2wkjt3fnimjbhtfl76ay7xmaveinqnniqwao:ccw67tszv3sss2hxmbq5jfgckjnxkzm7uquwuzputhxstzleo7sjmi75:supply,supply,USDC,0.027880804699476514,0.005637697963199573,0.02224310673627694,3.000018,,0.5000045
2026-10-06T03:00:00.000Z,blend:v2.1:stellar:pool:cbakazuejbafa2dcgbrs2wkjt3fnimjbhtfl76ay7xmaveinqnniqwao:cdtkpwplourqa2sgtktuqowrcbzeorb4bwbomj3d3ztqqsge5f6jbqlv:borrow,borrow,EURC,0.05653623699373145,0,0.05653623699373145,2.000012,1.0000149,0.5000045
2026-10-06T03:00:00.000Z,blend:v2.1:stellar:pool:cbakazuejbafa2dcgbrs2wkjt3fnimjbhtfl76ay7xmaveinqnniqwao:cdtkpwplourqa2sgtktuqowrcbzeorb4bwbomj3d3ztqqsge5f6jbqlv:supply,supply,EURC,0.027880804699476514,0.005637697963199573,0.02224310673627694,2.000012,,0.5000045
2026-10-06T04:00:00.000Z,blend:v2.1:stellar:pool:cbakazuejbafa2dcgbrs2wkjt3fnimjbhtfl76ay7xmaveinqnniqwao:cas3j7gylgxmf6tdjbbyyse3hq6bbsmlnuq34t6tzmymw2evh34xowma:borrow,borrow,XLM,0.016125890477340477,0,0.016125890477340477,50.0000198,4.0000247,0.0800005
2026-10-06T04:00:00.000Z,blend:v2.1:stellar:pool:cbakazuejbafa2dcgbrs2wkjt3fnimjbhtfl76ay7xmaveinqnniqwao:cas3j7gylgxmf6tdjbbyyse3hq6bbsmlnuq34t6tzmymw2evh34xowma:supply,supply,XLM,0.001280633066173431,0.00025631024137173775,0.0010243228248016933,50.0000198,,0.0800005
2026-10-06T04:00:00.000Z,blend:v2.1:stellar:pool:cbakazuejbafa2dcgbrs2wkjt3fnimjbhtfl76ay7xmaveinqnniqwao:ccw67tszv3sss2hxmbq5jfgckjnxkzm7uquwuzputhxstzleo7sjmi75:borrow,borrow,USDC,0.05653623699373145,0,0.05653623699373145,3.0000255,1.5000318,0.5000064
2026-10-06T04:00:00.000Z,blend:v2.1:stellar:pool:cbakazuejbafa2dcgbrs2wkjt3fnimjbhtfl76ay7xmaveinqnniqwao:ccw67tszv3sss2hxmbq5jfgckjnxkzm7uquwuzputhxstzleo7sjmi75:supply,supply,USDC,0.027880912104955247,0.005637805368678306,0.02224310673627694,3.0000255,,0.5000064
2026-10-06T04:00:00.000Z,blend:v2.1:stellar:pool:cbakazuejbafa2dcgbrs2wkjt3fnimjbhtfl76ay7xmaveinqnniqwao:cdtkpwplourqa2sgtktuqowrcbzeorb4bwbomj3d3ztqqsge5f6jbqlv:borrow,borrow,EURC,0.05653623699373145,0,0.05653623699373145,2.000017,1.0000212,0.5000064
2026-10-06T04:00:00.000Z,blend:v2.1:stellar:pool:cbakazuejbafa2dcgbrs2wkjt3fnimjbhtfl76ay7xmaveinqnniqwao:cdtkpwplourqa2sgtktuqowrcbzeorb4bwbomj3d3ztqqsge5f6jbqlv:supply,supply,EURC,0.027880912104955247,0.005637805368678306,0.02224310673627694,2.000017,,0.5000064
2026-10-06T05:00:00.000Z,blend:v2.1:stellar:pool:cbakazuejbafa2dcgbrs2wkjt3fnimjbhtfl76ay7xmaveinqnniqwao:cas3j7gylgxmf6tdjbbyyse3hq6bbsmlnuq34t6tzmymw2evh34xowma:borrow,borrow,XLM,0.016125890477340477,0,0.016125890477340477,50.0000256,4.000032,0.0800006
2026-10-06T05:00:00.000Z,blend:v2.1:stellar:pool:cbakazuejbafa2dcgbrs2wkjt3fnimjbhtfl76ay7xmaveinqnniqwao:cas3j7gylgxmf6tdjbbyyse3hq6bbsmlnuq34t6tzmymw2evh34xowma:supply,supply,XLM,0.0012806346679890002,0.0002563118431873068,0.0010243228248016933,50.0000256,,0.0800006
2026-10-06T05:00:00.000Z,blend:v2.1:stellar:pool:cbakazuejbafa2dcgbrs2wkjt3fnimjbhtfl76ay7xmaveinqnniqwao:ccw67tszv3sss2hxmbq5jfgckjnxkzm7uquwuzputhxstzleo7sjmi75:borrow,borrow,USDC,0.05653623699373145,0,0.05653623699373145,3.000033,1.5000412,0.5000083
2026-10-06T05:00:00.000Z,blend:v2.1:stellar:pool:cbakazuejbafa2dcgbrs2wkjt3fnimjbhtfl76ay7xmaveinqnniqwao:ccw67tszv3sss2hxmbq5jfgckjnxkzm7uquwuzputhxstzleo7sjmi75:supply,supply,USDC,0.027881019510362037,0.0056379127740850965,0.02224310673627694,3.000033,,0.5000083
2026-10-06T05:00:00.000Z,blend:v2.1:stellar:pool:cbakazuejbafa2dcgbrs2wkjt3fnimjbhtfl76ay7xmaveinqnniqwao:cdtkpwplourqa2sgtktuqowrcbzeorb4bwbomj3d3ztqqsge5f6jbqlv:borrow,borrow,EURC,0.05653623699373145,0,0.05653623699373145,2.000022,1.0000275,0.5000083
2026-10-06T05:00:00.000Z,blend:v2.1:stellar:pool:cbakazuejbafa2dcgbrs2wkjt3fnimjbhtfl76ay7xmaveinqnniqwao:cdtkpwplourqa2sgtktuqowrcbzeorb4bwbomj3d3ztqqsge5f6jbqlv:supply,supply,EURC,0.027881019510362037,0.0056379127740850965,0.02224310673627694,2.000022,,0.5000083
2026-10-06T06:00:00.000Z,blend:v2.1:stellar:pool:cbakazuejbafa2dcgbrs2wkjt3fnimjbhtfl76ay7xmaveinqnniqwao:cas3j7gylgxmf6tdjbbyyse3hq6bbsmlnuq34t6tzmymw2evh34xowma:borrow,borrow,XLM,0.016125890477340477,0,0.016125890477340477,50.0000315,4.0000393,0.0800008
2026-10-06T06:00:00.000Z,blend:v2.1:stellar:pool:cbakazuejbafa2dcgbrs2wkjt3fnimjbhtfl76ay7xmaveinqnniqwao:cas3j7gylgxmf6tdjbbyyse3hq6bbsmlnuq34t6tzmymw2evh34xowma:supply,supply,XLM,0.0012806378716203604,0.000256315046818667,0.0010243228248016933,50.0000315,,0.0800008
2026-10-06T06:00:00.000Z,blend:v2.1:stellar:pool:cbakazuejbafa2dcgbrs2wkjt3fnimjbhtfl76ay7xmaveinqnniqwao:ccw67tszv3sss2hxmbq5jfgckjnxkzm7uquwuzputhxstzleo7sjmi75:borrow,borrow,USDC,0.05653623699373145,0,0.05653623699373145,3.0000405,1.5000507,0.5000102
2026-10-06T06:00:00.000Z,blend:v2.1:stellar:pool:cbakazuejbafa2dcgbrs2wkjt3fnimjbhtfl76ay7xmaveinqnniqwao:ccw67tszv3sss2hxmbq5jfgckjnxkzm7uquwuzputhxstzleo7sjmi75:supply,supply,USDC,0.027881126915863197,0.005638020179586256,0.02224310673627694,3.0000405,,0.5000102
2026-10-06T06:00:00.000Z,blend:v2.1:stellar:pool:cbakazuejbafa2dcgbrs2wkjt3fnimjbhtfl76ay7xmaveinqnniqwao:cdtkpwplourqa2sgtktuqowrcbzeorb4bwbomj3d3ztqqsge5f6jbqlv:borrow,borrow,EURC,0.05653623699373145,0,0.05653623699373145,2.000027,1.0000337,0.5000101
2026-10-06T06:00:00.000Z,blend:v2.1:stellar:pool:cbakazuejbafa2dcgbrs2wkjt3fnimjbhtfl76ay7xmaveinqnniqwao:cdtkpwplourqa2sgtktuqowrcbzeorb4bwbomj3d3ztqqsge5f6jbqlv:supply,supply,EURC,0.027881121262981257,0.005638014526704316,0.02224310673627694,2.000027,,0.5000101
2026-10-06T07:00:00.000Z,blend:v2.1:stellar:pool:cbakazuejbafa2dcgbrs2wkjt3fnimjbhtfl76ay7xmaveinqnniqwao:cas3j7gylgxmf6tdjbbyyse3hq6bbsmlnuq34t6tzmymw2evh34xowma:borrow,borrow,XLM,0.016125890477340477,0,0.016125890477340477,50.0000373,4.0000466,0.0800009
2026-10-06T07:00:00.000Z,blend:v2.1:stellar:pool:cbakazuejbafa2dcgbrs2wkjt3fnimjbhtfl76ay7xmaveinqnniqwao:cas3j7gylgxmf6tdjbbyyse3hq6bbsmlnuq34t6tzmymw2evh34xowma:supply,supply,XLM,0.0012806394733548832,0.0002563166485531898,0.0010243228248016933,50.0000373,,0.0800009
2026-10-06T07:00:00.000Z,blend:v2.1:stellar:pool:cbakazuejbafa2dcgbrs2wkjt3fnimjbhtfl76ay7xmaveinqnniqwao:ccw67tszv3sss2hxmbq5jfgckjnxkzm7uquwuzputhxstzleo7sjmi75:borrow,borrow,USDC,0.05653623699373145,0,0.05653623699373145,3.000048,1.5000601,0.5000121
2026-10-06T07:00:00.000Z,blend:v2.1:stellar:pool:cbakazuejbafa2dcgbrs2wkjt3fnimjbhtfl76ay7xmaveinqnniqwao:ccw67tszv3sss2hxmbq5jfgckjnxkzm7uquwuzputhxstzleo7sjmi75:supply,supply,USDC,0.02788123432137568,0.00563812758509874,0.02224310673627694,3.000048,,0.5000121
2026-10-06T07:00:00.000Z,blend:v2.1:stellar:pool:cbakazuejbafa2dcgbrs2wkjt3fnimjbhtfl76ay7xmaveinqnniqwao:cdtkpwplourqa2sgtktuqowrcbzeorb4bwbomj3d3ztqqsge5f6jbqlv:borrow,borrow,EURC,0.05653623699373145,0,0.05653623699373145,2.000032,1.00004,0.500012
2026-10-06T07:00:00.000Z,blend:v2.1:stellar:pool:cbakazuejbafa2dcgbrs2wkjt3fnimjbhtfl76ay7xmaveinqnniqwao:cdtkpwplourqa2sgtktuqowrcbzeorb4bwbomj3d3ztqqsge5f6jbqlv:supply,supply,EURC,0.027881228668493296,0.005638121932216356,0.02224310673627694,2.000032,,0.500012
2026-10-06T08:00:00.000Z,blend:v2.1:stellar:pool:cbakazuejbafa2dcgbrs2wkjt3fnimjbhtfl76ay7xmaveinqnniqwao:cas3j7gylgxmf6tdjbbyyse3hq6bbsmlnuq34t6tzmymw2evh34xowma:borrow,borrow,XLM,0.016125890477340477,0,0.016125890477340477,50.0000431,4.0000539,0.0800011
2026-10-06T08:00:00.000Z,blend:v2.1:stellar:pool:cbakazuejbafa2dcgbrs2wkjt3fnimjbhtfl76ay7xmaveinqnniqwao:cas3j7gylgxmf6tdjbbyyse3hq6bbsmlnuq34t6tzmymw2evh34xowma:supply,supply,XLM,0.0012806426769862433,0.00025631985218455,0.0010243228248016933,50.0000431,,0.0800011
2026-10-06T08:00:00.000Z,blend:v2.1:stellar:pool:cbakazuejbafa2dcgbrs2wkjt3fnimjbhtfl76ay7xmaveinqnniqwao:ccw67tszv3sss2hxmbq5jfgckjnxkzm7uquwuzputhxstzleo7sjmi75:borrow,borrow,USDC,0.05653623699373145,0,0.05653623699373145,3.0000555,1.5000695,0.500014
2026-10-06T08:00:00.000Z,blend:v2.1:stellar:pool:cbakazuejbafa2dcgbrs2wkjt3fnimjbhtfl76ay7xmaveinqnniqwao:ccw67tszv3sss2hxmbq5jfgckjnxkzm7uquwuzputhxstzleo7sjmi75:supply,supply,USDC,0.027881341726899267,0.005638234990622326,0.02224310673627694,3.0000555,,0.500014
2026-10-06T08:00:00.000Z,blend:v2.1:stellar:pool:cbakazuejbafa2dcgbrs2wkjt3fnimjbhtfl76ay7xmaveinqnniqwao:cdtkpwplourqa2sgtktuqowrcbzeorb4bwbomj3d3ztqqsge5f6jbqlv:borrow,borrow,EURC,0.05653623699373145,0,0.05653623699373145,2.0000371,1.0000463,0.5000139
2026-10-06T08:00:00.000Z,blend:v2.1:stellar:pool:cbakazuejbafa2dcgbrs2wkjt3fnimjbhtfl76ay7xmaveinqnniqwao:cdtkpwplourqa2sgtktuqowrcbzeorb4bwbomj3d3ztqqsge5f6jbqlv:supply,supply,EURC,0.02788133607393295,0.005638229337656009,0.02224310673627694,2.0000371,,0.5000139
2026-10-06T09:00:00.000Z,blend:v2.1:stellar:pool:cbakazuejbafa2dcgbrs2wkjt3fnimjbhtfl76ay7xmaveinqnniqwao:cas3j7gylgxmf6tdjbbyyse3hq6bbsmlnuq34t6tzmymw2evh34xowma:borrow,borrow,XLM,0.016125890477340477,0,0.016125890477340477,50.000049,4.0000612,0.0800012
2026-10-06T09:00:00.000Z,blend:v2.1:stellar:pool:cbakazuejbafa2dcgbrs2wkjt3fnimjbhtfl76ay7xmaveinqnniqwao:cas3j7gylgxmf6tdjbbyyse3hq6bbsmlnuq34t6tzmymw2evh34xowma:supply,supply,XLM,0.0012806442788018124,0.0002563214540001191,0.0010243228248016933,50.000049,,0.0800012
2026-10-06T09:00:00.000Z,blend:v2.1:stellar:pool:cbakazuejbafa2dcgbrs2wkjt3fnimjbhtfl76ay7xmaveinqnniqwao:ccw67tszv3sss2hxmbq5jfgckjnxkzm7uquwuzputhxstzleo7sjmi75:borrow,borrow,USDC,0.05653623699373145,0,0.05653623699373145,3.0000631,1.5000789,0.5000158
2026-10-06T09:00:00.000Z,blend:v2.1:stellar:pool:cbakazuejbafa2dcgbrs2wkjt3fnimjbhtfl76ay7xmaveinqnniqwao:ccw67tszv3sss2hxmbq5jfgckjnxkzm7uquwuzputhxstzleo7sjmi75:supply,supply,USDC,0.027881443479467194,0.005638336743190253,0.02224310673627694,3.0000631,,0.5000158
2026-10-06T09:00:00.000Z,blend:v2.1:stellar:pool:cbakazuejbafa2dcgbrs2wkjt3fnimjbhtfl76ay7xmaveinqnniqwao:cdtkpwplourqa2sgtktuqowrcbzeorb4bwbomj3d3ztqqsge5f6jbqlv:borrow,borrow,EURC,0.05653623699373145,0,0.05653623699373145,2.0000421,1.0000526,0.5000158
2026-10-06T09:00:00.000Z,blend:v2.1:stellar:pool:cbakazuejbafa2dcgbrs2wkjt3fnimjbhtfl76ay7xmaveinqnniqwao:cdtkpwplourqa2sgtktuqowrcbzeorb4bwbomj3d3ztqqsge5f6jbqlv:supply,supply,EURC,0.027881443479467194,0.005638336743190253,0.02224310673627694,2.0000421,,0.5000158
2026-10-06T10:00:00.000Z,blend:v2.1:stellar:pool:cbakazuejbafa2dcgbrs2wkjt3fnimjbhtfl76ay7xmaveinqnniqwao:cas3j7gylgxmf6tdjbbyyse3hq6bbsmlnuq34t6tzmymw2evh34xowma:borrow,borrow,XLM,0.016125890477340477,0,0.016125890477340477,50.0000548,4.0000685,0.0800013
2026-10-06T10:00:00.000Z,blend:v2.1:stellar:pool:cbakazuejbafa2dcgbrs2wkjt3fnimjbhtfl76ay7xmaveinqnniqwao:cas3j7gylgxmf6tdjbbyyse3hq6bbsmlnuq34t6tzmymw2evh34xowma:supply,supply,XLM,0.0012806458806176035,0.0002563230558159102,0.0010243228248016933,50.0000548,,0.0800013
2026-10-06T10:00:00.000Z,blend:v2.1:stellar:pool:cbakazuejbafa2dcgbrs2wkjt3fnimjbhtfl76ay7xmaveinqnniqwao:ccw67tszv3sss2hxmbq5jfgckjnxkzm7uquwuzputhxstzleo7sjmi75:borrow,borrow,USDC,0.05653623699373145,0,0.05653623699373145,3.0000706,1.5000883,0.5000177
2026-10-06T10:00:00.000Z,blend:v2.1:stellar:pool:cbakazuejbafa2dcgbrs2wkjt3fnimjbhtfl76ay7xmaveinqnniqwao:ccw67tszv3sss2hxmbq5jfgckjnxkzm7uquwuzputhxstzleo7sjmi75:supply,supply,USDC,0.02788155088501254,0.0056384441487356,0.02224310673627694,3.0000706,,0.5000177
2026-10-06T10:00:00.000Z,blend:v2.1:stellar:pool:cbakazuejbafa2dcgbrs2wkjt3fnimjbhtfl76ay7xmaveinqnniqwao:cdtkpwplourqa2sgtktuqowrcbzeorb4bwbomj3d3ztqqsge5f6jbqlv:borrow,borrow,EURC,0.05653623699373145,0,0.05653623699373145,2.0000471,1.0000588,0.5000177
2026-10-06T10:00:00.000Z,blend:v2.1:stellar:pool:cbakazuejbafa2dcgbrs2wkjt3fnimjbhtfl76ay7xmaveinqnniqwao:cdtkpwplourqa2sgtktuqowrcbzeorb4bwbomj3d3ztqqsge5f6jbqlv:supply,supply,EURC,0.02788155088501254,0.0056384441487356,0.02224310673627694,2.0000471,,0.5000177
2026-10-06T11:00:00.000Z,blend:v2.1:stellar:pool:cbakazuejbafa2dcgbrs2wkjt3fnimjbhtfl76ay7xmaveinqnniqwao:cas3j7gylgxmf6tdjbbyyse3hq6bbsmlnuq34t6tzmymw2evh34xowma:borrow,borrow,XLM,0.016125890477340477,0,0.016125890477340477,50.0000607,4.0000759,0.0800015
2026-10-06T11:00:00.000Z,blend:v2.1:stellar:pool:cbakazuejbafa2dcgbrs2wkjt3fnimjbhtfl76ay7xmaveinqnniqwao:cas3j7gylgxmf6tdjbbyyse3hq6bbsmlnuq34t6tzmymw2evh34xowma:supply,supply,XLM,0.0012806490841676954,0.00025632625936600206,0.0010243228248016933,50.0000607,,0.0800015
2026-10-06T11:00:00.000Z,blend:v2.1:stellar:pool:cbakazuejbafa2dcgbrs2wkjt3fnimjbhtfl76ay7xmaveinqnniqwao:ccw67tszv3sss2hxmbq5jfgckjnxkzm7uquwuzputhxstzleo7sjmi75:borrow,borrow,USDC,0.05653623699373145,0,0.05653623699373145,3.0000781,1.5000977,0.5000196
2026-10-06T11:00:00.000Z,blend:v2.1:stellar:pool:cbakazuejbafa2dcgbrs2wkjt3fnimjbhtfl76ay7xmaveinqnniqwao:ccw67tszv3sss2hxmbq5jfgckjnxkzm7uquwuzputhxstzleo7sjmi75:supply,supply,USDC,0.027881658290485944,0.005638551554209004,0.02224310673627694,3.0000781,,0.5000196
2026-10-06T11:00:00.000Z,blend:v2.1:stellar:pool:cbakazuejbafa2dcgbrs2wkjt3fnimjbhtfl76ay7xmaveinqnniqwao:cdtkpwplourqa2sgtktuqowrcbzeorb4bwbomj3d3ztqqsge5f6jbqlv:borrow,borrow,EURC,0.05653623699373145,0,0.05653623699373145,2.0000521,1.0000651,0.5000196
2026-10-06T11:00:00.000Z,blend:v2.1:stellar:pool:cbakazuejbafa2dcgbrs2wkjt3fnimjbhtfl76ay7xmaveinqnniqwao:cdtkpwplourqa2sgtktuqowrcbzeorb4bwbomj3d3ztqqsge5f6jbqlv:supply,supply,EURC,0.027881658290485944,0.005638551554209004,0.02224310673627694,2.0000521,,0.5000196
2026-10-06T12:00:00.000Z,blend:v2.1:stellar:pool:cbakazuejbafa2dcgbrs2wkjt3fnimjbhtfl76ay7xmaveinqnniqwao:cas3j7gylgxmf6tdjbbyyse3hq6bbsmlnuq34t6tzmymw2evh34xowma:borrow,borrow,XLM,0.016125890477340477,0,0.016125890477340477,50.0000666,4.0000832,0.0800016
2026-10-06T12:00:00.000Z,blend:v2.1:stellar:pool:cbakazuejbafa2dcgbrs2wkjt3fnimjbhtfl76ay7xmaveinqnniqwao:cas3j7gylgxmf6tdjbbyyse3hq6bbsmlnuq34t6tzmymw2evh34xowma:supply,supply,XLM,0.0012806506859832645,0.00025632786118157114,0.0010243228248016933,50.0000666,,0.0800016
2026-10-06T12:00:00.000Z,blend:v2.1:stellar:pool:cbakazuejbafa2dcgbrs2wkjt3fnimjbhtfl76ay7xmaveinqnniqwao:ccw67tszv3sss2hxmbq5jfgckjnxkzm7uquwuzputhxstzleo7sjmi75:borrow,borrow,USDC,0.05653623699373145,0,0.05653623699373145,3.0000858,1.5001072,0.5000215
2026-10-06T12:00:00.000Z,blend:v2.1:stellar:pool:cbakazuejbafa2dcgbrs2wkjt3fnimjbhtfl76ay7xmaveinqnniqwao:ccw67tszv3sss2hxmbq5jfgckjnxkzm7uquwuzputhxstzleo7sjmi75:supply,supply,USDC,0.027881765696053717,0.005638658959776777,0.02224310673627694,3.0000858,,0.5000215
2026-10-06T12:00:00.000Z,blend:v2.1:stellar:pool:cbakazuejbafa2dcgbrs2wkjt3fnimjbhtfl76ay7xmaveinqnniqwao:cdtkpwplourqa2sgtktuqowrcbzeorb4bwbomj3d3ztqqsge5f6jbqlv:borrow,borrow,EURC,0.05653623699373145,0,0.05653623699373145,2.0000572,1.0000714,0.5000214
2026-10-06T12:00:00.000Z,blend:v2.1:stellar:pool:cbakazuejbafa2dcgbrs2wkjt3fnimjbhtfl76ay7xmaveinqnniqwao:cdtkpwplourqa2sgtktuqowrcbzeorb4bwbomj3d3ztqqsge5f6jbqlv:supply,supply,EURC,0.027881760043168224,0.005638653306891284,0.02224310673627694,2.0000572,,0.5000214
2026-10-06T13:00:00.000Z,blend:v2.1:stellar:pool:cbakazuejbafa2dcgbrs2wkjt3fnimjbhtfl76ay7xmaveinqnniqwao:cas3j7gylgxmf6tdjbbyyse3hq6bbsmlnuq34t6tzmymw2evh34xowma:borrow,borrow,XLM,0.016125890477340477,0,0.016125890477340477,50.0000724,4.0000905,0.0800017
2026-10-06T13:00:00.000Z,blend:v2.1:stellar:pool:cbakazuejbafa2dcgbrs2wkjt3fnimjbhtfl76ay7xmaveinqnniqwao:cas3j7gylgxmf6tdjbbyyse3hq6bbsmlnuq34t6tzmymw2evh34xowma:supply,supply,XLM,0.0012806522877990556,0.00025632946299736226,0.0010243228248016933,50.0000724,,0.0800017
2026-10-06T13:00:00.000Z,blend:v2.1:stellar:pool:cbakazuejbafa2dcgbrs2wkjt3fnimjbhtfl76ay7xmaveinqnniqwao:ccw67tszv3sss2hxmbq5jfgckjnxkzm7uquwuzputhxstzleo7sjmi75:borrow,borrow,USDC,0.05653623699373145,0,0.05653623699373145,3.0000933,1.5001166,0.5000234
2026-10-06T13:00:00.000Z,blend:v2.1:stellar:pool:cbakazuejbafa2dcgbrs2wkjt3fnimjbhtfl76ay7xmaveinqnniqwao:ccw67tszv3sss2hxmbq5jfgckjnxkzm7uquwuzputhxstzleo7sjmi75:supply,supply,USDC,0.027881873101632815,0.005638766365355874,0.02224310673627694,3.0000933,,0.5000234
2026-10-06T13:00:00.000Z,blend:v2.1:stellar:pool:cbakazuejbafa2dcgbrs2wkjt3fnimjbhtfl76ay7xmaveinqnniqwao:cdtkpwplourqa2sgtktuqowrcbzeorb4bwbomj3d3ztqqsge5f6jbqlv:borrow,borrow,EURC,0.05653623699373145,0,0.05653623699373145,2.0000622,1.0000777,0.5000233
2026-10-06T13:00:00.000Z,blend:v2.1:stellar:pool:cbakazuejbafa2dcgbrs2wkjt3fnimjbhtfl76ay7xmaveinqnniqwao:cdtkpwplourqa2sgtktuqowrcbzeorb4bwbomj3d3ztqqsge5f6jbqlv:supply,supply,EURC,0.027881867448746656,0.005638760712469715,0.02224310673627694,2.0000622,,0.5000233
2026-10-06T14:00:00.000Z,blend:v2.1:stellar:pool:cbakazuejbafa2dcgbrs2wkjt3fnimjbhtfl76ay7xmaveinqnniqwao:cas3j7gylgxmf6tdjbbyyse3hq6bbsmlnuq34t6tzmymw2evh34xowma:borrow,borrow,XLM,0.016125890477340477,0,0.016125890477340477,50.0000783,4.0000978,0.0800019
2026-10-06T14:00:00.000Z,blend:v2.1:stellar:pool:cbakazuejbafa2dcgbrs2wkjt3fnimjbhtfl76ay7xmaveinqnniqwao:cas3j7gylgxmf6tdjbbyyse3hq6bbsmlnuq34t6tzmymw2evh34xowma:supply,supply,XLM,0.0012806554914304158,0.00025633266662872245,0.0010243228248016933,50.0000783,,0.0800019
2026-10-06T14:00:00.000Z,blend:v2.1:stellar:pool:cbakazuejbafa2dcgbrs2wkjt3fnimjbhtfl76ay7xmaveinqnniqwao:ccw67tszv3sss2hxmbq5jfgckjnxkzm7uquwuzputhxstzleo7sjmi75:borrow,borrow,USDC,0.05653623699373145,0,0.05653623699373145,3.0001008,1.500126,0.5000252
2026-10-06T14:00:00.000Z,blend:v2.1:stellar:pool:cbakazuejbafa2dcgbrs2wkjt3fnimjbhtfl76ay7xmaveinqnniqwao:ccw67tszv3sss2hxmbq5jfgckjnxkzm7uquwuzputhxstzleo7sjmi75:supply,supply,USDC,0.027881974854252922,0.005638868117975981,0.02224310673627694,3.0001008,,0.5000252
2026-10-06T14:00:00.000Z,blend:v2.1:stellar:pool:cbakazuejbafa2dcgbrs2wkjt3fnimjbhtfl76ay7xmaveinqnniqwao:cdtkpwplourqa2sgtktuqowrcbzeorb4bwbomj3d3ztqqsge5f6jbqlv:borrow,borrow,EURC,0.05653623699373145,0,0.05653623699373145,2.0000672,1.000084,0.5000252
2026-10-06T14:00:00.000Z,blend:v2.1:stellar:pool:cbakazuejbafa2dcgbrs2wkjt3fnimjbhtfl76ay7xmaveinqnniqwao:cdtkpwplourqa2sgtktuqowrcbzeorb4bwbomj3d3ztqqsge5f6jbqlv:supply,supply,EURC,0.027881974854252922,0.005638868117975981,0.02224310673627694,2.0000672,,0.5000252
2026-10-06T15:00:00.000Z,blend:v2.1:stellar:pool:cbakazuejbafa2dcgbrs2wkjt3fnimjbhtfl76ay7xmaveinqnniqwao:cas3j7gylgxmf6tdjbbyyse3hq6bbsmlnuq34t6tzmymw2evh34xowma:borrow,borrow,XLM,0.016125890477340477,0,0.016125890477340477,50.0000841,4.0001051,0.080002
2026-10-06T15:00:00.000Z,blend:v2.1:stellar:pool:cbakazuejbafa2dcgbrs2wkjt3fnimjbhtfl76ay7xmaveinqnniqwao:cas3j7gylgxmf6tdjbbyyse3hq6bbsmlnuq34t6tzmymw2evh34xowma:supply,supply,XLM,0.0012806570932459849,0.0002563342684442915,0.0010243228248016933,50.0000841,,0.080002
2026-10-06T15:00:00.000Z,blend:v2.1:stellar:pool:cbakazuejbafa2dcgbrs2wkjt3fnimjbhtfl76ay7xmaveinqnniqwao:ccw67tszv3sss2hxmbq5jfgckjnxkzm7uquwuzputhxstzleo7sjmi75:borrow,borrow,USDC,0.05653623699373145,0,0.05653623699373145,3.0001083,1.5001354,0.5000271
2026-10-06T15:00:00.000Z,blend:v2.1:stellar:pool:cbakazuejbafa2dcgbrs2wkjt3fnimjbhtfl76ay7xmaveinqnniqwao:ccw67tszv3sss2hxmbq5jfgckjnxkzm7uquwuzputhxstzleo7sjmi75:supply,supply,USDC,0.02788208225985378,0.005638975523576839,0.02224310673627694,3.0001083,,0.5000271
2026-10-06T15:00:00.000Z,blend:v2.1:stellar:pool:cbakazuejbafa2dcgbrs2wkjt3fnimjbhtfl76ay7xmaveinqnniqwao:cdtkpwplourqa2sgtktuqowrcbzeorb4bwbomj3d3ztqqsge5f6jbqlv:borrow,borrow,EURC,0.05653623699373145,0,0.05653623699373145,2.0000722,1.0000902,0.5000271
2026-10-06T15:00:00.000Z,blend:v2.1:stellar:pool:cbakazuejbafa2dcgbrs2wkjt3fnimjbhtfl76ay7xmaveinqnniqwao:cdtkpwplourqa2sgtktuqowrcbzeorb4bwbomj3d3ztqqsge5f6jbqlv:supply,supply,EURC,0.02788208225985378,0.005638975523576839,0.02224310673627694,2.0000722,,0.5000271
2026-10-06T16:00:00.000Z,blend:v2.1:stellar:pool:cbakazuejbafa2dcgbrs2wkjt3fnimjbhtfl76ay7xmaveinqnniqwao:cas3j7gylgxmf6tdjbbyyse3hq6bbsmlnuq34t6tzmymw2evh34xowma:borrow,borrow,XLM,0.016125890477340477,0,0.016125890477340477,50.0000899,4.0001124,0.0800022
2026-10-06T16:00:00.000Z,blend:v2.1:stellar:pool:cbakazuejbafa2dcgbrs2wkjt3fnimjbhtfl76ay7xmaveinqnniqwao:cas3j7gylgxmf6tdjbbyyse3hq6bbsmlnuq34t6tzmymw2evh34xowma:supply,supply,XLM,0.0012806602967962988,0.00025633747199460544,0.0010243228248016933,50.0000899,,0.0800022
2026-10-06T16:00:00.000Z,blend:v2.1:stellar:pool:cbakazuejbafa2dcgbrs2wkjt3fnimjbhtfl76ay7xmaveinqnniqwao:ccw67tszv3sss2hxmbq5jfgckjnxkzm7uquwuzputhxstzleo7sjmi75:borrow,borrow,USDC,0.05653623699373145,0,0.05653623699373145,3.0001158,1.5001448,0.500029
2026-10-06T16:00:00.000Z,blend:v2.1:stellar:pool:cbakazuejbafa2dcgbrs2wkjt3fnimjbhtfl76ay7xmaveinqnniqwao:ccw67tszv3sss2hxmbq5jfgckjnxkzm7uquwuzputhxstzleo7sjmi75:supply,supply,USDC,0.02788218966546574,0.005639082929188799,0.02224310673627694,3.0001158,,0.500029
2026-10-06T16:00:00.000Z,blend:v2.1:stellar:pool:cbakazuejbafa2dcgbrs2wkjt3fnimjbhtfl76ay7xmaveinqnniqwao:cdtkpwplourqa2sgtktuqowrcbzeorb4bwbomj3d3ztqqsge5f6jbqlv:borrow,borrow,EURC,0.05653623699373145,0,0.05653623699373145,2.0000772,1.0000965,0.500029
2026-10-06T16:00:00.000Z,blend:v2.1:stellar:pool:cbakazuejbafa2dcgbrs2wkjt3fnimjbhtfl76ay7xmaveinqnniqwao:cdtkpwplourqa2sgtktuqowrcbzeorb4bwbomj3d3ztqqsge5f6jbqlv:supply,supply,EURC,0.02788218966546574,0.005639082929188799,0.02224310673627694,2.0000772,,0.500029
2026-10-06T17:00:00.000Z,blend:v2.1:stellar:pool:cbakazuejbafa2dcgbrs2wkjt3fnimjbhtfl76ay7xmaveinqnniqwao:cas3j7gylgxmf6tdjbbyyse3hq6bbsmlnuq34t6tzmymw2evh34xowma:borrow,borrow,XLM,0.016125890477340477,0,0.016125890477340477,50.0000958,4.0001197,0.0800023
2026-10-06T17:00:00.000Z,blend:v2.1:stellar:pool:cbakazuejbafa2dcgbrs2wkjt3fnimjbhtfl76ay7xmaveinqnniqwao:cas3j7gylgxmf6tdjbbyyse3hq6bbsmlnuq34t6tzmymw2evh34xowma:supply,supply,XLM,0.0012806618986118679,0.0002563390738101745,0.0010243228248016933,50.0000958,,0.0800023
2026-10-06T17:00:00.000Z,blend:v2.1:stellar:pool:cbakazuejbafa2dcgbrs2wkjt3fnimjbhtfl76ay7xmaveinqnniqwao:ccw67tszv3sss2hxmbq5jfgckjnxkzm7uquwuzputhxstzleo7sjmi75:borrow,borrow,USDC,0.05653623699373145,0,0.05653623699373145,3.0001233,1.5001542,0.5000309
2026-10-06T17:00:00.000Z,blend:v2.1:stellar:pool:cbakazuejbafa2dcgbrs2wkjt3fnimjbhtfl76ay7xmaveinqnniqwao:ccw67tszv3sss2hxmbq5jfgckjnxkzm7uquwuzputhxstzleo7sjmi75:supply,supply,USDC,0.027882297071005757,0.005639190334728816,0.02224310673627694,3.0001233,,0.5000309
2026-10-06T17:00:00.000Z,blend:v2.1:stellar:pool:cbakazuejbafa2dcgbrs2wkjt3fnimjbhtfl76ay7xmaveinqnniqwao:cdtkpwplourqa2sgtktuqowrcbzeorb4bwbomj3d3ztqqsge5f6jbqlv:borrow,borrow,EURC,0.05653623699373145,0,0.05653623699373145,2.0000823,1.0001028,0.5000309
2026-10-06T17:00:00.000Z,blend:v2.1:stellar:pool:cbakazuejbafa2dcgbrs2wkjt3fnimjbhtfl76ay7xmaveinqnniqwao:cdtkpwplourqa2sgtktuqowrcbzeorb4bwbomj3d3ztqqsge5f6jbqlv:supply,supply,EURC,0.027882297071005757,0.005639190334728816,0.02224310673627694,2.0000823,,0.5000309
2026-10-06T18:00:00.000Z,blend:v2.1:stellar:pool:cbakazuejbafa2dcgbrs2wkjt3fnimjbhtfl76ay7xmaveinqnniqwao:cas3j7gylgxmf6tdjbbyyse3hq6bbsmlnuq34t6tzmymw2evh34xowma:borrow,borrow,XLM,0.016125890477340477,0,0.016125890477340477,50.0001016,4.000127,0.0800024
2026-10-06T18:00:00.000Z,blend:v2.1:stellar:pool:cbakazuejbafa2dcgbrs2wkjt3fnimjbhtfl76ay7xmaveinqnniqwao:cas3j7gylgxmf6tdjbbyyse3hq6bbsmlnuq34t6tzmymw2evh34xowma:supply,supply,XLM,0.001280663500427659,0.00025634067562596563,0.0010243228248016933,50.0001016,,0.0800024
2026-10-06T18:00:00.000Z,blend:v2.1:stellar:pool:cbakazuejbafa2dcgbrs2wkjt3fnimjbhtfl76ay7xmaveinqnniqwao:ccw67tszv3sss2hxmbq5jfgckjnxkzm7uquwuzputhxstzleo7sjmi75:borrow,borrow,USDC,0.05653623699373145,0,0.05653623699373145,3.0001309,1.5001637,0.5000328
2026-10-06T18:00:00.000Z,blend:v2.1:stellar:pool:cbakazuejbafa2dcgbrs2wkjt3fnimjbhtfl76ay7xmaveinqnniqwao:ccw67tszv3sss2hxmbq5jfgckjnxkzm7uquwuzputhxstzleo7sjmi75:supply,supply,USDC,0.027882404476640144,0.005639297740363203,0.02224310673627694,3.0001309,,0.5000328
2026-10-06T18:00:00.000Z,blend:v2.1:stellar:pool:cbakazuejbafa2dcgbrs2wkjt3fnimjbhtfl76ay7xmaveinqnniqwao:cdtkpwplourqa2sgtktuqowrcbzeorb4bwbomj3d3ztqqsge5f6jbqlv:borrow,borrow,EURC,0.05653623699373145,0,0.05653623699373145,2.0000873,1.0001091,0.5000328
2026-10-06T18:00:00.000Z,blend:v2.1:stellar:pool:cbakazuejbafa2dcgbrs2wkjt3fnimjbhtfl76ay7xmaveinqnniqwao:cdtkpwplourqa2sgtktuqowrcbzeorb4bwbomj3d3ztqqsge5f6jbqlv:supply,supply,EURC,0.027882404476640144,0.005639297740363203,0.02224310673627694,2.0000873,,0.5000328
2026-10-06T19:00:00.000Z,blend:v2.1:stellar:pool:cbakazuejbafa2dcgbrs2wkjt3fnimjbhtfl76ay7xmaveinqnniqwao:cas3j7gylgxmf6tdjbbyyse3hq6bbsmlnuq34t6tzmymw2evh34xowma:borrow,borrow,XLM,0.016125890477340477,0,0.016125890477340477,50.0001075,4.0001343,0.0800026
2026-10-06T19:00:00.000Z,blend:v2.1:stellar:pool:cbakazuejbafa2dcgbrs2wkjt3fnimjbhtfl76ay7xmaveinqnniqwao:cas3j7gylgxmf6tdjbbyyse3hq6bbsmlnuq34t6tzmymw2evh34xowma:supply,supply,XLM,0.0012806667040590192,0.0002563438792573258,0.0010243228248016933,50.0001075,,0.0800026
2026-10-06T19:00:00.000Z,blend:v2.1:stellar:pool:cbakazuejbafa2dcgbrs2wkjt3fnimjbhtfl76ay7xmaveinqnniqwao:ccw67tszv3sss2hxmbq5jfgckjnxkzm7uquwuzputhxstzleo7sjmi75:borrow,borrow,USDC,0.05653623699373145,0,0.05653623699373145,3.0001384,1.5001731,0.5000347
2026-10-06T19:00:00.000Z,blend:v2.1:stellar:pool:cbakazuejbafa2dcgbrs2wkjt3fnimjbhtfl76ay7xmaveinqnniqwao:ccw67tszv3sss2hxmbq5jfgckjnxkzm7uquwuzputhxstzleo7sjmi75:supply,supply,USDC,0.027882511882285632,0.005639405146008691,0.02224310673627694,3.0001384,,0.5000347
2026-10-06T19:00:00.000Z,blend:v2.1:stellar:pool:cbakazuejbafa2dcgbrs2wkjt3fnimjbhtfl76ay7xmaveinqnniqwao:cdtkpwplourqa2sgtktuqowrcbzeorb4bwbomj3d3ztqqsge5f6jbqlv:borrow,borrow,EURC,0.05653623699373145,0,0.05653623699373145,2.0000924,1.0001154,0.5000346
2026-10-06T19:00:00.000Z,blend:v2.1:stellar:pool:cbakazuejbafa2dcgbrs2wkjt3fnimjbhtfl76ay7xmaveinqnniqwao:cdtkpwplourqa2sgtktuqowrcbzeorb4bwbomj3d3ztqqsge5f6jbqlv:supply,supply,EURC,0.027882506229396142,0.0056393994931192015,0.02224310673627694,2.0000924,,0.5000346
2026-10-06T20:00:00.000Z,blend:v2.1:stellar:pool:cbakazuejbafa2dcgbrs2wkjt3fnimjbhtfl76ay7xmaveinqnniqwao:cas3j7gylgxmf6tdjbbyyse3hq6bbsmlnuq34t6tzmymw2evh34xowma:borrow,borrow,XLM,0.016125890477340477,0,0.016125890477340477,50.0001133,4.0001416,0.0800027
2026-10-06T20:00:00.000Z,blend:v2.1:stellar:pool:cbakazuejbafa2dcgbrs2wkjt3fnimjbhtfl76ay7xmaveinqnniqwao:cas3j7gylgxmf6tdjbbyyse3hq6bbsmlnuq34t6tzmymw2evh34xowma:supply,supply,XLM,0.0012806683058748103,0.00025634548107311694,0.0010243228248016933,50.0001133,,0.0800027
2026-10-06T20:00:00.000Z,blend:v2.1:stellar:pool:cbakazuejbafa2dcgbrs2wkjt3fnimjbhtfl76ay7xmaveinqnniqwao:ccw67tszv3sss2hxmbq5jfgckjnxkzm7uquwuzputhxstzleo7sjmi75:borrow,borrow,USDC,0.05653623699373145,0,0.05653623699373145,3.0001459,1.5001825,0.5000366
2026-10-06T20:00:00.000Z,blend:v2.1:stellar:pool:cbakazuejbafa2dcgbrs2wkjt3fnimjbhtfl76ay7xmaveinqnniqwao:ccw67tszv3sss2hxmbq5jfgckjnxkzm7uquwuzputhxstzleo7sjmi75:supply,supply,USDC,0.027882619287942445,0.005639512551665504,0.02224310673627694,3.0001459,,0.5000366
2026-10-06T20:00:00.000Z,blend:v2.1:stellar:pool:cbakazuejbafa2dcgbrs2wkjt3fnimjbhtfl76ay7xmaveinqnniqwao:cdtkpwplourqa2sgtktuqowrcbzeorb4bwbomj3d3ztqqsge5f6jbqlv:borrow,borrow,EURC,0.05653623699373145,0,0.05653623699373145,2.0000973,1.0001216,0.5000365
2026-10-06T20:00:00.000Z,blend:v2.1:stellar:pool:cbakazuejbafa2dcgbrs2wkjt3fnimjbhtfl76ay7xmaveinqnniqwao:cdtkpwplourqa2sgtktuqowrcbzeorb4bwbomj3d3ztqqsge5f6jbqlv:supply,supply,EURC,0.027882613634969022,0.0056395068986920815,0.02224310673627694,2.0000973,,0.5000365
2026-10-06T21:00:00.000Z,blend:v2.1:stellar:pool:cbakazuejbafa2dcgbrs2wkjt3fnimjbhtfl76ay7xmaveinqnniqwao:cas3j7gylgxmf6tdjbbyyse3hq6bbsmlnuq34t6tzmymw2evh34xowma:borrow,borrow,XLM,0.016125890477340477,0,0.016125890477340477,50.0001191,4.0001489,0.0800028
2026-10-06T21:00:00.000Z,blend:v2.1:stellar:pool:cbakazuejbafa2dcgbrs2wkjt3fnimjbhtfl76ay7xmaveinqnniqwao:cas3j7gylgxmf6tdjbbyyse3hq6bbsmlnuq34t6tzmymw2evh34xowma:supply,supply,XLM,0.001280669907609333,0.00025634708280763974,0.0010243228248016933,50.0001191,,0.0800028
2026-10-06T21:00:00.000Z,blend:v2.1:stellar:pool:cbakazuejbafa2dcgbrs2wkjt3fnimjbhtfl76ay7xmaveinqnniqwao:ccw67tszv3sss2hxmbq5jfgckjnxkzm7uquwuzputhxstzleo7sjmi75:borrow,borrow,USDC,0.05653623699373145,0,0.05653623699373145,3.0001536,1.5001919,0.5000384
2026-10-06T21:00:00.000Z,blend:v2.1:stellar:pool:cbakazuejbafa2dcgbrs2wkjt3fnimjbhtfl76ay7xmaveinqnniqwao:ccw67tszv3sss2hxmbq5jfgckjnxkzm7uquwuzputhxstzleo7sjmi75:supply,supply,USDC,0.02788272104063627,0.0056396143043593305,0.02224310673627694,3.0001536,,0.5000384
2026-10-06T21:00:00.000Z,blend:v2.1:stellar:pool:cbakazuejbafa2dcgbrs2wkjt3fnimjbhtfl76ay7xmaveinqnniqwao:cdtkpwplourqa2sgtktuqowrcbzeorb4bwbomj3d3ztqqsge5f6jbqlv:borrow,borrow,EURC,0.05653623699373145,0,0.05653623699373145,2.0001024,1.0001279,0.5000384
2026-10-06T21:00:00.000Z,blend:v2.1:stellar:pool:cbakazuejbafa2dcgbrs2wkjt3fnimjbhtfl76ay7xmaveinqnniqwao:cdtkpwplourqa2sgtktuqowrcbzeorb4bwbomj3d3ztqqsge5f6jbqlv:supply,supply,EURC,0.02788272104063627,0.0056396143043593305,0.02224310673627694,2.0001024,,0.5000384
2026-10-06T22:00:00.000Z,blend:v2.1:stellar:pool:cbakazuejbafa2dcgbrs2wkjt3fnimjbhtfl76ay7xmaveinqnniqwao:cas3j7gylgxmf6tdjbbyyse3hq6bbsmlnuq34t6tzmymw2evh34xowma:borrow,borrow,XLM,0.00884124885000026,0,0.00884124885000026,10050.0001245,4.0001558,0.0003981
2026-10-06T22:00:00.000Z,blend:v2.1:stellar:pool:cbakazuejbafa2dcgbrs2wkjt3fnimjbhtfl76ay7xmaveinqnniqwao:cas3j7gylgxmf6tdjbbyyse3hq6bbsmlnuq34t6tzmymw2evh34xowma:supply,supply,XLM,0.0000035042814030550318,7.04277455243485e-7,0.000002800003947811547,10050.0001245,,0.0003981
2026-10-06T22:00:00.000Z,blend:v2.1:stellar:pool:cbakazuejbafa2dcgbrs2wkjt3fnimjbhtfl76ay7xmaveinqnniqwao:ccw67tszv3sss2hxmbq5jfgckjnxkzm7uquwuzputhxstzleo7sjmi75:borrow,borrow,USDC,0.029095512432656845,0,0.029095512432656845,2003.0001593,1.5001992,0.000749
2026-10-06T22:00:00.000Z,blend:v2.1:stellar:pool:cbakazuejbafa2dcgbrs2wkjt3fnimjbhtfl76ay7xmaveinqnniqwao:ccw67tszv3sss2hxmbq5jfgckjnxkzm7uquwuzputhxstzleo7sjmi75:supply,supply,USDC,0.000021482598740574232,0.000004382452925888458,0.000017100145814685774,2003.0001593,,0.000749
2026-10-06T22:00:00.000Z,blend:v2.1:stellar:pool:cbakazuejbafa2dcgbrs2wkjt3fnimjbhtfl76ay7xmaveinqnniqwao:cdtkpwplourqa2sgtktuqowrcbzeorb4bwbomj3d3ztqqsge5f6jbqlv:borrow,borrow,EURC,0.029558364093403178,0,0.029558364093403178,98.3039232,1.0001328,0.0101739
2026-10-06T22:00:00.000Z,blend:v2.1:stellar:pool:cbakazuejbafa2dcgbrs2wkjt3fnimjbhtfl76ay7xmaveinqnniqwao:cdtkpwplourqa2sgtktuqowrcbzeorb4bwbomj3d3ztqqsge5f6jbqlv:supply,supply,EURC,0.0002964207019331422,0.00005929266856785631,0.00023712803336528587,98.3039232,,0.0101739
2026-10-06T23:00:00.000Z,blend:v2.1:stellar:pool:cbakazuejbafa2dcgbrs2wkjt3fnimjbhtfl76ay7xmaveinqnniqwao:cas3j7gylgxmf6tdjbbyyse3hq6bbsmlnuq34t6tzmymw2evh34xowma:borrow,borrow,XLM,0.00884124885000026,0,0.00884124885000026,10050.0001277,4.0001599,0.0003981
2026-10-06T23:00:00.000Z,blend:v2.1:stellar:pool:cbakazuejbafa2dcgbrs2wkjt3fnimjbhtfl76ay7xmaveinqnniqwao:cas3j7gylgxmf6tdjbbyyse3hq6bbsmlnuq34t6tzmymw2evh34xowma:supply,supply,XLM,0.0000035042814030550318,7.04277455243485e-7,0.000002800003947811547,10050.0001277,,0.0003981
2026-10-06T23:00:00.000Z,blend:v2.1:stellar:pool:cbakazuejbafa2dcgbrs2wkjt3fnimjbhtfl76ay7xmaveinqnniqwao:ccw67tszv3sss2hxmbq5jfgckjnxkzm7uquwuzputhxstzleo7sjmi75:borrow,borrow,USDC,0.03145918658191316,0,0.03145918658191316,2003.0004446,101.500556,0.0506743
2026-10-06T23:00:00.000Z,blend:v2.1:stellar:pool:cbakazuejbafa2dcgbrs2wkjt3fnimjbhtfl76ay7xmaveinqnniqwao:ccw67tszv3sss2hxmbq5jfgckjnxkzm7uquwuzputhxstzleo7sjmi75:supply,supply,USDC,0.0015709061891953091,0.0003144196305429059,0.0012564865586524032,2003.0004446,,0.0506743
2026-10-06T23:00:00.000Z,blend:v2.1:stellar:pool:cbakazuejbafa2dcgbrs2wkjt3fnimjbhtfl76ay7xmaveinqnniqwao:cdtkpwplourqa2sgtktuqowrcbzeorb4bwbomj3d3ztqqsge5f6jbqlv:borrow,borrow,EURC,0.030893427744356217,0,0.030893427744356217,98.3039318,4.0001436,0.0406916
2026-10-06T23:00:00.000Z,blend:v2.1:stellar:pool:cbakazuejbafa2dcgbrs2wkjt3fnimjbhtfl76ay7xmaveinqnniqwao:cdtkpwplourqa2sgtktuqowrcbzeorb4bwbomj3d3ztqqsge5f6jbqlv:supply,supply,EURC,0.0012388920759243138,0.00024800281287351567,0.0009908892630507982,98.3039318,,0.0406916
2026-10-07T00:00:00.000Z,blend:v2.1:stellar:pool:cbakazuejbafa2dcgbrs2wkjt3fnimjbhtfl76ay7xmaveinqnniqwao:cas3j7gylgxmf6tdjbbyyse3hq6bbsmlnuq34t6tzmymw2evh34xowma:borrow,borrow,XLM,0.008689937629328126,0,0.008689937629328126,62550.0001307,4.0001638,0.000064
2026-10-07T00:00:00.000Z,blend:v2.1:stellar:pool:cbakazuejbafa2dcgbrs2wkjt3fnimjbhtfl76ay7xmaveinqnniqwao:cas3j7gylgxmf6tdjbbyyse3hq6bbsmlnuq34t6tzmymw2evh34xowma:supply,supply,XLM,5.537601319716146e-7,1.5376002360234509e-7,4.0000010836926947e-7,62550.0001307,,0.000064
2026-10-07T00:00:00.000Z,blend:v2.1:stellar:pool:cbakazuejbafa2dcgbrs2wkjt3fnimjbhtfl76ay7xmaveinqnniqwao:ccw67tszv3sss2hxmbq5jfgckjnxkzm7uquwuzputhxstzleo7sjmi75:borrow,borrow,USDC,0.0417883503599743,0,0.0417883503599743,18003.0126369,4801.5157967,0.2667063
2026-10-07T00:00:00.000Z,blend:v2.1:stellar:pool:cbakazuejbafa2dcgbrs2wkjt3fnimjbhtfl76ay7xmaveinqnniqwao:ccw67tszv3sss2hxmbq5jfgckjnxkzm7uquwuzputhxstzleo7sjmi75:supply,supply,USDC,0.010978916760237656,0.002205458135715599,0.008773458624522057,18003.0126369,,0.2667063
2026-10-07T00:00:00.000Z,blend:v2.1:stellar:pool:cbakazuejbafa2dcgbrs2wkjt3fnimjbhtfl76ay7xmaveinqnniqwao:cdtkpwplourqa2sgtktuqowrcbzeorb4bwbomj3d3ztqqsge5f6jbqlv:borrow,borrow,EURC,0.04863750808093603,0,0.04863750808093603,12298.3176376,5004.0172765,0.4068864
2026-10-07T00:00:00.000Z,blend:v2.1:stellar:pool:cbakazuejbafa2dcgbrs2wkjt3fnimjbhtfl76ay7xmaveinqnniqwao:cdtkpwplourqa2sgtktuqowrcbzeorb4bwbomj3d3ztqqsge5f6jbqlv:supply,supply,EURC,0.01951240289850875,0.003932712916130621,0.015579689982378131,12298.3176376,,0.4068864
2026-10-07T01:00:00.000Z,blend:v2.1:stellar:pool:cbakazuejbafa2dcgbrs2wkjt3fnimjbhtfl76ay7xmaveinqnniqwao:cas3j7gylgxmf6tdjbbyyse3hq6bbsmlnuq34t6tzmymw2evh34xowma:borrow,borrow,XLM,0.008599666048478394,0,0.008599666048478394,62550.0001339,4.0001678,0.000064
2026-10-07T01:00:00.000Z,blend:v2.1:stellar:pool:cbakazuejbafa2dcgbrs2wkjt3fnimjbhtfl76ay7xmaveinqnniqwao:cas3j7gylgxmf6tdjbbyyse3hq6bbsmlnuq34t6tzmymw2evh34xowma:supply,supply,XLM,5.480321827455725e-7,1.4803207437630306e-7,4.0000010836926947e-7,62550.0001339,,0.000064
2026-10-07T01:00:00.000Z,blend:v2.1:stellar:pool:cbakazuejbafa2dcgbrs2wkjt3fnimjbhtfl76ay7xmaveinqnniqwao:ccw67tszv3sss2hxmbq5jfgckjnxkzm7uquwuzputhxstzleo7sjmi75:borrow,borrow,USDC,0.0417883503599743,0,0.0417883503599743,18003.0305893,4801.5382372,0.2667073
2026-10-07T01:00:00.000Z,blend:v2.1:stellar:pool:cbakazuejbafa2dcgbrs2wkjt3fnimjbhtfl76ay7xmaveinqnniqwao:ccw67tszv3sss2hxmbq5jfgckjnxkzm7uquwuzputhxstzleo7sjmi75:supply,supply,USDC,0.01097895814958516,0.0022054995250631038,0.008773458624522057,18003.0305893,,0.2667073
2026-10-07T01:00:00.000Z,blend:v2.1:stellar:pool:cbakazuejbafa2dcgbrs2wkjt3fnimjbhtfl76ay7xmaveinqnniqwao:cdtkpwplourqa2sgtktuqowrcbzeorb4bwbomj3d3ztqqsge5f6jbqlv:borrow,borrow,EURC,0.048318707241219006,0,0.048318707241219006,12398.3393357,5004.0443878,0.4036061
2026-10-07T01:00:00.000Z,blend:v2.1:stellar:pool:cbakazuejbafa2dcgbrs2wkjt3fnimjbhtfl76ay7xmaveinqnniqwao:cdtkpwplourqa2sgtktuqowrcbzeorb4bwbomj3d3ztqqsge5f6jbqlv:supply,supply,EURC,0.019228488692467627,0.0038750351479401868,0.01535345354452744,12398.3393357,,0.4036061
2026-10-07T02:00:00.000Z,blend:v2.1:stellar:pool:cbakazuejbafa2dcgbrs2wkjt3fnimjbhtfl76ay7xmaveinqnniqwao:cas3j7gylgxmf6tdjbbyyse3hq6bbsmlnuq34t6tzmymw2evh34xowma:borrow,borrow,XLM,0.008599666048478394,0,0.008599666048478394,62550.000137,4.0001717,0.000064
2026-10-07T02:00:00.000Z,blend:v2.1:stellar:pool:cbakazuejbafa2dcgbrs2wkjt3fnimjbhtfl76ay7xmaveinqnniqwao:cas3j7gylgxmf6tdjbbyyse3hq6bbsmlnuq34t6tzmymw2evh34xowma:supply,supply,XLM,5.480321827455725e-7,1.4803207437630306e-7,4.0000010836926947e-7,62550.000137,,0.000064
2026-10-07T02:00:00.000Z,blend:v2.1:stellar:pool:cbakazuejbafa2dcgbrs2wkjt3fnimjbhtfl76ay7xmaveinqnniqwao:ccw67tszv3sss2hxmbq5jfgckjnxkzm7uquwuzputhxstzleo7sjmi75:borrow,borrow,USDC,0.0417883503599743,0,0.0417883503599743,18003.0485417,4801.5606778,0.2667083
2026-10-07T02:00:00.000Z,blend:v2.1:stellar:pool:cbakazuejbafa2dcgbrs2wkjt3fnimjbhtfl76ay7xmaveinqnniqwao:ccw67tszv3sss2hxmbq5jfgckjnxkzm7uquwuzputhxstzleo7sjmi75:supply,supply,USDC,0.010978999538934442,0.002205540914412385,0.008773458624522057,18003.0485417,,0.2667083
2026-10-07T02:00:00.000Z,blend:v2.1:stellar:pool:cbakazuejbafa2dcgbrs2wkjt3fnimjbhtfl76ay7xmaveinqnniqwao:cdtkpwplourqa2sgtktuqowrcbzeorb4bwbomj3d3ztqqsge5f6jbqlv:borrow,borrow,EURC,0.048318707241219006,0,0.048318707241219006,12398.3609014,5004.0713449,0.4036075
2026-10-07T02:00:00.000Z,blend:v2.1:stellar:pool:cbakazuejbafa2dcgbrs2wkjt3fnimjbhtfl76ay7xmaveinqnniqwao:cdtkpwplourqa2sgtktuqowrcbzeorb4bwbomj3d3ztqqsge5f6jbqlv:supply,supply,EURC,0.019228556026307464,0.003875102481780024,0.01535345354452744,12398.3609014,,0.4036075
2026-10-07T03:00:00.000Z,blend:v2.1:stellar:pool:cbakazuejbafa2dcgbrs2wkjt3fnimjbhtfl76ay7xmaveinqnniqwao:cas3j7gylgxmf6tdjbbyyse3hq6bbsmlnuq34t6tzmymw2evh34xowma:borrow,borrow,XLM,0.008599666048478394,0,0.008599666048478394,62550.0001401,4.0001756,0.000064
2026-10-07T03:00:00.000Z,blend:v2.1:stellar:pool:cbakazuejbafa2dcgbrs2wkjt3fnimjbhtfl76ay7xmaveinqnniqwao:cas3j7gylgxmf6tdjbbyyse3hq6bbsmlnuq34t6tzmymw2evh34xowma:supply,supply,XLM,5.480321827455725e-7,1.4803207437630306e-7,4.0000010836926947e-7,62550.0001401,,0.000064
2026-10-07T03:00:00.000Z,blend:v2.1:stellar:pool:cbakazuejbafa2dcgbrs2wkjt3fnimjbhtfl76ay7xmaveinqnniqwao:ccw67tszv3sss2hxmbq5jfgckjnxkzm7uquwuzputhxstzleo7sjmi75:borrow,borrow,USDC,0.0417883503599743,0,0.0417883503599743,18003.0664941,4801.5831183,0.2667092
2026-10-07T03:00:00.000Z,blend:v2.1:stellar:pool:cbakazuejbafa2dcgbrs2wkjt3fnimjbhtfl76ay7xmaveinqnniqwao:ccw67tszv3sss2hxmbq5jfgckjnxkzm7uquwuzputhxstzleo7sjmi75:supply,supply,USDC,0.010979036789325658,0.002205578164803601,0.008773458624522057,18003.0664941,,0.2667092
2026-10-07T03:00:00.000Z,blend:v2.1:stellar:pool:cbakazuejbafa2dcgbrs2wkjt3fnimjbhtfl76ay7xmaveinqnniqwao:cdtkpwplourqa2sgtktuqowrcbzeorb4bwbomj3d3ztqqsge5f6jbqlv:borrow,borrow,EURC,0.048318707241219006,0,0.048318707241219006,12398.382467,5004.098302,0.403609
2026-10-07T03:00:00.000Z,blend:v2.1:stellar:pool:cbakazuejbafa2dcgbrs2wkjt3fnimjbhtfl76ay7xmaveinqnniqwao:cdtkpwplourqa2sgtktuqowrcbzeorb4bwbomj3d3ztqqsge5f6jbqlv:supply,supply,EURC,0.019228628169641215,0.0038751746251137753,0.01535345354452744,12398.382467,,0.403609
2026-10-07T04:00:00.000Z,blend:v2.1:stellar:pool:cbakazuejbafa2dcgbrs2wkjt3fnimjbhtfl76ay7xmaveinqnniqwao:cas3j7gylgxmf6tdjbbyyse3hq6bbsmlnuq34t6tzmymw2evh34xowma:borrow,borrow,XLM,0.008599666048478394,0,0.008599666048478394,62550.0001432,4.0001795,0.000064
2026-10-07T04:00:00.000Z,blend:v2.1:stellar:pool:cbakazuejbafa2dcgbrs2wkjt3fnimjbhtfl76ay7xmaveinqnniqwao:cas3j7gylgxmf6tdjbbyyse3hq6bbsmlnuq34t6tzmymw2evh34xowma:supply,supply,XLM,5.480321827455725e-7,1.4803207437630306e-7,4.0000010836926947e-7,62550.0001432,,0.000064
2026-10-07T04:00:00.000Z,blend:v2.1:stellar:pool:cbakazuejbafa2dcgbrs2wkjt3fnimjbhtfl76ay7xmaveinqnniqwao:ccw67tszv3sss2hxmbq5jfgckjnxkzm7uquwuzputhxstzleo7sjmi75:borrow,borrow,USDC,0.0417883503599743,0,0.0417883503599743,18003.0844465,4801.6055588,0.2667102
2026-10-07T04:00:00.000Z,blend:v2.1:stellar:pool:cbakazuejbafa2dcgbrs2wkjt3fnimjbhtfl76ay7xmaveinqnniqwao:ccw67tszv3sss2hxmbq5jfgckjnxkzm7uquwuzputhxstzleo7sjmi75:supply,supply,USDC,0.01097907817867827,0.002205619554156213,0.008773458624522057,18003.0844465,,0.2667102
2026-10-07T04:00:00.000Z,blend:v2.1:stellar:pool:cbakazuejbafa2dcgbrs2wkjt3fnimjbhtfl76ay7xmaveinqnniqwao:cdtkpwplourqa2sgtktuqowrcbzeorb4bwbomj3d3ztqqsge5f6jbqlv:borrow,borrow,EURC,0.048318707241219006,0,0.048318707241219006,12398.4040327,5004.1252591,0.4036105
2026-10-07T04:00:00.000Z,blend:v2.1:stellar:pool:cbakazuejbafa2dcgbrs2wkjt3fnimjbhtfl76ay7xmaveinqnniqwao:cdtkpwplourqa2sgtktuqowrcbzeorb4bwbomj3d3ztqqsge5f6jbqlv:supply,supply,EURC,0.019228700313062896,0.0038752467685354564,0.01535345354452744,12398.4040327,,0.4036105
2026-10-07T05:00:00.000Z,blend:v2.1:stellar:pool:cbakazuejbafa2dcgbrs2wkjt3fnimjbhtfl76ay7xmaveinqnniqwao:cas3j7gylgxmf6tdjbbyyse3hq6bbsmlnuq34t6tzmymw2evh34xowma:borrow,borrow,XLM,0.008599666048478394,0,0.008599666048478394,62550.0001463,4.0001834,0.000064
2026-10-07T05:00:00.000Z,blend:v2.1:stellar:pool:cbakazuejbafa2dcgbrs2wkjt3fnimjbhtfl76ay7xmaveinqnniqwao:cas3j7gylgxmf6tdjbbyyse3hq6bbsmlnuq34t6tzmymw2evh34xowma:supply,supply,XLM,5.480321827455725e-7,1.4803207437630306e-7,4.0000010836926947e-7,62550.0001463,,0.000064
2026-10-07T05:00:00.000Z,blend:v2.1:stellar:pool:cbakazuejbafa2dcgbrs2wkjt3fnimjbhtfl76ay7xmaveinqnniqwao:ccw67tszv3sss2hxmbq5jfgckjnxkzm7uquwuzputhxstzleo7sjmi75:borrow,borrow,USDC,0.0417883503599743,0,0.0417883503599743,18003.1023989,4801.6279993,0.2667112
2026-10-07T05:00:00.000Z,blend:v2.1:stellar:pool:cbakazuejbafa2dcgbrs2wkjt3fnimjbhtfl76ay7xmaveinqnniqwao:ccw67tszv3sss2hxmbq5jfgckjnxkzm7uquwuzputhxstzleo7sjmi75:supply,supply,USDC,0.010979119568032436,0.002205660943510379,0.008773458624522057,18003.1023989,,0.2667112
2026-10-07T05:00:00.000Z,blend:v2.1:stellar:pool:cbakazuejbafa2dcgbrs2wkjt3fnimjbhtfl76ay7xmaveinqnniqwao:cdtkpwplourqa2sgtktuqowrcbzeorb4bwbomj3d3ztqqsge5f6jbqlv:borrow,borrow,EURC,0.048318707241219006,0,0.048318707241219006,12398.4255984,5004.1522162,0.403612
2026-10-07T05:00:00.000Z,blend:v2.1:stellar:pool:cbakazuejbafa2dcgbrs2wkjt3fnimjbhtfl76ay7xmaveinqnniqwao:cdtkpwplourqa2sgtktuqowrcbzeorb4bwbomj3d3ztqqsge5f6jbqlv:supply,supply,EURC,0.019228772456489684,0.0038753189119622444,0.01535345354452744,12398.4255984,,0.403612
2026-10-07T06:00:00.000Z,blend:v2.1:stellar:pool:cbakazuejbafa2dcgbrs2wkjt3fnimjbhtfl76ay7xmaveinqnniqwao:cas3j7gylgxmf6tdjbbyyse3hq6bbsmlnuq34t6tzmymw2evh34xowma:borrow,borrow,XLM,0.008599666048478394,0,0.008599666048478394,62550.0001495,4.0001873,0.000064
2026-10-07T06:00:00.000Z,blend:v2.1:stellar:pool:cbakazuejbafa2dcgbrs2wkjt3fnimjbhtfl76ay7xmaveinqnniqwao:cas3j7gylgxmf6tdjbbyyse3hq6bbsmlnuq34t6tzmymw2evh34xowma:supply,supply,XLM,5.480321827455725e-7,1.4803207437630306e-7,4.0000010836926947e-7,62550.0001495,,0.000064
2026-10-07T06:00:00.000Z,blend:v2.1:stellar:pool:cbakazuejbafa2dcgbrs2wkjt3fnimjbhtfl76ay7xmaveinqnniqwao:ccw67tszv3sss2hxmbq5jfgckjnxkzm7uquwuzputhxstzleo7sjmi75:borrow,borrow,USDC,0.0417883503599743,0,0.0417883503599743,18003.1203513,4801.6504398,0.2667122
2026-10-07T06:00:00.000Z,blend:v2.1:stellar:pool:cbakazuejbafa2dcgbrs2wkjt3fnimjbhtfl76ay7xmaveinqnniqwao:ccw67tszv3sss2hxmbq5jfgckjnxkzm7uquwuzputhxstzleo7sjmi75:supply,supply,USDC,0.010979160957388379,0.0022057023328663217,0.008773458624522057,18003.1203513,,0.2667122
2026-10-07T06:00:00.000Z,blend:v2.1:stellar:pool:cbakazuejbafa2dcgbrs2wkjt3fnimjbhtfl76ay7xmaveinqnniqwao:cdtkpwplourqa2sgtktuqowrcbzeorb4bwbomj3d3ztqqsge5f6jbqlv:borrow,borrow,EURC,0.048318707241219006,0,0.048318707241219006,12398.4471641,5004.1791733,0.4036134
2026-10-07T06:00:00.000Z,blend:v2.1:stellar:pool:cbakazuejbafa2dcgbrs2wkjt3fnimjbhtfl76ay7xmaveinqnniqwao:cdtkpwplourqa2sgtktuqowrcbzeorb4bwbomj3d3ztqqsge5f6jbqlv:supply,supply,EURC,0.019228839790348173,0.0038753862458207333,0.01535345354452744,12398.4471641,,0.4036134
2026-10-07T07:00:00.000Z,blend:v2.1:stellar:pool:cbakazuejbafa2dcgbrs2wkjt3fnimjbhtfl76ay7xmaveinqnniqwao:cas3j7gylgxmf6tdjbbyyse3hq6bbsmlnuq34t6tzmymw2evh34xowma:borrow,borrow,XLM,0.008599666048478394,0,0.008599666048478394,62550.0001526,4.0001912,0.000064
2026-10-07T07:00:00.000Z,blend:v2.1:stellar:pool:cbakazuejbafa2dcgbrs2wkjt3fnimjbhtfl76ay7xmaveinqnniqwao:cas3j7gylgxmf6tdjbbyyse3hq6bbsmlnuq34t6tzmymw2evh34xowma:supply,supply,XLM,5.480321827455725e-7,1.4803207437630306e-7,4.0000010836926947e-7,62550.0001526,,0.000064
2026-10-07T07:00:00.000Z,blend:v2.1:stellar:pool:cbakazuejbafa2dcgbrs2wkjt3fnimjbhtfl76ay7xmaveinqnniqwao:ccw67tszv3sss2hxmbq5jfgckjnxkzm7uquwuzputhxstzleo7sjmi75:borrow,borrow,USDC,0.0417883503599743,0,0.0417883503599743,18003.1383037,4801.6728803,0.2667132
2026-10-07T07:00:00.000Z,blend:v2.1:stellar:pool:cbakazuejbafa2dcgbrs2wkjt3fnimjbhtfl76ay7xmaveinqnniqwao:ccw67tszv3sss2hxmbq5jfgckjnxkzm7uquwuzputhxstzleo7sjmi75:supply,supply,USDC,0.010979202346745875,0.0022057437222238185,0.008773458624522057,18003.1383037,,0.2667132
2026-10-07T07:00:00.000Z,blend:v2.1:stellar:pool:cbakazuejbafa2dcgbrs2wkjt3fnimjbhtfl76ay7xmaveinqnniqwao:cdtkpwplourqa2sgtktuqowrcbzeorb4bwbomj3d3ztqqsge5f6jbqlv:borrow,borrow,EURC,0.048318707241219006,0,0.048318707241219006,12398.4687298,5004.2061304,0.4036149
2026-10-07T07:00:00.000Z,blend:v2.1:stellar:pool:cbakazuejbafa2dcgbrs2wkjt3fnimjbhtfl76ay7xmaveinqnniqwao:cdtkpwplourqa2sgtktuqowrcbzeorb4bwbomj3d3ztqqsge5f6jbqlv:supply,supply,EURC,0.01922891193378473,0.0038754583892572914,0.01535345354452744,12398.4687298,,0.4036149
2026-10-07T08:00:00.000Z,blend:v2.1:stellar:pool:cbakazuejbafa2dcgbrs2wkjt3fnimjbhtfl76ay7xmaveinqnniqwao:cas3j7gylgxmf6tdjbbyyse3hq6bbsmlnuq34t6tzmymw2evh34xowma:borrow,borrow,XLM,0.008599666048478394,0,0.008599666048478394,62550.0001558,4.0001952,0.000064
2026-10-07T08:00:00.000Z,blend:v2.1:stellar:pool:cbakazuejbafa2dcgbrs2wkjt3fnimjbhtfl76ay7xmaveinqnniqwao:cas3j7gylgxmf6tdjbbyyse3hq6bbsmlnuq34t6tzmymw2evh34xowma:supply,supply,XLM,5.480321827455725e-7,1.4803207437630306e-7,4.0000010836926947e-7,62550.0001558,,0.000064
2026-10-07T08:00:00.000Z,blend:v2.1:stellar:pool:cbakazuejbafa2dcgbrs2wkjt3fnimjbhtfl76ay7xmaveinqnniqwao:ccw67tszv3sss2hxmbq5jfgckjnxkzm7uquwuzputhxstzleo7sjmi75:borrow,borrow,USDC,0.0417883503599743,0,0.0417883503599743,18003.1562561,4801.6953208,0.2667141
2026-10-07T08:00:00.000Z,blend:v2.1:stellar:pool:cbakazuejbafa2dcgbrs2wkjt3fnimjbhtfl76ay7xmaveinqnniqwao:ccw67tszv3sss2hxmbq5jfgckjnxkzm7uquwuzputhxstzleo7sjmi75:supply,supply,USDC,0.010979239597226575,0.0022057809727045186,0.008773458624522057,18003.1562561,,0.2667141
2026-10-07T08:00:00.000Z,blend:v2.1:stellar:pool:cbakazuejbafa2dcgbrs2wkjt3fnimjbhtfl76ay7xmaveinqnniqwao:cdtkpwplourqa2sgtktuqowrcbzeorb4bwbomj3d3ztqqsge5f6jbqlv:borrow,borrow,EURC,0.048318707241219006,0,0.048318707241219006,12398.4902954,5004.2330875,0.4036164
2026-10-07T08:00:00.000Z,blend:v2.1:stellar:pool:cbakazuejbafa2dcgbrs2wkjt3fnimjbhtfl76ay7xmaveinqnniqwao:cdtkpwplourqa2sgtktuqowrcbzeorb4bwbomj3d3ztqqsge5f6jbqlv:supply,supply,EURC,0.019228984077226396,0.0038755305326989564,0.01535345354452744,12398.4902954,,0.4036164
2026-10-07T09:00:00.000Z,blend:v2.1:stellar:pool:cbakazuejbafa2dcgbrs2wkjt3fnimjbhtfl76ay7xmaveinqnniqwao:cas3j7gylgxmf6tdjbbyyse3hq6bbsmlnuq34t6tzmymw2evh34xowma:borrow,borrow,XLM,0.008599666048478394,0,0.008599666048478394,62550.0001589,4.0001991,0.000064
2026-10-07T09:00:00.000Z,blend:v2.1:stellar:pool:cbakazuejbafa2dcgbrs2wkjt3fnimjbhtfl76ay7xmaveinqnniqwao:cas3j7gylgxmf6tdjbbyyse3hq6bbsmlnuq34t6tzmymw2evh34xowma:supply,supply,XLM,5.480321827455725e-7,1.4803207437630306e-7,4.0000010836926947e-7,62550.0001589,,0.000064
2026-10-07T09:00:00.000Z,blend:v2.1:stellar:pool:cbakazuejbafa2dcgbrs2wkjt3fnimjbhtfl76ay7xmaveinqnniqwao:ccw67tszv3sss2hxmbq5jfgckjnxkzm7uquwuzputhxstzleo7sjmi75:borrow,borrow,USDC,0.0417883503599743,0,0.0417883503599743,18003.1742086,4801.7177614,0.2667151
2026-10-07T09:00:00.000Z,blend:v2.1:stellar:pool:cbakazuejbafa2dcgbrs2wkjt3fnimjbhtfl76ay7xmaveinqnniqwao:ccw67tszv3sss2hxmbq5jfgckjnxkzm7uquwuzputhxstzleo7sjmi75:supply,supply,USDC,0.010979280986587181,0.002205822362065124,0.008773458624522057,18003.1742086,,0.2667151
2026-10-07T09:00:00.000Z,blend:v2.1:stellar:pool:cbakazuejbafa2dcgbrs2wkjt3fnimjbhtfl76ay7xmaveinqnniqwao:cdtkpwplourqa2sgtktuqowrcbzeorb4bwbomj3d3ztqqsge5f6jbqlv:borrow,borrow,EURC,0.048318707241219006,0,0.048318707241219006,12398.5118611,5004.2600446,0.4036178
2026-10-07T09:00:00.000Z,blend:v2.1:stellar:pool:cbakazuejbafa2dcgbrs2wkjt3fnimjbhtfl76ay7xmaveinqnniqwao:cdtkpwplourqa2sgtktuqowrcbzeorb4bwbomj3d3ztqqsge5f6jbqlv:supply,supply,EURC,0.019229051411098874,0.003875597866571434,0.01535345354452744,12398.5118611,,0.4036178
2026-10-07T10:00:00.000Z,blend:v2.1:stellar:pool:cbakazuejbafa2dcgbrs2wkjt3fnimjbhtfl76ay7xmaveinqnniqwao:cas3j7gylgxmf6tdjbbyyse3hq6bbsmlnuq34t6tzmymw2evh34xowma:borrow,borrow,XLM,0.008599666048478394,0,0.008599666048478394,62550.000162,4.000203,0.000064
2026-10-07T10:00:00.000Z,blend:v2.1:stellar:pool:cbakazuejbafa2dcgbrs2wkjt3fnimjbhtfl76ay7xmaveinqnniqwao:cas3j7gylgxmf6tdjbbyyse3hq6bbsmlnuq34t6tzmymw2evh34xowma:supply,supply,XLM,5.480321827455725e-7,1.4803207437630306e-7,4.0000010836926947e-7,62550.000162,,0.000064
2026-10-07T10:00:00.000Z,blend:v2.1:stellar:pool:cbakazuejbafa2dcgbrs2wkjt3fnimjbhtfl76ay7xmaveinqnniqwao:ccw67tszv3sss2hxmbq5jfgckjnxkzm7uquwuzputhxstzleo7sjmi75:borrow,borrow,USDC,0.0417883503599743,0,0.0417883503599743,18003.192161,4801.7402019,0.2667161
2026-10-07T10:00:00.000Z,blend:v2.1:stellar:pool:cbakazuejbafa2dcgbrs2wkjt3fnimjbhtfl76ay7xmaveinqnniqwao:ccw67tszv3sss2hxmbq5jfgckjnxkzm7uquwuzputhxstzleo7sjmi75:supply,supply,USDC,0.010979322375949785,0.002205863751427728,0.008773458624522057,18003.192161,,0.2667161
2026-10-07T10:00:00.000Z,blend:v2.1:stellar:pool:cbakazuejbafa2dcgbrs2wkjt3fnimjbhtfl76ay7xmaveinqnniqwao:cdtkpwplourqa2sgtktuqowrcbzeorb4bwbomj3d3ztqqsge5f6jbqlv:borrow,borrow,EURC,0.048318707241219006,0,0.048318707241219006,12398.5334268,5004.2870017,0.4036193
2026-10-07T10:00:00.000Z,blend:v2.1:stellar:pool:cbakazuejbafa2dcgbrs2wkjt3fnimjbhtfl76ay7xmaveinqnniqwao:cdtkpwplourqa2sgtktuqowrcbzeorb4bwbomj3d3ztqqsge5f6jbqlv:supply,supply,EURC,0.01922912355446771,0.0038756700099402686,0.01535345354452744,12398.5334268,,0.4036193
2026-10-07T11:00:00.000Z,blend:v2.1:stellar:pool:cbakazuejbafa2dcgbrs2wkjt3fnimjbhtfl76ay7xmaveinqnniqwao:cas3j7gylgxmf6tdjbbyyse3hq6bbsmlnuq34t6tzmymw2evh34xowma:borrow,borrow,XLM,0.008599666048478394,0,0.008599666048478394,62550.0001651,4.0002069,0.000064
2026-10-07T11:00:00.000Z,blend:v2.1:stellar:pool:cbakazuejbafa2dcgbrs2wkjt3fnimjbhtfl76ay7xmaveinqnniqwao:cas3j7gylgxmf6tdjbbyyse3hq6bbsmlnuq34t6tzmymw2evh34xowma:supply,supply,XLM,5.480321827455725e-7,1.4803207437630306e-7,4.0000010836926947e-7,62550.0001651,,0.000064
2026-10-07T11:00:00.000Z,blend:v2.1:stellar:pool:cbakazuejbafa2dcgbrs2wkjt3fnimjbhtfl76ay7xmaveinqnniqwao:ccw67tszv3sss2hxmbq5jfgckjnxkzm7uquwuzputhxstzleo7sjmi75:borrow,borrow,USDC,0.0417883503599743,0,0.0417883503599743,18003.2101134,4801.7626424,0.2667171
2026-10-07T11:00:00.000Z,blend:v2.1:stellar:pool:cbakazuejbafa2dcgbrs2wkjt3fnimjbhtfl76ay7xmaveinqnniqwao:ccw67tszv3sss2hxmbq5jfgckjnxkzm7uquwuzputhxstzleo7sjmi75:supply,supply,USDC,0.010979363765313943,0.002205905140791886,0.008773458624522057,18003.2101134,,0.2667171
2026-10-07T11:00:00.000Z,blend:v2.1:stellar:pool:cbakazuejbafa2dcgbrs2wkjt3fnimjbhtfl76ay7xmaveinqnniqwao:cdtkpwplourqa2sgtktuqowrcbzeorb4bwbomj3d3ztqqsge5f6jbqlv:borrow,borrow,EURC,0.048318707241219006,0,0.048318707241219006,12398.5549925,5004.3139588,0.4036208
2026-10-07T11:00:00.000Z,blend:v2.1:stellar:pool:cbakazuejbafa2dcgbrs2wkjt3fnimjbhtfl76ay7xmaveinqnniqwao:cdtkpwplourqa2sgtktuqowrcbzeorb4bwbomj3d3ztqqsge5f6jbqlv:supply,supply,EURC,0.019229195697924473,0.0038757421533970327,0.01535345354452744,12398.5549925,,0.4036208
2026-10-07T12:00:00.000Z,blend:v2.1:stellar:pool:cbakazuejbafa2dcgbrs2wkjt3fnimjbhtfl76ay7xmaveinqnniqwao:cas3j7gylgxmf6tdjbbyyse3hq6bbsmlnuq34t6tzmymw2evh34xowma:borrow,borrow,XLM,0.008599666048478394,0,0.008599666048478394,62550.0001683,4.0002108,0.000064
2026-10-07T12:00:00.000Z,blend:v2.1:stellar:pool:cbakazuejbafa2dcgbrs2wkjt3fnimjbhtfl76ay7xmaveinqnniqwao:cas3j7gylgxmf6tdjbbyyse3hq6bbsmlnuq34t6tzmymw2evh34xowma:supply,supply,XLM,5.480321827455725e-7,1.4803207437630306e-7,4.0000010836926947e-7,62550.0001683,,0.000064
2026-10-07T12:00:00.000Z,blend:v2.1:stellar:pool:cbakazuejbafa2dcgbrs2wkjt3fnimjbhtfl76ay7xmaveinqnniqwao:ccw67tszv3sss2hxmbq5jfgckjnxkzm7uquwuzputhxstzleo7sjmi75:borrow,borrow,USDC,0.0417883503599743,0,0.0417883503599743,18003.2280658,4801.7850829,0.2667181
2026-10-07T12:00:00.000Z,blend:v2.1:stellar:pool:cbakazuejbafa2dcgbrs2wkjt3fnimjbhtfl76ay7xmaveinqnniqwao:ccw67tszv3sss2hxmbq5jfgckjnxkzm7uquwuzputhxstzleo7sjmi75:supply,supply,USDC,0.010979405154679656,0.0022059465301575987,0.008773458624522057,18003.2280658,,0.2667181
2026-10-07T12:00:00.000Z,blend:v2.1:stellar:pool:cbakazuejbafa2dcgbrs2wkjt3fnimjbhtfl76ay7xmaveinqnniqwao:cdtkpwplourqa2sgtktuqowrcbzeorb4bwbomj3d3ztqqsge5f6jbqlv:borrow,borrow,EURC,0.048318707241219006,0,0.048318707241219006,12398.5765582,5004.340916,0.4036223
2026-10-07T12:00:00.000Z,blend:v2.1:stellar:pool:cbakazuejbafa2dcgbrs2wkjt3fnimjbhtfl76ay7xmaveinqnniqwao:cdtkpwplourqa2sgtktuqowrcbzeorb4bwbomj3d3ztqqsge5f6jbqlv:supply,supply,EURC,0.019229267841386122,0.0038758142968586817,0.01535345354452744,12398.5765582,,0.4036223
2026-10-07T13:00:00.000Z,blend:v2.1:stellar:pool:cbakazuejbafa2dcgbrs2wkjt3fnimjbhtfl76ay7xmaveinqnniqwao:cas3j7gylgxmf6tdjbbyyse3hq6bbsmlnuq34t6tzmymw2evh34xowma:borrow,borrow,XLM,0.007730344785799481,0,0.007730344785799481,96595.0001709,4.0002145,0.0000415
2026-10-07T13:00:00.000Z,blend:v2.1:stellar:pool:cbakazuejbafa2dcgbrs2wkjt3fnimjbhtfl76ay7xmaveinqnniqwao:cas3j7gylgxmf6tdjbbyyse3hq6bbsmlnuq34t6tzmymw2evh34xowma:supply,supply,XLM,3.1957907076218817e-7,1.1957903645054557e-7,2.000000343116426e-7,96595.0001709,,0.0000415
2026-10-07T13:00:00.000Z,blend:v2.1:stellar:pool:cbakazuejbafa2dcgbrs2wkjt3fnimjbhtfl76ay7xmaveinqnniqwao:ccw67tszv3sss2hxmbq5jfgckjnxkzm7uquwuzputhxstzleo7sjmi75:borrow,borrow,USDC,0.03763774439344569,0,0.03763774439344569,21157.4013453,4801.8062244,0.2269564
2026-10-07T13:00:00.000Z,blend:v2.1:stellar:pool:cbakazuejbafa2dcgbrs2wkjt3fnimjbhtfl76ay7xmaveinqnniqwao:ccw67tszv3sss2hxmbq5jfgckjnxkzm7uquwuzputhxstzleo7sjmi75:supply,supply,USDC,0.00842088274998809,0.0016898924246677716,0.0067309903253203185,21157.4013453,,0.2269564
2026-10-07T13:00:00.000Z,blend:v2.1:stellar:pool:cbakazuejbafa2dcgbrs2wkjt3fnimjbhtfl76ay7xmaveinqnniqwao:cdtkpwplourqa2sgtktuqowrcbzeorb4bwbomj3d3ztqqsge5f6jbqlv:borrow,borrow,EURC,0.048318707241219006,0,0.048318707241219006,12398.5981239,5004.3678731,0.4036237
2026-10-07T13:00:00.000Z,blend:v2.1:stellar:pool:cbakazuejbafa2dcgbrs2wkjt3fnimjbhtfl76ay7xmaveinqnniqwao:cdtkpwplourqa2sgtktuqowrcbzeorb4bwbomj3d3ztqqsge5f6jbqlv:supply,supply,EURC,0.01922933517527725,0.003875881630749811,0.01535345354452744,12398.5981239,,0.4036237
2026-10-07T14:00:00.000Z,blend:v2.1:stellar:pool:cbakazuejbafa2dcgbrs2wkjt3fnimjbhtfl76ay7xmaveinqnniqwao:cas3j7gylgxmf6tdjbbyyse3hq6bbsmlnuq34t6tzmymw2evh34xowma:borrow,borrow,XLM,0.007730344785799481,0,0.007730344785799481,96595.0001737,4.000218,0.0000415
2026-10-07T14:00:00.000Z,blend:v2.1:stellar:pool:cbakazuejbafa2dcgbrs2wkjt3fnimjbhtfl76ay7xmaveinqnniqwao:cas3j7gylgxmf6tdjbbyyse3hq6bbsmlnuq34t6tzmymw2evh34xowma:supply,supply,XLM,3.1957907076218817e-7,1.1957903645054557e-7,2.000000343116426e-7,96595.0001737,,0.0000415
2026-10-07T14:00:00.000Z,blend:v2.1:stellar:pool:cbakazuejbafa2dcgbrs2wkjt3fnimjbhtfl76ay7xmaveinqnniqwao:ccw67tszv3sss2hxmbq5jfgckjnxkzm7uquwuzputhxstzleo7sjmi75:borrow,borrow,USDC,0.03580976682510584,0,0.03580976682510584,25157.4173508,4801.8262314,0.1908712
2026-10-07T14:00:00.000Z,blend:v2.1:stellar:pool:cbakazuejbafa2dcgbrs2wkjt3fnimjbhtfl76ay7xmaveinqnniqwao:ccw67tszv3sss2hxmbq5jfgckjnxkzm7uquwuzputhxstzleo7sjmi75:supply,supply,USDC,0.006738380977352243,0.0013513624341754404,0.0053870185431768025,25157.4173508,,0.1908712
2026-10-07T14:00:00.000Z,blend:v2.1:stellar:pool:cbakazuejbafa2dcgbrs2wkjt3fnimjbhtfl76ay7xmaveinqnniqwao:cdtkpwplourqa2sgtktuqowrcbzeorb4bwbomj3d3ztqqsge5f6jbqlv:borrow,borrow,EURC,0.048318707241219006,0,0.048318707241219006,12398.6196896,5004.3948302,0.4036252
2026-10-07T14:00:00.000Z,blend:v2.1:stellar:pool:cbakazuejbafa2dcgbrs2wkjt3fnimjbhtfl76ay7xmaveinqnniqwao:cdtkpwplourqa2sgtktuqowrcbzeorb4bwbomj3d3ztqqsge5f6jbqlv:supply,supply,EURC,0.019229407318748892,0.0038759537742214523,0.01535345354452744,12398.6196896,,0.4036252
2026-10-07T15:00:00.000Z,blend:v2.1:stellar:pool:cbakazuejbafa2dcgbrs2wkjt3fnimjbhtfl76ay7xmaveinqnniqwao:cas3j7gylgxmf6tdjbbyyse3hq6bbsmlnuq34t6tzmymw2evh34xowma:borrow,borrow,XLM,0.007580207286899565,0,0.007580207286899565,96595.0001763,4.0002215,0.0000415
2026-10-07T15:00:00.000Z,blend:v2.1:stellar:pool:cbakazuejbafa2dcgbrs2wkjt3fnimjbhtfl76ay7xmaveinqnniqwao:cas3j7gylgxmf6tdjbbyyse3hq6bbsmlnuq34t6tzmymw2evh34xowma:supply,supply,XLM,3.1339556194609486e-7,1.1339552763445226e-7,2.000000343116426e-7,96595.0001763,,0.0000415
2026-10-07T15:00:00.000Z,blend:v2.1:stellar:pool:cbakazuejbafa2dcgbrs2wkjt3fnimjbhtfl76ay7xmaveinqnniqwao:ccw67tszv3sss2hxmbq5jfgckjnxkzm7uquwuzputhxstzleo7sjmi75:borrow,borrow,USDC,0.03561289702804671,0,0.03561289702804671,25157.4327487,4801.845479,0.1908719
2026-10-07T15:00:00.000Z,blend:v2.1:stellar:pool:cbakazuejbafa2dcgbrs2wkjt3fnimjbhtfl76ay7xmaveinqnniqwao:ccw67tszv3sss2hxmbq5jfgckjnxkzm7uquwuzputhxstzleo7sjmi75:supply,supply,USDC,0.006701877855904037,0.0013440146854872825,0.0053578631704167545,25157.4327487,,0.1908719
2026-10-07T15:00:00.000Z,blend:v2.1:stellar:pool:cbakazuejbafa2dcgbrs2wkjt3fnimjbhtfl76ay7xmaveinqnniqwao:cdtkpwplourqa2sgtktuqowrcbzeorb4bwbomj3d3ztqqsge5f6jbqlv:borrow,borrow,EURC,0.048318707241219006,0,0.048318707241219006,12398.6412553,5004.4217873,0.4036267
2026-10-07T15:00:00.000Z,blend:v2.1:stellar:pool:cbakazuejbafa2dcgbrs2wkjt3fnimjbhtfl76ay7xmaveinqnniqwao:cdtkpwplourqa2sgtktuqowrcbzeorb4bwbomj3d3ztqqsge5f6jbqlv:supply,supply,EURC,0.01922947946222542,0.0038760259176979783,0.01535345354452744,12398.6412553,,0.4036267
2026-10-07T16:00:00.000Z,blend:v2.1:stellar:pool:cbakazuejbafa2dcgbrs2wkjt3fnimjbhtfl76ay7xmaveinqnniqwao:cas3j7gylgxmf6tdjbbyyse3hq6bbsmlnuq34t6tzmymw2evh34xowma:borrow,borrow,XLM,0.00751149407511531,0,0.00751149407511531,96595.0001788,4.0002249,0.0000415
2026-10-07T16:00:00.000Z,blend:v2.1:stellar:pool:cbakazuejbafa2dcgbrs2wkjt3fnimjbhtfl76ay7xmaveinqnniqwao:cas3j7gylgxmf6tdjbbyyse3hq6bbsmlnuq34t6tzmymw2evh34xowma:supply,supply,XLM,3.105652628399014e-7,1.1056522852825879e-7,2.000000343116426e-7,96595.0001788,,0.0000415
2026-10-07T16:00:00.000Z,blend:v2.1:stellar:pool:cbakazuejbafa2dcgbrs2wkjt3fnimjbhtfl76ay7xmaveinqnniqwao:ccw67tszv3sss2hxmbq5jfgckjnxkzm7uquwuzputhxstzleo7sjmi75:borrow,borrow,USDC,0.03542776369814793,0,0.03542776369814793,25157.4480671,4801.864629,0.1908725
2026-10-07T16:00:00.000Z,blend:v2.1:stellar:pool:cbakazuejbafa2dcgbrs2wkjt3fnimjbhtfl76ay7xmaveinqnniqwao:ccw67tszv3sss2hxmbq5jfgckjnxkzm7uquwuzputhxstzleo7sjmi75:supply,supply,USDC,0.006667543481268634,0.0013371258051186885,0.0053304176761499455,25157.4480671,,0.1908725
2026-10-07T16:00:00.000Z,blend:v2.1:stellar:pool:cbakazuejbafa2dcgbrs2wkjt3fnimjbhtfl76ay7xmaveinqnniqwao:cdtkpwplourqa2sgtktuqowrcbzeorb4bwbomj3d3ztqqsge5f6jbqlv:borrow,borrow,EURC,0.048318707241219006,0,0.048318707241219006,12398.662821,5004.4487444,0.4036282
2026-10-07T16:00:00.000Z,blend:v2.1:stellar:pool:cbakazuejbafa2dcgbrs2wkjt3fnimjbhtfl76ay7xmaveinqnniqwao:cdtkpwplourqa2sgtktuqowrcbzeorb4bwbomj3d3ztqqsge5f6jbqlv:supply,supply,EURC,0.01922955160562445,0.003876098061097011,0.01535345354452744,12398.662821,,0.4036282
2026-10-07T17:00:00.000Z,blend:v2.1:stellar:pool:cbakazuejbafa2dcgbrs2wkjt3fnimjbhtfl76ay7xmaveinqnniqwao:cas3j7gylgxmf6tdjbbyyse3hq6bbsmlnuq34t6tzmymw2evh34xowma:borrow,borrow,XLM,0.007438755855277757,0,0.007438755855277757,136595.0001813,4.0002283,0.0000293
2026-10-07T17:00:00.000Z,blend:v2.1:stellar:pool:cbakazuejbafa2dcgbrs2wkjt3fnimjbhtfl76ay7xmaveinqnniqwao:cas3j7gylgxmf6tdjbbyyse3hq6bbsmlnuq34t6tzmymw2evh34xowma:supply,supply,XLM,2.171511328530329e-7,1.1715112080423751e-7,1.0000001204879538e-7,136595.0001813,,0.0000293
2026-10-07T17:00:00.000Z,blend:v2.1:stellar:pool:cbakazuejbafa2dcgbrs2wkjt3fnimjbhtfl76ay7xmaveinqnniqwao:ccw67tszv3sss2hxmbq5jfgckjnxkzm7uquwuzputhxstzleo7sjmi75:borrow,borrow,USDC,0.03459496861670841,0,0.03459496861670841,27147.6996879,4801.8836209,0.17688
2026-10-07T17:00:00.000Z,blend:v2.1:stellar:pool:cbakazuejbafa2dcgbrs2wkjt3fnimjbhtfl76ay7xmaveinqnniqwao:ccw67tszv3sss2hxmbq5jfgckjnxkzm7uquwuzputhxstzleo7sjmi75:supply,supply,USDC,0.006034054232743502,0.0012097864726974272,0.004824267760046075,27147.6996879,,0.17688
2026-10-07T17:00:00.000Z,blend:v2.1:stellar:pool:cbakazuejbafa2dcgbrs2wkjt3fnimjbhtfl76ay7xmaveinqnniqwao:cdtkpwplourqa2sgtktuqowrcbzeorb4bwbomj3d3ztqqsge5f6jbqlv:borrow,borrow,EURC,0.048318707241219006,0,0.048318707241219006,12398.6843866,5004.4757015,0.4036296
2026-10-07T17:00:00.000Z,blend:v2.1:stellar:pool:cbakazuejbafa2dcgbrs2wkjt3fnimjbhtfl76ay7xmaveinqnniqwao:cdtkpwplourqa2sgtktuqowrcbzeorb4bwbomj3d3ztqqsge5f6jbqlv:supply,supply,EURC,0.019229618939534454,0.003876165395007014,0.01535345354452744,12398.6843866,,0.4036296
2026-10-07T18:00:00.000Z,blend:v2.1:stellar:pool:cbakazuejbafa2dcgbrs2wkjt3fnimjbhtfl76ay7xmaveinqnniqwao:cas3j7gylgxmf6tdjbbyyse3hq6bbsmlnuq34t6tzmymw2evh34xowma:borrow,borrow,XLM,0.007372066965172008,0,0.007372066965172008,136595.0001839,4.0002317,0.0000293
2026-10-07T18:00:00.000Z,blend:v2.1:stellar:pool:cbakazuejbafa2dcgbrs2wkjt3fnimjbhtfl76ay7xmaveinqnniqwao:cas3j7gylgxmf6tdjbbyyse3hq6bbsmlnuq34t6tzmymw2evh34xowma:supply,supply,XLM,2.1521145177061385e-7,1.1521143972181846e-7,1.0000001204879538e-7,136595.0001839,,0.0000293
2026-10-07T18:00:00.000Z,blend:v2.1:stellar:pool:cbakazuejbafa2dcgbrs2wkjt3fnimjbhtfl76ay7xmaveinqnniqwao:ccw67tszv3sss2hxmbq5jfgckjnxkzm7uquwuzputhxstzleo7sjmi75:borrow,borrow,USDC,0.03441456775268015,0,0.03441456775268015,27147.714585,4801.9022425,0.1768806
2026-10-07T18:00:00.000Z,blend:v2.1:stellar:pool:cbakazuejbafa2dcgbrs2wkjt3fnimjbhtfl76ay7xmaveinqnniqwao:ccw67tszv3sss2hxmbq5jfgckjnxkzm7uquwuzputhxstzleo7sjmi75:supply,supply,USDC,0.006003041635689987,0.0012034919234904518,0.004799549712199536,27147.714585,,0.1768806
2026-10-07T18:00:00.000Z,blend:v2.1:stellar:pool:cbakazuejbafa2dcgbrs2wkjt3fnimjbhtfl76ay7xmaveinqnniqwao:cdtkpwplourqa2sgtktuqowrcbzeorb4bwbomj3d3ztqqsge5f6jbqlv:borrow,borrow,EURC,0.048318707241219006,0,0.048318707241219006,12398.7059523,5004.5026586,0.4036311
2026-10-07T18:00:00.000Z,blend:v2.1:stellar:pool:cbakazuejbafa2dcgbrs2wkjt3fnimjbhtfl76ay7xmaveinqnniqwao:cdtkpwplourqa2sgtktuqowrcbzeorb4bwbomj3d3ztqqsge5f6jbqlv:supply,supply,EURC,0.01922969108302608,0.003876237538498639,0.01535345354452744,12398.7059523,,0.4036311
2026-10-07T19:00:00.000Z,blend:v2.1:stellar:pool:cbakazuejbafa2dcgbrs2wkjt3fnimjbhtfl76ay7xmaveinqnniqwao:cas3j7gylgxmf6tdjbbyyse3hq6bbsmlnuq34t6tzmymw2evh34xowma:borrow,borrow,XLM,0.007372066965172008,0,0.007372066965172008,136595.0001865,4.000235,0.0000293
2026-10-07T19:00:00.000Z,blend:v2.1:stellar:pool:cbakazuejbafa2dcgbrs2wkjt3fnimjbhtfl76ay7xmaveinqnniqwao:cas3j7gylgxmf6tdjbbyyse3hq6bbsmlnuq34t6tzmymw2evh34xowma:supply,supply,XLM,2.1521145177061385e-7,1.1521143972181846e-7,1.0000001204879538e-7,136595.0001865,,0.0000293
2026-10-07T19:00:00.000Z,blend:v2.1:stellar:pool:cbakazuejbafa2dcgbrs2wkjt3fnimjbhtfl76ay7xmaveinqnniqwao:ccw67tszv3sss2hxmbq5jfgckjnxkzm7uquwuzputhxstzleo7sjmi75:borrow,borrow,USDC,0.034248676303340275,0,0.034248676303340275,27147.7294165,4801.920782,0.1768812
2026-10-07T19:00:00.000Z,blend:v2.1:stellar:pool:cbakazuejbafa2dcgbrs2wkjt3fnimjbhtfl76ay7xmaveinqnniqwao:ccw67tszv3sss2hxmbq5jfgckjnxkzm7uquwuzputhxstzleo7sjmi75:supply,supply,USDC,0.005974520869489686,0.0011977795497044585,0.004776741319785227,27147.7294165,,0.1768812
2026-10-07T19:00:00.000Z,blend:v2.1:stellar:pool:cbakazuejbafa2dcgbrs2wkjt3fnimjbhtfl76ay7xmaveinqnniqwao:cdtkpwplourqa2sgtktuqowrcbzeorb4bwbomj3d3ztqqsge5f6jbqlv:borrow,borrow,EURC,0.048318707241219006,0,0.048318707241219006,12398.727518,5004.5296157,0.4036326
2026-10-07T19:00:00.000Z,blend:v2.1:stellar:pool:cbakazuejbafa2dcgbrs2wkjt3fnimjbhtfl76ay7xmaveinqnniqwao:cdtkpwplourqa2sgtktuqowrcbzeorb4bwbomj3d3ztqqsge5f6jbqlv:supply,supply,EURC,0.01922976322652259,0.0038763096819951492,0.01535345354452744,12398.727518,,0.4036326
2026-10-07T20:00:00.000Z,blend:v2.1:stellar:pool:cbakazuejbafa2dcgbrs2wkjt3fnimjbhtfl76ay7xmaveinqnniqwao:cas3j7gylgxmf6tdjbbyyse3hq6bbsmlnuq34t6tzmymw2evh34xowma:borrow,borrow,XLM,0.007372066965172008,0,0.007372066965172008,136595.0001892,4.0002384,0.0000293
2026-10-07T20:00:00.000Z,blend:v2.1:stellar:pool:cbakazuejbafa2dcgbrs2wkjt3fnimjbhtfl76ay7xmaveinqnniqwao:cas3j7gylgxmf6tdjbbyyse3hq6bbsmlnuq34t6tzmymw2evh34xowma:supply,supply,XLM,2.1521145177061385e-7,1.1521143972181846e-7,1.0000001204879538e-7,136595.0001892,,0.0000293
2026-10-07T20:00:00.000Z,blend:v2.1:stellar:pool:cbakazuejbafa2dcgbrs2wkjt3fnimjbhtfl76ay7xmaveinqnniqwao:ccw67tszv3sss2hxmbq5jfgckjnxkzm7uquwuzputhxstzleo7sjmi75:borrow,borrow,USDC,0.034248676303340275,0,0.034248676303340275,27147.7441849,4801.9392424,0.1768818
2026-10-07T20:00:00.000Z,blend:v2.1:stellar:pool:cbakazuejbafa2dcgbrs2wkjt3fnimjbhtfl76ay7xmaveinqnniqwao:ccw67tszv3sss2hxmbq5jfgckjnxkzm7uquwuzputhxstzleo7sjmi75:supply,supply,USDC,0.005974541196014815,0.0011977998762295883,0.004776741319785227,27147.7441849,,0.1768818
2026-10-07T20:00:00.000Z,blend:v2.1:stellar:pool:cbakazuejbafa2dcgbrs2wkjt3fnimjbhtfl76ay7xmaveinqnniqwao:cdtkpwplourqa2sgtktuqowrcbzeorb4bwbomj3d3ztqqsge5f6jbqlv:borrow,borrow,EURC,0.048318707241219006,0,0.048318707241219006,12398.7490837,5004.5565728,0.403634
2026-10-07T20:00:00.000Z,blend:v2.1:stellar:pool:cbakazuejbafa2dcgbrs2wkjt3fnimjbhtfl76ay7xmaveinqnniqwao:cdtkpwplourqa2sgtktuqowrcbzeorb4bwbomj3d3ztqqsge5f6jbqlv:supply,supply,EURC,0.01922983056044636,0.0038763770159189193,0.01535345354452744,12398.7490837,,0.403634
2026-10-07T21:00:00.000Z,blend:v2.1:stellar:pool:cbakazuejbafa2dcgbrs2wkjt3fnimjbhtfl76ay7xmaveinqnniqwao:cas3j7gylgxmf6tdjbbyyse3hq6bbsmlnuq34t6tzmymw2evh34xowma:borrow,borrow,XLM,0.0071763574725740575,0,0.0071763574725740575,136595.0001918,4.0002417,0.0000293
2026-10-07T21:00:00.000Z,blend:v2.1:stellar:pool:cbakazuejbafa2dcgbrs2wkjt3fnimjbhtfl76ay7xmaveinqnniqwao:cas3j7gylgxmf6tdjbbyyse3hq6bbsmlnuq34t6tzmymw2evh34xowma:supply,supply,XLM,2.0951843571204165e-7,1.0951842366324627e-7,1.0000001204879538e-7,136595.0001918,,0.0000293
2026-10-07T21:00:00.000Z,blend:v2.1:stellar:pool:cbakazuejbafa2dcgbrs2wkjt3fnimjbhtfl76ay7xmaveinqnniqwao:ccw67tszv3sss2hxmbq5jfgckjnxkzm7uquwuzputhxstzleo7sjmi75:borrow,borrow,USDC,0.033882340519775456,0,0.033882340519775456,27147.7588808,4801.9576129,0.1768823
2026-10-07T21:00:00.000Z,blend:v2.1:stellar:pool:cbakazuejbafa2dcgbrs2wkjt3fnimjbhtfl76ay7xmaveinqnniqwao:ccw67tszv3sss2hxmbq5jfgckjnxkzm7uquwuzputhxstzleo7sjmi75:supply,supply,USDC,0.005911517312611858,0.0011851133928826307,0.004726403919729227,27147.7588808,,0.1768823
2026-10-07T21:00:00.000Z,blend:v2.1:stellar:pool:cbakazuejbafa2dcgbrs2wkjt3fnimjbhtfl76ay7xmaveinqnniqwao:cdtkpwplourqa2sgtktuqowrcbzeorb4bwbomj3d3ztqqsge5f6jbqlv:borrow,borrow,EURC,0.048318707241219006,0,0.048318707241219006,12398.7706494,5004.5835299,0.4036355
2026-10-07T21:00:00.000Z,blend:v2.1:stellar:pool:cbakazuejbafa2dcgbrs2wkjt3fnimjbhtfl76ay7xmaveinqnniqwao:cdtkpwplourqa2sgtktuqowrcbzeorb4bwbomj3d3ztqqsge5f6jbqlv:supply,supply,EURC,0.01922990270395286,0.0038764491594254213,0.01535345354452744,12398.7706494,,0.4036355
2026-10-07T22:00:00.000Z,blend:v2.1:stellar:pool:cbakazuejbafa2dcgbrs2wkjt3fnimjbhtfl76ay7xmaveinqnniqwao:cas3j7gylgxmf6tdjbbyyse3hq6bbsmlnuq34t6tzmymw2evh34xowma:borrow,borrow,XLM,0.0071763574725740575,0,0.0071763574725740575,136595.0001944,4.000245,0.0000293
2026-10-07T22:00:00.000Z,blend:v2.1:stellar:pool:cbakazuejbafa2dcgbrs2wkjt3fnimjbhtfl76ay7xmaveinqnniqwao:cas3j7gylgxmf6tdjbbyyse3hq6bbsmlnuq34t6tzmymw2evh34xowma:supply,supply,XLM,2.0951843571204165e-7,1.0951842366324627e-7,1.0000001204879538e-7,136595.0001944,,0.0000293
2026-10-07T22:00:00.000Z,blend:v2.1:stellar:pool:cbakazuejbafa2dcgbrs2wkjt3fnimjbhtfl76ay7xmaveinqnniqwao:ccw67tszv3sss2hxmbq5jfgckjnxkzm7uquwuzputhxstzleo7sjmi75:borrow,borrow,USDC,0.03343821698946292,0,0.03343821698946292,28147.7733828,4801.9757407,0.1705988
2026-10-07T22:00:00.000Z,blend:v2.1:stellar:pool:cbakazuejbafa2dcgbrs2wkjt3fnimjbhtfl76ay7xmaveinqnniqwao:ccw67tszv3sss2hxmbq5jfgckjnxkzm7uquwuzputhxstzleo7sjmi75:supply,supply,USDC,0.005627202632409123,0.0011280392581440868,0.004499163374265036,28147.7733828,,0.1705988
2026-10-07T22:00:00.000Z,blend:v2.1:stellar:pool:cbakazuejbafa2dcgbrs2wkjt3fnimjbhtfl76ay7xmaveinqnniqwao:cdtkpwplourqa2sgtktuqowrcbzeorb4bwbomj3d3ztqqsge5f6jbqlv:borrow,borrow,EURC,0.048318707241219006,0,0.048318707241219006,12398.792215,5004.610487,0.403637
2026-10-07T22:00:00.000Z,blend:v2.1:stellar:pool:cbakazuejbafa2dcgbrs2wkjt3fnimjbhtfl76ay7xmaveinqnniqwao:cdtkpwplourqa2sgtktuqowrcbzeorb4bwbomj3d3ztqqsge5f6jbqlv:supply,supply,EURC,0.01922997484746447,0.0038765213029370305,0.01535345354452744,12398.792215,,0.403637
2026-10-07T23:00:00.000Z,blend:v2.1:stellar:pool:cbakazuejbafa2dcgbrs2wkjt3fnimjbhtfl76ay7xmaveinqnniqwao:cas3j7gylgxmf6tdjbbyyse3hq6bbsmlnuq34t6tzmymw2evh34xowma:borrow,borrow,XLM,0.0070398969696632285,0,0.0070398969696632285,136595.0001962,3.0002476,0.000022
2026-10-07T23:00:00.000Z,blend:v2.1:stellar:pool:cbakazuejbafa2dcgbrs2wkjt3fnimjbhtfl76ay7xmaveinqnniqwao:cas3j7gylgxmf6tdjbbyyse3hq6bbsmlnuq34t6tzmymw2evh34xowma:supply,supply,XLM,1.543366063838647e-7,5.433659433506932e-8,1.0000001204879538e-7,136595.0001962,,0.000022
2026-10-07T23:00:00.000Z,blend:v2.1:stellar:pool:cbakazuejbafa2dcgbrs2wkjt3fnimjbhtfl76ay7xmaveinqnniqwao:ccw67tszv3sss2hxmbq5jfgckjnxkzm7uquwuzputhxstzleo7sjmi75:borrow,borrow,USDC,0.033317012698446336,0,0.033317012698446336,28147.7877711,4801.6937263,0.1705887
2026-10-07T23:00:00.000Z,blend:v2.1:stellar:pool:cbakazuejbafa2dcgbrs2wkjt3fnimjbhtfl76ay7xmaveinqnniqwao:ccw67tszv3sss2hxmbq5jfgckjnxkzm7uquwuzputhxstzleo7sjmi75:supply,supply,USDC,0.005606746412518904,0.0011239560402054316,0.004482790372313472,28147.7877711,,0.1705887
2026-10-07T23:00:00.000Z,blend:v2.1:stellar:pool:cbakazuejbafa2dcgbrs2wkjt3fnimjbhtfl76ay7xmaveinqnniqwao:cdtkpwplourqa2sgtktuqowrcbzeorb4bwbomj3d3ztqqsge5f6jbqlv:borrow,borrow,EURC,0.048318707241219006,0,0.048318707241219006,12398.8137807,5004.6374441,0.4036385
2026-10-07T23:00:00.000Z,blend:v2.1:stellar:pool:cbakazuejbafa2dcgbrs2wkjt3fnimjbhtfl76ay7xmaveinqnniqwao:cdtkpwplourqa2sgtktuqowrcbzeorb4bwbomj3d3ztqqsge5f6jbqlv:supply,supply,EURC,0.019230046990898586,0.003876593446371146,0.01535345354452744,12398.8137807,,0.4036385
2026-10-08T00:00:00.000Z,blend:v2.1:stellar:pool:cbakazuejbafa2dcgbrs2wkjt3fnimjbhtfl76ay7xmaveinqnniqwao:cas3j7gylgxmf6tdjbbyyse3hq6bbsmlnuq34t6tzmymw2evh34xowma:borrow,borrow,XLM,0.006970817723417566,0,0.006970817723417566,136595.000198,3.00025,0.000022
2026-10-08T00:00:00.000Z,blend:v2.1:stellar:pool:cbakazuejbafa2dcgbrs2wkjt3fnimjbhtfl76ay7xmaveinqnniqwao:cas3j7gylgxmf6tdjbbyyse3hq6bbsmlnuq34t6tzmymw2evh34xowma:supply,supply,XLM,1.528274433670873e-7,5.282743131829193e-8,1.0000001204879538e-7,136595.000198,,0.000022
2026-10-08T00:00:00.000Z,blend:v2.1:stellar:pool:cbakazuejbafa2dcgbrs2wkjt3fnimjbhtfl76ay7xmaveinqnniqwao:ccw67tszv3sss2hxmbq5jfgckjnxkzm7uquwuzputhxstzleo7sjmi75:borrow,borrow,USDC,0.02999783804830769,0,0.02999783804830769,48147.801853,4801.7113287,0.0997286
2026-10-08T00:00:00.000Z,blend:v2.1:stellar:pool:cbakazuejbafa2dcgbrs2wkjt3fnimjbhtfl76ay7xmaveinqnniqwao:ccw67tszv3sss2hxmbq5jfgckjnxkzm7uquwuzputhxstzleo7sjmi75:supply,supply,USDC,0.002952104987904436,0.0005911298831660083,0.0023609751047384275,48147.801853,,0.0997286
2026-10-08T00:00:00.000Z,blend:v2.1:stellar:pool:cbakazuejbafa2dcgbrs2wkjt3fnimjbhtfl76ay7xmaveinqnniqwao:cdtkpwplourqa2sgtktuqowrcbzeorb4bwbomj3d3ztqqsge5f6jbqlv:borrow,borrow,EURC,0.048318707241219006,0,0.048318707241219006,12398.8353464,5004.6644012,0.4036399
2026-10-08T00:00:00.000Z,blend:v2.1:stellar:pool:cbakazuejbafa2dcgbrs2wkjt3fnimjbhtfl76ay7xmaveinqnniqwao:cdtkpwplourqa2sgtktuqowrcbzeorb4bwbomj3d3ztqqsge5f6jbqlv:supply,supply,EURC,0.01923011432484123,0.00387666078031379,0.01535345354452744,12398.8353464,,0.4036399
2026-10-08T01:00:00.000Z,blend:v2.1:stellar:pool:cbakazuejbafa2dcgbrs2wkjt3fnimjbhtfl76ay7xmaveinqnniqwao:cas3j7gylgxmf6tdjbbyyse3hq6bbsmlnuq34t6tzmymw2evh34xowma:borrow,borrow,XLM,0.006970817723417566,0,0.006970817723417566,136595.0001998,3.0002523,0.000022
2026-10-08T01:00:00.000Z,blend:v2.1:stellar:pool:cbakazuejbafa2dcgbrs2wkjt3fnimjbhtfl76ay7xmaveinqnniqwao:cas3j7gylgxmf6tdjbbyyse3hq6bbsmlnuq34t6tzmymw2evh34xowma:supply,supply,XLM,1.528274433670873e-7,5.282743131829193e-8,1.0000001204879538e-7,136595.0001998,,0.000022
2026-10-08T01:00:00.000Z,blend:v2.1:stellar:pool:cbakazuejbafa2dcgbrs2wkjt3fnimjbhtfl76ay7xmaveinqnniqwao:ccw67tszv3sss2hxmbq5jfgckjnxkzm7uquwuzputhxstzleo7sjmi75:borrow,borrow,USDC,0.0365931623861846,0,0.0365931623861846,66647.1386814,17101.7357234,0.2566012
2026-10-08T01:00:00.000Z,blend:v2.1:stellar:pool:cbakazuejbafa2dcgbrs2wkjt3fnimjbhtfl76ay7xmaveinqnniqwao:ccw67tszv3sss2hxmbq5jfgckjnxkzm7uquwuzputhxstzleo7sjmi75:supply,supply,USDC,0.009265122155676542,0.001859912772823824,0.007405209382852718,66647.1386814,,0.2566012
2026-10-08T01:00:00.000Z,blend:v2.1:stellar:pool:cbakazuejbafa2dcgbrs2wkjt3fnimjbhtfl76ay7xmaveinqnniqwao:cdtkpwplourqa2sgtktuqowrcbzeorb4bwbomj3d3ztqqsge5f6jbqlv:borrow,borrow,EURC,0.05502753816118511,0,0.05502753816118511,19899.6332433,12505.4701725,0.6284272
2026-10-08T01:00:00.000Z,blend:v2.1:stellar:pool:cbakazuejbafa2dcgbrs2wkjt3fnimjbhtfl76ay7xmaveinqnniqwao:cdtkpwplourqa2sgtktuqowrcbzeorb4bwbomj3d3ztqqsge5f6jbqlv:supply,supply,EURC,0.03423683308830161,0.006939704194978358,0.027297128893323253,19899.6332433,,0.6284272
2026-10-08T02:00:00.000Z,blend:v2.1:stellar:pool:cbakazuejbafa2dcgbrs2wkjt3fnimjbhtfl76ay7xmaveinqnniqwao:cas3j7gylgxmf6tdjbbyyse3hq6bbsmlnuq34t6tzmymw2evh34xowma:borrow,borrow,XLM,0.006802872156010054,0,0.006802872156010054,136595.0002017,3.0002547,0.000022
2026-10-08T02:00:00.000Z,blend:v2.1:stellar:pool:cbakazuejbafa2dcgbrs2wkjt3fnimjbhtfl76ay7xmaveinqnniqwao:cas3j7gylgxmf6tdjbbyyse3hq6bbsmlnuq34t6tzmymw2evh34xowma:supply,supply,XLM,1.4915782942104272e-7,4.9157817372247337e-8,1.0000001204879538e-7,136595.0002017,,0.000022
2026-10-08T02:00:00.000Z,blend:v2.1:stellar:pool:cbakazuejbafa2dcgbrs2wkjt3fnimjbhtfl76ay7xmaveinqnniqwao:ccw67tszv3sss2hxmbq5jfgckjnxkzm7uquwuzputhxstzleo7sjmi75:borrow,borrow,USDC,0.0365931623861846,0,0.0365931623861846,66647.1948146,17101.8058899,0.2566021
2026-10-08T02:00:00.000Z,blend:v2.1:stellar:pool:cbakazuejbafa2dcgbrs2wkjt3fnimjbhtfl76ay7xmaveinqnniqwao:ccw67tszv3sss2hxmbq5jfgckjnxkzm7uquwuzputhxstzleo7sjmi75:supply,supply,USDC,0.009265154801744613,0.0018599454188918951,0.007405209382852718,66647.1948146,,0.2566021
2026-10-08T02:00:00.000Z,blend:v2.1:stellar:pool:cbakazuejbafa2dcgbrs2wkjt3fnimjbhtfl76ay7xmaveinqnniqwao:cdtkpwplourqa2sgtktuqowrcbzeorb4bwbomj3d3ztqqsge5f6jbqlv:borrow,borrow,EURC,0.05502753816118511,0,0.05502753816118511,19899.6944239,12505.5466483,0.6284291
2026-10-08T02:00:00.000Z,blend:v2.1:stellar:pool:cbakazuejbafa2dcgbrs2wkjt3fnimjbhtfl76ay7xmaveinqnniqwao:cdtkpwplourqa2sgtktuqowrcbzeorb4bwbomj3d3ztqqsge5f6jbqlv:supply,supply,EURC,0.03423693834786112,0.006939809454537871,0.027297128893323253,19899.6944239,,0.6284291
2026-10-08T03:00:00.000Z,blend:v2.1:stellar:pool:cbakazuejbafa2dcgbrs2wkjt3fnimjbhtfl76ay7xmaveinqnniqwao:cas3j7gylgxmf6tdjbbyyse3hq6bbsmlnuq34t6tzmymw2evh34xowma:borrow,borrow,XLM,0.006802872156010054,0,0.006802872156010054,136595.0002034,3.000257,0.000022
2026-10-08T03:00:00.000Z,blend:v2.1:stellar:pool:cbakazuejbafa2dcgbrs2wkjt3fnimjbhtfl76ay7xmaveinqnniqwao:cas3j7gylgxmf6tdjbbyyse3hq6bbsmlnuq34t6tzmymw2evh34xowma:supply,supply,XLM,1.4915782942104272e-7,4.9157817372247337e-8,1.0000001204879538e-7,136595.0002034,,0.000022
2026-10-08T03:00:00.000Z,blend:v2.1:stellar:pool:cbakazuejbafa2dcgbrs2wkjt3fnimjbhtfl76ay7xmaveinqnniqwao:ccw67tszv3sss2hxmbq5jfgckjnxkzm7uquwuzputhxstzleo7sjmi75:borrow,borrow,USDC,0.0365931623861846,0,0.0365931623861846,66647.2509478,17101.8760564,0.2566029
2026-10-08T03:00:00.000Z,blend:v2.1:stellar:pool:cbakazuejbafa2dcgbrs2wkjt3fnimjbhtfl76ay7xmaveinqnniqwao:ccw67tszv3sss2hxmbq5jfgckjnxkzm7uquwuzputhxstzleo7sjmi75:supply,supply,USDC,0.009265183820445166,0.0018599744375924487,0.007405209382852718,66647.2509478,,0.2566029
2026-10-08T03:00:00.000Z,blend:v2.1:stellar:pool:cbakazuejbafa2dcgbrs2wkjt3fnimjbhtfl76ay7xmaveinqnniqwao:cdtkpwplourqa2sgtktuqowrcbzeorb4bwbomj3d3ztqqsge5f6jbqlv:borrow,borrow,EURC,0.05502753816118511,0,0.05502753816118511,19899.7556046,12505.6231241,0.628431
2026-10-08T03:00:00.000Z,blend:v2.1:stellar:pool:cbakazuejbafa2dcgbrs2wkjt3fnimjbhtfl76ay7xmaveinqnniqwao:cdtkpwplourqa2sgtktuqowrcbzeorb4bwbomj3d3ztqqsge5f6jbqlv:supply,supply,EURC,0.034237043607515005,0.006939914714191753,0.027297128893323253,19899.7556046,,0.628431
2026-10-08T04:00:00.000Z,blend:v2.1:stellar:pool:cbakazuejbafa2dcgbrs2wkjt3fnimjbhtfl76ay7xmaveinqnniqwao:cas3j7gylgxmf6tdjbbyyse3hq6bbsmlnuq34t6tzmymw2evh34xowma:borrow,borrow,XLM,0.006639987618497267,0,0.006639987618497267,136595.0002051,3.0002593,0.000022
2026-10-08T04:00:00.000Z,blend:v2.1:stellar:pool:cbakazuejbafa2dcgbrs2wkjt3fnimjbhtfl76ay7xmaveinqnniqwao:cas3j7gylgxmf6tdjbbyyse3hq6bbsmlnuq34t6tzmymw2evh34xowma:supply,supply,XLM,1.4559819527804052e-7,4.559818322924514e-8,1.0000001204879538e-7,136595.0002051,,0.000022
2026-10-08T04:00:00.000Z,blend:v2.1:stellar:pool:cbakazuejbafa2dcgbrs2wkjt3fnimjbhtfl76ay7xmaveinqnniqwao:ccw67tszv3sss2hxmbq5jfgckjnxkzm7uquwuzputhxstzleo7sjmi75:borrow,borrow,USDC,0.03617792336506964,0,0.03617792336506964,66647.3066625,17101.9457004,0.2566038
2026-10-08T04:00:00.000Z,blend:v2.1:stellar:pool:cbakazuejbafa2dcgbrs2wkjt3fnimjbhtfl76ay7xmaveinqnniqwao:ccw67tszv3sss2hxmbq5jfgckjnxkzm7uquwuzputhxstzleo7sjmi75:supply,supply,USDC,0.009161450605728483,0.0018390448633387457,0.007322405742389737,66647.3066625,,0.2566038
2026-10-08T04:00:00.000Z,blend:v2.1:stellar:pool:cbakazuejbafa2dcgbrs2wkjt3fnimjbhtfl76ay7xmaveinqnniqwao:cdtkpwplourqa2sgtktuqowrcbzeorb4bwbomj3d3ztqqsge5f6jbqlv:borrow,borrow,EURC,0.05502753816118511,0,0.05502753816118511,19899.8167852,12505.6995999,0.628433
2026-10-08T04:00:00.000Z,blend:v2.1:stellar:pool:cbakazuejbafa2dcgbrs2wkjt3fnimjbhtfl76ay7xmaveinqnniqwao:cdtkpwplourqa2sgtktuqowrcbzeorb4bwbomj3d3ztqqsge5f6jbqlv:supply,supply,EURC,0.03423715440707409,0.006940025513750836,0.027297128893323253,19899.8167852,,0.628433
2026-10-08T05:00:00.000Z,blend:v2.1:stellar:pool:cbakazuejbafa2dcgbrs2wkjt3fnimjbhtfl76ay7xmaveinqnniqwao:cas3j7gylgxmf6tdjbbyyse3hq6bbsmlnuq34t6tzmymw2evh34xowma:borrow,borrow,XLM,0.006639987618497267,0,0.006639987618497267,136595.0002069,3.0002616,0.000022
2026-10-08T05:00:00.000Z,blend:v2.1:stellar:pool:cbakazuejbafa2dcgbrs2wkjt3fnimjbhtfl76ay7xmaveinqnniqwao:cas3j7gylgxmf6tdjbbyyse3hq6bbsmlnuq34t6tzmymw2evh34xowma:supply,supply,XLM,1.4559819527804052e-7,4.559818322924514e-8,1.0000001204879538e-7,136595.0002069,,0.000022
2026-10-08T05:00:00.000Z,blend:v2.1:stellar:pool:cbakazuejbafa2dcgbrs2wkjt3fnimjbhtfl76ay7xmaveinqnniqwao:ccw67tszv3sss2hxmbq5jfgckjnxkzm7uquwuzputhxstzleo7sjmi75:borrow,borrow,USDC,0.03617792336506964,0,0.03617792336506964,66647.3621704,17102.0150853,0.2566046
2026-10-08T05:00:00.000Z,blend:v2.1:stellar:pool:cbakazuejbafa2dcgbrs2wkjt3fnimjbhtfl76ay7xmaveinqnniqwao:ccw67tszv3sss2hxmbq5jfgckjnxkzm7uquwuzputhxstzleo7sjmi75:supply,supply,USDC,0.00916147929798905,0.0018390735555993132,0.007322405742389737,66647.3621704,,0.2566046
2026-10-08T05:00:00.000Z,blend:v2.1:stellar:pool:cbakazuejbafa2dcgbrs2wkjt3fnimjbhtfl76ay7xmaveinqnniqwao:cdtkpwplourqa2sgtktuqowrcbzeorb4bwbomj3d3ztqqsge5f6jbqlv:borrow,borrow,EURC,0.05502753816118511,0,0.05502753816118511,19899.8779658,12505.7760757,0.6284349
2026-10-08T05:00:00.000Z,blend:v2.1:stellar:pool:cbakazuejbafa2dcgbrs2wkjt3fnimjbhtfl76ay7xmaveinqnniqwao:cdtkpwplourqa2sgtktuqowrcbzeorb4bwbomj3d3ztqqsge5f6jbqlv:supply,supply,EURC,0.03423725966674995,0.0069401307734267,0.027297128893323253,19899.8779658,,0.6284349
2026-10-08T06:00:00.000Z,blend:v2.1:stellar:pool:cbakazuejbafa2dcgbrs2wkjt3fnimjbhtfl76ay7xmaveinqnniqwao:cas3j7gylgxmf6tdjbbyyse3hq6bbsmlnuq34t6tzmymw2evh34xowma:borrow,borrow,XLM,0.006557749972855964,0,0.006557749972855964,136595.0002086,3.0002638,0.000022
2026-10-08T06:00:00.000Z,blend:v2.1:stellar:pool:cbakazuejbafa2dcgbrs2wkjt3fnimjbhtfl76ay7xmaveinqnniqwao:cas3j7gylgxmf6tdjbbyyse3hq6bbsmlnuq34t6tzmymw2evh34xowma:supply,supply,XLM,1.4380083146470213e-7,4.3800819415906744e-8,1.0000001204879538e-7,136595.0002086,,0.000022
2026-10-08T06:00:00.000Z,blend:v2.1:stellar:pool:cbakazuejbafa2dcgbrs2wkjt3fnimjbhtfl76ay7xmaveinqnniqwao:ccw67tszv3sss2hxmbq5jfgckjnxkzm7uquwuzputhxstzleo7sjmi75:borrow,borrow,USDC,0.03617792336506964,0,0.03617792336506964,66647.4176783,17102.0844702,0.2566054
2026-10-08T06:00:00.000Z,blend:v2.1:stellar:pool:cbakazuejbafa2dcgbrs2wkjt3fnimjbhtfl76ay7xmaveinqnniqwao:ccw67tszv3sss2hxmbq5jfgckjnxkzm7uquwuzputhxstzleo7sjmi75:supply,supply,USDC,0.009161507990250506,0.0018391022478607688,0.007322405742389737,66647.4176783,,0.2566054
2026-10-08T06:00:00.000Z,blend:v2.1:stellar:pool:cbakazuejbafa2dcgbrs2wkjt3fnimjbhtfl76ay7xmaveinqnniqwao:cdtkpwplourqa2sgtktuqowrcbzeorb4bwbomj3d3ztqqsge5f6jbqlv:borrow,borrow,EURC,0.05502753816118511,0,0.05502753816118511,19899.9391465,12505.8525515,0.6284368
2026-10-08T06:00:00.000Z,blend:v2.1:stellar:pool:cbakazuejbafa2dcgbrs2wkjt3fnimjbhtfl76ay7xmaveinqnniqwao:cdtkpwplourqa2sgtktuqowrcbzeorb4bwbomj3d3ztqqsge5f6jbqlv:supply,supply,EURC,0.03423736492635254,0.00694023603302929,0.027297128893323253,19899.9391465,,0.6284368
2026-10-08T07:00:00.000Z,blend:v2.1:stellar:pool:cbakazuejbafa2dcgbrs2wkjt3fnimjbhtfl76ay7xmaveinqnniqwao:cas3j7gylgxmf6tdjbbyyse3hq6bbsmlnuq34t6tzmymw2evh34xowma:borrow,borrow,XLM,0.006557749972855964,0,0.006557749972855964,136595.0002104,3.0002661,0.000022
2026-10-08T07:00:00.000Z,blend:v2.1:stellar:pool:cbakazuejbafa2dcgbrs2wkjt3fnimjbhtfl76ay7xmaveinqnniqwao:cas3j7gylgxmf6tdjbbyyse3hq6bbsmlnuq34t6tzmymw2evh34xowma:supply,supply,XLM,1.4380083146470213e-7,4.3800819415906744e-8,1.0000001204879538e-7,136595.0002104,,0.000022
2026-10-08T07:00:00.000Z,blend:v2.1:stellar:pool:cbakazuejbafa2dcgbrs2wkjt3fnimjbhtfl76ay7xmaveinqnniqwao:ccw67tszv3sss2hxmbq5jfgckjnxkzm7uquwuzputhxstzleo7sjmi75:borrow,borrow,USDC,0.03566208508965785,0,0.03566208508965785,66647.4726631,17102.1532014,0.2566062
2026-10-08T07:00:00.000Z,blend:v2.1:stellar:pool:cbakazuejbafa2dcgbrs2wkjt3fnimjbhtfl76ay7xmaveinqnniqwao:ccw67tszv3sss2hxmbq5jfgckjnxkzm7uquwuzputhxstzleo7sjmi75:supply,supply,USDC,0.009032587481906162,0.0018130220658354457,0.007219565416070717,66647.4726631,,0.2566062
2026-10-08T07:00:00.000Z,blend:v2.1:stellar:pool:cbakazuejbafa2dcgbrs2wkjt3fnimjbhtfl76ay7xmaveinqnniqwao:cdtkpwplourqa2sgtktuqowrcbzeorb4bwbomj3d3ztqqsge5f6jbqlv:borrow,borrow,EURC,0.05502753816118511,0,0.05502753816118511,19900.0003271,12505.9290273,0.6284387
2026-10-08T07:00:00.000Z,blend:v2.1:stellar:pool:cbakazuejbafa2dcgbrs2wkjt3fnimjbhtfl76ay7xmaveinqnniqwao:cdtkpwplourqa2sgtktuqowrcbzeorb4bwbomj3d3ztqqsge5f6jbqlv:supply,supply,EURC,0.03423747018596601,0.00694034129264276,0.027297128893323253,19900.0003271,,0.6284387
2026-10-08T08:00:00.000Z,blend:v2.1:stellar:pool:cbakazuejbafa2dcgbrs2wkjt3fnimjbhtfl76ay7xmaveinqnniqwao:cas3j7gylgxmf6tdjbbyyse3hq6bbsmlnuq34t6tzmymw2evh34xowma:borrow,borrow,XLM,0.006557749972855964,0,0.006557749972855964,136595.0002122,3.0002683,0.000022
2026-10-08T08:00:00.000Z,blend:v2.1:stellar:pool:cbakazuejbafa2dcgbrs2wkjt3fnimjbhtfl76ay7xmaveinqnniqwao:cas3j7gylgxmf6tdjbbyyse3hq6bbsmlnuq34t6tzmymw2evh34xowma:supply,supply,XLM,1.4380083146470213e-7,4.3800819415906744e-8,1.0000001204879538e-7,136595.0002122,,0.000022
2026-10-08T08:00:00.000Z,blend:v2.1:stellar:pool:cbakazuejbafa2dcgbrs2wkjt3fnimjbhtfl76ay7xmaveinqnniqwao:ccw67tszv3sss2hxmbq5jfgckjnxkzm7uquwuzputhxstzleo7sjmi75:borrow,borrow,USDC,0.03566208508965785,0,0.03566208508965785,66647.5273938,17102.2216148,0.256607
2026-10-08T08:00:00.000Z,blend:v2.1:stellar:pool:cbakazuejbafa2dcgbrs2wkjt3fnimjbhtfl76ay7xmaveinqnniqwao:ccw67tszv3sss2hxmbq5jfgckjnxkzm7uquwuzputhxstzleo7sjmi75:supply,supply,USDC,0.009032615768500563,0.0018130503524298458,0.007219565416070717,66647.5273938,,0.256607
2026-10-08T08:00:00.000Z,blend:v2.1:stellar:pool:cbakazuejbafa2dcgbrs2wkjt3fnimjbhtfl76ay7xmaveinqnniqwao:cdtkpwplourqa2sgtktuqowrcbzeorb4bwbomj3d3ztqqsge5f6jbqlv:borrow,borrow,EURC,0.05502753816118511,0,0.05502753816118511,19900.0615078,12506.0055031,0.6284406
2026-10-08T08:00:00.000Z,blend:v2.1:stellar:pool:cbakazuejbafa2dcgbrs2wkjt3fnimjbhtfl76ay7xmaveinqnniqwao:cdtkpwplourqa2sgtktuqowrcbzeorb4bwbomj3d3ztqqsge5f6jbqlv:supply,supply,EURC,0.03423757544567385,0.006940446552350599,0.027297128893323253,19900.0615078,,0.6284406
2026-10-08T09:00:00.000Z,blend:v2.1:stellar:pool:cbakazuejbafa2dcgbrs2wkjt3fnimjbhtfl76ay7xmaveinqnniqwao:cas3j7gylgxmf6tdjbbyyse3hq6bbsmlnuq34t6tzmymw2evh34xowma:borrow,borrow,XLM,0.006296586708247176,0,0.006296586708247176,136595.0002137,3.0002705,0.000022
2026-10-08T09:00:00.000Z,blend:v2.1:stellar:pool:cbakazuejbafa2dcgbrs2wkjt3fnimjbhtfl76ay7xmaveinqnniqwao:cas3j7gylgxmf6tdjbbyyse3hq6bbsmlnuq34t6tzmymw2evh34xowma:supply,supply,XLM,1.38091849732902e-7,3.809183768410662e-8,1.0000001204879538e-7,136595.0002137,,0.000022
2026-10-08T09:00:00.000Z,blend:v2.1:stellar:pool:cbakazuejbafa2dcgbrs2wkjt3fnimjbhtfl76ay7xmaveinqnniqwao:ccw67tszv3sss2hxmbq5jfgckjnxkzm7uquwuzputhxstzleo7sjmi75:borrow,borrow,USDC,0.03526895637486627,0,0.03526895637486627,66647.5818846,17102.2897284,0.2566079
2026-10-08T09:00:00.000Z,blend:v2.1:stellar:pool:cbakazuejbafa2dcgbrs2wkjt3fnimjbhtfl76ay7xmaveinqnniqwao:ccw67tszv3sss2hxmbq5jfgckjnxkzm7uquwuzputhxstzleo7sjmi75:supply,supply,USDC,0.00893434068218979,0.0017932330763477111,0.007141107605842079,66647.5818846,,0.2566079
2026-10-08T09:00:00.000Z,blend:v2.1:stellar:pool:cbakazuejbafa2dcgbrs2wkjt3fnimjbhtfl76ay7xmaveinqnniqwao:cdtkpwplourqa2sgtktuqowrcbzeorb4bwbomj3d3ztqqsge5f6jbqlv:borrow,borrow,EURC,0.05502753816118511,0,0.05502753816118511,19900.1226884,12506.0819789,0.6284425
2026-10-08T09:00:00.000Z,blend:v2.1:stellar:pool:cbakazuejbafa2dcgbrs2wkjt3fnimjbhtfl76ay7xmaveinqnniqwao:cdtkpwplourqa2sgtktuqowrcbzeorb4bwbomj3d3ztqqsge5f6jbqlv:supply,supply,EURC,0.03423768070530864,0.006940551811985385,0.027297128893323253,19900.1226884,,0.6284425
2026-10-08T10:00:00.000Z,blend:v2.1:stellar:pool:cbakazuejbafa2dcgbrs2wkjt3fnimjbhtfl76ay7xmaveinqnniqwao:cas3j7gylgxmf6tdjbbyyse3hq6bbsmlnuq34t6tzmymw2evh34xowma:borrow,borrow,XLM,0.0062415447327692775,0,0.0062415447327692775,136595.0002152,3.0002726,0.000022
2026-10-08T10:00:00.000Z,blend:v2.1:stellar:pool:cbakazuejbafa2dcgbrs2wkjt3fnimjbhtfl76ay7xmaveinqnniqwao:cas3j7gylgxmf6tdjbbyyse3hq6bbsmlnuq34t6tzmymw2evh34xowma:supply,supply,XLM,1.368883932872933e-7,3.6888381238497914e-8,1.0000001204879538e-7,136595.0002152,,0.000022
2026-10-08T10:00:00.000Z,blend:v2.1:stellar:pool:cbakazuejbafa2dcgbrs2wkjt3fnimjbhtfl76ay7xmaveinqnniqwao:ccw67tszv3sss2hxmbq5jfgckjnxkzm7uquwuzputhxstzleo7sjmi75:borrow,borrow,USDC,0.03506018345062123,0,0.03506018345062123,66647.6358502,17102.3571857,0.2566087
2026-10-08T10:00:00.000Z,blend:v2.1:stellar:pool:cbakazuejbafa2dcgbrs2wkjt3fnimjbhtfl76ay7xmaveinqnniqwao:ccw67tszv3sss2hxmbq5jfgckjnxkzm7uquwuzputhxstzleo7sjmi75:supply,supply,USDC,0.008882150880176187,0.001782737242611132,0.007099413637565055,66647.6358502,,0.2566087
2026-10-08T10:00:00.000Z,blend:v2.1:stellar:pool:cbakazuejbafa2dcgbrs2wkjt3fnimjbhtfl76ay7xmaveinqnniqwao:cdtkpwplourqa2sgtktuqowrcbzeorb4bwbomj3d3ztqqsge5f6jbqlv:borrow,borrow,EURC,0.05502753816118511,0,0.05502753816118511,19900.183869,12506.1584546,0.6284444
2026-10-08T10:00:00.000Z,blend:v2.1:stellar:pool:cbakazuejbafa2dcgbrs2wkjt3fnimjbhtfl76ay7xmaveinqnniqwao:cdtkpwplourqa2sgtktuqowrcbzeorb4bwbomj3d3ztqqsge5f6jbqlv:supply,supply,EURC,0.034237785965038015,0.006940657071714762,0.027297128893323253,19900.183869,,0.6284444
2026-10-08T11:00:00.000Z,blend:v2.1:stellar:pool:cbakazuejbafa2dcgbrs2wkjt3fnimjbhtfl76ay7xmaveinqnniqwao:cas3j7gylgxmf6tdjbbyyse3hq6bbsmlnuq34t6tzmymw2evh34xowma:borrow,borrow,XLM,0.006134689360881129,0,0.006134689360881129,136595.0002166,3.0002747,0.000022
2026-10-08T11:00:00.000Z,blend:v2.1:stellar:pool:cbakazuejbafa2dcgbrs2wkjt3fnimjbhtfl76ay7xmaveinqnniqwao:cas3j7gylgxmf6tdjbbyyse3hq6bbsmlnuq34t6tzmymw2evh34xowma:supply,supply,XLM,1.3455199088241443e-7,3.4551978833619046e-8,1.0000001204879538e-7,136595.0002166,,0.000022
2026-10-08T11:00:00.000Z,blend:v2.1:stellar:pool:cbakazuejbafa2dcgbrs2wkjt3fnimjbhtfl76ay7xmaveinqnniqwao:ccw67tszv3sss2hxmbq5jfgckjnxkzm7uquwuzputhxstzleo7sjmi75:borrow,borrow,USDC,0.03497438860814772,0,0.03497438860814772,66647.6895626,17102.4243266,0.2566095
2026-10-08T11:00:00.000Z,blend:v2.1:stellar:pool:cbakazuejbafa2dcgbrs2wkjt3fnimjbhtfl76ay7xmaveinqnniqwao:ccw67tszv3sss2hxmbq5jfgckjnxkzm7uquwuzputhxstzleo7sjmi75:supply,supply,USDC,0.008860717563444531,0.0017784241389673383,0.007082293424477193,66647.6895626,,0.2566095
2026-10-08T11:00:00.000Z,blend:v2.1:stellar:pool:cbakazuejbafa2dcgbrs2wkjt3fnimjbhtfl76ay7xmaveinqnniqwao:cdtkpwplourqa2sgtktuqowrcbzeorb4bwbomj3d3ztqqsge5f6jbqlv:borrow,borrow,EURC,0.05502753816118511,0,0.05502753816118511,19900.2450497,12506.2349305,0.6284463
2026-10-08T11:00:00.000Z,blend:v2.1:stellar:pool:cbakazuejbafa2dcgbrs2wkjt3fnimjbhtfl76ay7xmaveinqnniqwao:cdtkpwplourqa2sgtktuqowrcbzeorb4bwbomj3d3ztqqsge5f6jbqlv:supply,supply,EURC,0.03423789122469412,0.006940762331370864,0.027297128893323253,19900.2450497,,0.6284463
2026-10-08T12:00:00.000Z,blend:v2.1:stellar:pool:cbakazuejbafa2dcgbrs2wkjt3fnimjbhtfl76ay7xmaveinqnniqwao:cas3j7gylgxmf6tdjbbyyse3hq6bbsmlnuq34t6tzmymw2evh34xowma:borrow,borrow,XLM,0.006076839244253396,0,0.006076839244253396,140616.0831542,3.0002768,0.0000214
2026-10-08T12:00:00.000Z,blend:v2.1:stellar:pool:cbakazuejbafa2dcgbrs2wkjt3fnimjbhtfl76ay7xmaveinqnniqwao:cas3j7gylgxmf6tdjbbyyse3hq6bbsmlnuq34t6tzmymw2evh34xowma:supply,supply,XLM,1.2965193207925552e-7,2.9651920030460133e-8,1.0000001204879538e-7,140616.0831542,,0.0000214
2026-10-08T12:00:00.000Z,blend:v2.1:stellar:pool:cbakazuejbafa2dcgbrs2wkjt3fnimjbhtfl76ay7xmaveinqnniqwao:ccw67tszv3sss2hxmbq5jfgckjnxkzm7uquwuzputhxstzleo7sjmi75:borrow,borrow,USDC,0.03497438860814772,0,0.03497438860814772,66647.7432568,17102.4914443,0.2566103
2026-10-08T12:00:00.000Z,blend:v2.1:stellar:pool:cbakazuejbafa2dcgbrs2wkjt3fnimjbhtfl76ay7xmaveinqnniqwao:ccw67tszv3sss2hxmbq5jfgckjnxkzm7uquwuzputhxstzleo7sjmi75:supply,supply,USDC,0.008860745309117624,0.0017784518846404307,0.007082293424477193,66647.7432568,,0.2566103
2026-10-08T12:00:00.000Z,blend:v2.1:stellar:pool:cbakazuejbafa2dcgbrs2wkjt3fnimjbhtfl76ay7xmaveinqnniqwao:cdtkpwplourqa2sgtktuqowrcbzeorb4bwbomj3d3ztqqsge5f6jbqlv:borrow,borrow,EURC,0.05502753816118511,0,0.05502753816118511,19900.3062302,12506.3114062,0.6284482
2026-10-08T12:00:00.000Z,blend:v2.1:stellar:pool:cbakazuejbafa2dcgbrs2wkjt3fnimjbhtfl76ay7xmaveinqnniqwao:cdtkpwplourqa2sgtktuqowrcbzeorb4bwbomj3d3ztqqsge5f6jbqlv:supply,supply,EURC,0.03423799648444459,0.006940867591121336,0.027297128893323253,19900.3062302,,0.6284482
2026-10-08T13:00:00.000Z,blend:v2.1:stellar:pool:cbakazuejbafa2dcgbrs2wkjt3fnimjbhtfl76ay7xmaveinqnniqwao:cas3j7gylgxmf6tdjbbyyse3hq6bbsmlnuq34t6tzmymw2evh34xowma:borrow,borrow,XLM,0.00598126805814414,0,0.00598126805814414,140616.0831557,3.0002789,0.0000214
2026-10-08T13:00:00.000Z,blend:v2.1:stellar:pool:cbakazuejbafa2dcgbrs2wkjt3fnimjbhtfl76ay7xmaveinqnniqwao:cas3j7gylgxmf6tdjbbyyse3hq6bbsmlnuq34t6tzmymw2evh34xowma:supply,supply,XLM,1.276188859034022e-7,2.7618873854606818e-8,1.0000001204879538e-7,140616.0831557,,0.0000214
2026-10-08T13:00:00.000Z,blend:v2.1:stellar:pool:cbakazuejbafa2dcgbrs2wkjt3fnimjbhtfl76ay7xmaveinqnniqwao:ccw67tszv3sss2hxmbq5jfgckjnxkzm7uquwuzputhxstzleo7sjmi75:borrow,borrow,USDC,0.0345242113274522,0,0.0345242113274522,66647.7967555,17102.5583185,0.2566111
2026-10-08T13:00:00.000Z,blend:v2.1:stellar:pool:cbakazuejbafa2dcgbrs2wkjt3fnimjbhtfl76ay7xmaveinqnniqwao:ccw67tszv3sss2hxmbq5jfgckjnxkzm7uquwuzputhxstzleo7sjmi75:supply,supply,USDC,0.00874814123953005,0.001755774520800113,0.0069923667187299365,66647.7967555,,0.2566111
2026-10-08T13:00:00.000Z,blend:v2.1:stellar:pool:cbakazuejbafa2dcgbrs2wkjt3fnimjbhtfl76ay7xmaveinqnniqwao:cdtkpwplourqa2sgtktuqowrcbzeorb4bwbomj3d3ztqqsge5f6jbqlv:borrow,borrow,EURC,0.05502753816118511,0,0.05502753816118511,19900.3674109,12506.387882,0.6284501
2026-10-08T13:00:00.000Z,blend:v2.1:stellar:pool:cbakazuejbafa2dcgbrs2wkjt3fnimjbhtfl76ay7xmaveinqnniqwao:cdtkpwplourqa2sgtktuqowrcbzeorb4bwbomj3d3ztqqsge5f6jbqlv:supply,supply,EURC,0.03423810174412223,0.0069409728507989765,0.027297128893323253,19900.3674109,,0.6284501
2026-10-08T14:00:00.000Z,blend:v2.1:stellar:pool:cbakazuejbafa2dcgbrs2wkjt3fnimjbhtfl76ay7xmaveinqnniqwao:cas3j7gylgxmf6tdjbbyyse3hq6bbsmlnuq34t6tzmymw2evh34xowma:borrow,borrow,XLM,0.0059186989861352846,0,0.0059186989861352846,140616.0831571,3.0002809,0.0000214
2026-10-08T14:00:00.000Z,blend:v2.1:stellar:pool:cbakazuejbafa2dcgbrs2wkjt3fnimjbhtfl76ay7xmaveinqnniqwao:cas3j7gylgxmf6tdjbbyyse3hq6bbsmlnuq34t6tzmymw2evh34xowma:supply,supply,XLM,1.2628786261181801e-7,2.628785056302263e-8,1.0000001204879538e-7,140616.0831571,,0.0000214
2026-10-08T14:00:00.000Z,blend:v2.1:stellar:pool:cbakazuejbafa2dcgbrs2wkjt3fnimjbhtfl76ay7xmaveinqnniqwao:ccw67tszv3sss2hxmbq5jfgckjnxkzm7uquwuzputhxstzleo7sjmi75:borrow,borrow,USDC,0.034339582358812404,0,0.034339582358812404,66647.8496797,17102.6244745,0.2566118
2026-10-08T14:00:00.000Z,blend:v2.1:stellar:pool:cbakazuejbafa2dcgbrs2wkjt3fnimjbhtfl76ay7xmaveinqnniqwao:ccw67tszv3sss2hxmbq5jfgckjnxkzm7uquwuzputhxstzleo7sjmi75:supply,supply,USDC,0.008701961447156403,0.001746449272904016,0.006955512174252387,66647.8496797,,0.2566118
2026-10-08T14:00:00.000Z,blend:v2.1:stellar:pool:cbakazuejbafa2dcgbrs2wkjt3fnimjbhtfl76ay7xmaveinqnniqwao:cdtkpwplourqa2sgtktuqowrcbzeorb4bwbomj3d3ztqqsge5f6jbqlv:borrow,borrow,EURC,0.05502753816118511,0,0.05502753816118511,19900.4285915,12506.4643578,0.6284521
2026-10-08T14:00:00.000Z,blend:v2.1:stellar:pool:cbakazuejbafa2dcgbrs2wkjt3fnimjbhtfl76ay7xmaveinqnniqwao:cdtkpwplourqa2sgtktuqowrcbzeorb4bwbomj3d3ztqqsge5f6jbqlv:supply,supply,EURC,0.034238212543878044,0.006941083650554791,0.027297128893323253,19900.4285915,,0.6284521
2026-10-08T15:00:00.000Z,blend:v2.1:stellar:pool:cbakazuejbafa2dcgbrs2wkjt3fnimjbhtfl76ay7xmaveinqnniqwao:cas3j7gylgxmf6tdjbbyyse3hq6bbsmlnuq34t6tzmymw2evh34xowma:borrow,borrow,XLM,0.005837928254608826,0,0.005837928254608826,140616.083158,3.0002829,0.0000214
2026-10-08T15:00:00.000Z,blend:v2.1:stellar:pool:cbakazuejbafa2dcgbrs2wkjt3fnimjbhtfl76ay7xmaveinqnniqwao:cas3j7gylgxmf6tdjbbyyse3hq6bbsmlnuq34t6tzmymw2evh34xowma:supply,supply,XLM,1.2456943809802112e-7,1.2456943809802112e-7,0,140616.083158,,0.0000214
2026-10-08T15:00:00.000Z,blend:v2.1:stellar:pool:cbakazuejbafa2dcgbrs2wkjt3fnimjbhtfl76ay7xmaveinqnniqwao:ccw67tszv3sss2hxmbq5jfgckjnxkzm7uquwuzputhxstzleo7sjmi75:borrow,borrow,USDC,0.03421661804774678,0,0.03421661804774678,66647.9022906,17102.6902432,0.2566126
2026-10-08T15:00:00.000Z,blend:v2.1:stellar:pool:cbakazuejbafa2dcgbrs2wkjt3fnimjbhtfl76ay7xmaveinqnniqwao:ccw67tszv3sss2hxmbq5jfgckjnxkzm7uquwuzputhxstzleo7sjmi75:supply,supply,USDC,0.008671213145442502,0.001740269920156301,0.006930943225286201,66647.9022906,,0.2566126
2026-10-08T15:00:00.000Z,blend:v2.1:stellar:pool:cbakazuejbafa2dcgbrs2wkjt3fnimjbhtfl76ay7xmaveinqnniqwao:cdtkpwplourqa2sgtktuqowrcbzeorb4bwbomj3d3ztqqsge5f6jbqlv:borrow,borrow,EURC,0.053936940351031026,0,0.053936940351031026,19900.4890738,12506.5399609,0.6284539
2026-10-08T15:00:00.000Z,blend:v2.1:stellar:pool:cbakazuejbafa2dcgbrs2wkjt3fnimjbhtfl76ay7xmaveinqnniqwao:cdtkpwplourqa2sgtktuqowrcbzeorb4bwbomj3d3ztqqsge5f6jbqlv:supply,supply,EURC,0.03356626201117496,0.006802020387163932,0.02676424162401103,19900.4890738,,0.6284539
2026-10-08T16:00:00.000Z,blend:v2.1:stellar:pool:cbakazuejbafa2dcgbrs2wkjt3fnimjbhtfl76ay7xmaveinqnniqwao:cas3j7gylgxmf6tdjbbyyse3hq6bbsmlnuq34t6tzmymw2evh34xowma:borrow,borrow,XLM,0.005767120879293541,0,0.005767120879293541,140616.0831592,3.0002849,0.0000214
2026-10-08T16:00:00.000Z,blend:v2.1:stellar:pool:cbakazuejbafa2dcgbrs2wkjt3fnimjbhtfl76ay7xmaveinqnniqwao:cas3j7gylgxmf6tdjbbyyse3hq6bbsmlnuq34t6tzmymw2evh34xowma:supply,supply,XLM,1.2306286856222926e-7,1.2306286856222926e-7,0,140616.0831592,,0.0000214
2026-10-08T16:00:00.000Z,blend:v2.1:stellar:pool:cbakazuejbafa2dcgbrs2wkjt3fnimjbhtfl76ay7xmaveinqnniqwao:ccw67tszv3sss2hxmbq5jfgckjnxkzm7uquwuzputhxstzleo7sjmi75:borrow,borrow,USDC,0.03423471532822275,0,0.03423471532822275,66647.9560877,17502.7574906,0.2626151
2026-10-08T16:00:00.000Z,blend:v2.1:stellar:pool:cbakazuejbafa2dcgbrs2wkjt3fnimjbhtfl76ay7xmaveinqnniqwao:ccw67tszv3sss2hxmbq5jfgckjnxkzm7uquwuzputhxstzleo7sjmi75:supply,supply,USDC,0.008879575434571407,0.0017822766625585906,0.007097298772012817,66647.9560877,,0.2626151
2026-10-08T16:00:00.000Z,blend:v2.1:stellar:pool:cbakazuejbafa2dcgbrs2wkjt3fnimjbhtfl76ay7xmaveinqnniqwao:cdtkpwplourqa2sgtktuqowrcbzeorb4bwbomj3d3ztqqsge5f6jbqlv:borrow,borrow,EURC,0.05388193419180287,0,0.05388193419180287,19900.5490311,12506.6149077,0.6284558
2026-10-08T16:00:00.000Z,blend:v2.1:stellar:pool:cbakazuejbafa2dcgbrs2wkjt3fnimjbhtfl76ay7xmaveinqnniqwao:cdtkpwplourqa2sgtktuqowrcbzeorb4bwbomj3d3ztqqsge5f6jbqlv:supply,supply,EURC,0.033532462242404915,0.006795119543579364,0.02673734269882555,19900.5490311,,0.6284558
2026-10-08T17:00:00.000Z,blend:v2.1:stellar:pool:cbakazuejbafa2dcgbrs2wkjt3fnimjbhtfl76ay7xmaveinqnniqwao:cas3j7gylgxmf6tdjbbyyse3hq6bbsmlnuq34t6tzmymw2evh34xowma:borrow,borrow,XLM,0.005700240637176002,0,0.005700240637176002,140616.0831607,3.0002869,0.0000214
2026-10-08T17:00:00.000Z,blend:v2.1:stellar:pool:cbakazuejbafa2dcgbrs2wkjt3fnimjbhtfl76ay7xmaveinqnniqwao:cas3j7gylgxmf6tdjbbyyse3hq6bbsmlnuq34t6tzmymw2evh34xowma:supply,supply,XLM,1.2163977669565895e-7,1.2163977669565895e-7,0,140616.0831607,,0.0000214
2026-10-08T17:00:00.000Z,blend:v2.1:stellar:pool:cbakazuejbafa2dcgbrs2wkjt3fnimjbhtfl76ay7xmaveinqnniqwao:ccw67tszv3sss2hxmbq5jfgckjnxkzm7uquwuzputhxstzleo7sjmi75:borrow,borrow,USDC,0.034143301439883755,0,0.034143301439883755,66648.0097911,17502.8246215,0.2626159
2026-10-08T17:00:00.000Z,blend:v2.1:stellar:pool:cbakazuejbafa2dcgbrs2wkjt3fnimjbhtfl76ay7xmaveinqnniqwao:ccw67tszv3sss2hxmbq5jfgckjnxkzm7uquwuzputhxstzleo7sjmi75:supply,supply,USDC,0.0088561820543136,0.0017775140495008834,0.007078668004812716,66648.0097911,,0.2626159
2026-10-08T17:00:00.000Z,blend:v2.1:stellar:pool:cbakazuejbafa2dcgbrs2wkjt3fnimjbhtfl76ay7xmaveinqnniqwao:cdtkpwplourqa2sgtktuqowrcbzeorb4bwbomj3d3ztqqsge5f6jbqlv:borrow,borrow,EURC,0.05379489964366635,0,0.05379489964366635,19900.6089205,12506.6897695,0.6284577
2026-10-08T17:00:00.000Z,blend:v2.1:stellar:pool:cbakazuejbafa2dcgbrs2wkjt3fnimjbhtfl76ay7xmaveinqnniqwao:cdtkpwplourqa2sgtktuqowrcbzeorb4bwbomj3d3ztqqsge5f6jbqlv:supply,supply,EURC,0.033478920231465814,0.0067840805085011,0.026694839722964714,19900.6089205,,0.6284577
2026-10-08T18:00:00.000Z,blend:v2.1:stellar:pool:cbakazuejbafa2dcgbrs2wkjt3fnimjbhtfl76ay7xmaveinqnniqwao:cas3j7gylgxmf6tdjbbyyse3hq6bbsmlnuq34t6tzmymw2evh34xowma:borrow,borrow,XLM,0.0056392979931212395,0,0.0056392979931212395,140616.0831614,3.0002888,0.0000214
2026-10-08T18:00:00.000Z,blend:v2.1:stellar:pool:cbakazuejbafa2dcgbrs2wkjt3fnimjbhtfl76ay7xmaveinqnniqwao:cas3j7gylgxmf6tdjbbyyse3hq6bbsmlnuq34t6tzmymw2evh34xowma:supply,supply,XLM,1.2034287411033517e-7,1.2034287411033517e-7,0,140616.0831614,,0.0000214
2026-10-08T18:00:00.000Z,blend:v2.1:stellar:pool:cbakazuejbafa2dcgbrs2wkjt3fnimjbhtfl76ay7xmaveinqnniqwao:ccw67tszv3sss2hxmbq5jfgckjnxkzm7uquwuzputhxstzleo7sjmi75:borrow,borrow,USDC,0.034143301439883755,0,0.034143301439883755,66648.0634581,17502.8917053,0.2626167
2026-10-08T18:00:00.000Z,blend:v2.1:stellar:pool:cbakazuejbafa2dcgbrs2wkjt3fnimjbhtfl76ay7xmaveinqnniqwao:ccw67tszv3sss2hxmbq5jfgckjnxkzm7uquwuzputhxstzleo7sjmi75:supply,supply,USDC,0.008856209151488992,0.0017775411466762758,0.007078668004812716,66648.0634581,,0.2626167
2026-10-08T18:00:00.000Z,blend:v2.1:stellar:pool:cbakazuejbafa2dcgbrs2wkjt3fnimjbhtfl76ay7xmaveinqnniqwao:cdtkpwplourqa2sgtktuqowrcbzeorb4bwbomj3d3ztqqsge5f6jbqlv:borrow,borrow,EURC,0.05379489964366635,0,0.05379489964366635,19900.6687714,12506.7645832,0.6284596
2026-10-08T18:00:00.000Z,blend:v2.1:stellar:pool:cbakazuejbafa2dcgbrs2wkjt3fnimjbhtfl76ay7xmaveinqnniqwao:cdtkpwplourqa2sgtktuqowrcbzeorb4bwbomj3d3ztqqsge5f6jbqlv:supply,supply,EURC,0.03347902311845541,0.006784183395490695,0.026694839722964714,19900.6687714,,0.6284596
2026-10-08T19:00:00.000Z,blend:v2.1:stellar:pool:cbakazuejbafa2dcgbrs2wkjt3fnimjbhtfl76ay7xmaveinqnniqwao:cas3j7gylgxmf6tdjbbyyse3hq6bbsmlnuq34t6tzmymw2evh34xowma:borrow,borrow,XLM,0.005570113448805536,0,0.005570113448805536,140616.0831628,3.0002907,0.0000214
2026-10-08T19:00:00.000Z,blend:v2.1:stellar:pool:cbakazuejbafa2dcgbrs2wkjt3fnimjbhtfl76ay7xmaveinqnniqwao:cas3j7gylgxmf6tdjbbyyse3hq6bbsmlnuq34t6tzmymw2evh34xowma:supply,supply,XLM,1.188705871513207e-7,1.188705871513207e-7,0,140616.0831628,,0.0000214
2026-10-08T19:00:00.000Z,blend:v2.1:stellar:pool:cbakazuejbafa2dcgbrs2wkjt3fnimjbhtfl76ay7xmaveinqnniqwao:ccw67tszv3sss2hxmbq5jfgckjnxkzm7uquwuzputhxstzleo7sjmi75:borrow,borrow,USDC,0.034143301439883755,0,0.034143301439883755,66648.1171253,17502.9587892,0.2626175
2026-10-08T19:00:00.000Z,blend:v2.1:stellar:pool:cbakazuejbafa2dcgbrs2wkjt3fnimjbhtfl76ay7xmaveinqnniqwao:ccw67tszv3sss2hxmbq5jfgckjnxkzm7uquwuzputhxstzleo7sjmi75:supply,supply,USDC,0.00885623624858356,0.001777568243770844,0.007078668004812716,66648.1171253,,0.2626175
2026-10-08T19:00:00.000Z,blend:v2.1:stellar:pool:cbakazuejbafa2dcgbrs2wkjt3fnimjbhtfl76ay7xmaveinqnniqwao:cdtkpwplourqa2sgtktuqowrcbzeorb4bwbomj3d3ztqqsge5f6jbqlv:borrow,borrow,EURC,0.0536333884193525,0,0.0536333884193525,19900.7285234,12506.8392732,0.6284614
2026-10-08T19:00:00.000Z,blend:v2.1:stellar:pool:cbakazuejbafa2dcgbrs2wkjt3fnimjbhtfl76ay7xmaveinqnniqwao:cdtkpwplourqa2sgtktuqowrcbzeorb4bwbomj3d3ztqqsge5f6jbqlv:supply,supply,EURC,0.03337956573948686,0.006763772778589194,0.026615792960897666,19900.7285234,,0.6284614
2026-10-08T20:00:00.000Z,blend:v2.1:stellar:pool:cbakazuejbafa2dcgbrs2wkjt3fnimjbhtfl76ay7xmaveinqnniqwao:cas3j7gylgxmf6tdjbbyyse3hq6bbsmlnuq34t6tzmymw2evh34xowma:borrow,borrow,XLM,0.005482734521993438,0,0.005482734521993438,140616.0831637,3.0002926,0.0000214
2026-10-08T20:00:00.000Z,blend:v2.1:stellar:pool:cbakazuejbafa2dcgbrs2wkjt3fnimjbhtfl76ay7xmaveinqnniqwao:cas3j7gylgxmf6tdjbbyyse3hq6bbsmlnuq34t6tzmymw2evh34xowma:supply,supply,XLM,1.1701089897009354e-7,1.1701089897009354e-7,0,140616.0831637,,0.0000214
2026-10-08T20:00:00.000Z,blend:v2.1:stellar:pool:cbakazuejbafa2dcgbrs2wkjt3fnimjbhtfl76ay7xmaveinqnniqwao:ccw67tszv3sss2hxmbq5jfgckjnxkzm7uquwuzputhxstzleo7sjmi75:borrow,borrow,USDC,0.034143301439883755,0,0.034143301439883755,66648.1707923,17503.025873,0.2626183
2026-10-08T20:00:00.000Z,blend:v2.1:stellar:pool:cbakazuejbafa2dcgbrs2wkjt3fnimjbhtfl76ay7xmaveinqnniqwao:ccw67tszv3sss2hxmbq5jfgckjnxkzm7uquwuzputhxstzleo7sjmi75:supply,supply,USDC,0.008856263345760729,0.0017775953409480127,0.007078668004812716,66648.1707923,,0.2626183
2026-10-08T20:00:00.000Z,blend:v2.1:stellar:pool:cbakazuejbafa2dcgbrs2wkjt3fnimjbhtfl76ay7xmaveinqnniqwao:cdtkpwplourqa2sgtktuqowrcbzeorb4bwbomj3d3ztqqsge5f6jbqlv:borrow,borrow,EURC,0.05351972376287195,0,0.05351972376287195,19900.7881824,12506.9138469,0.6284633
2026-10-08T20:00:00.000Z,blend:v2.1:stellar:pool:cbakazuejbafa2dcgbrs2wkjt3fnimjbhtfl76ay7xmaveinqnniqwao:cdtkpwplourqa2sgtktuqowrcbzeorb4bwbomj3d3ztqqsge5f6jbqlv:supply,supply,EURC,0.03330960228298108,0.0067493437416878965,0.02656025854129318,19900.7881824,,0.6284633
2026-10-08T21:00:00.000Z,blend:v2.1:stellar:pool:cbakazuejbafa2dcgbrs2wkjt3fnimjbhtfl76ay7xmaveinqnniqwao:cas3j7gylgxmf6tdjbbyyse3hq6bbsmlnuq34t6tzmymw2evh34xowma:borrow,borrow,XLM,0.005482734521993438,0,0.005482734521993438,140616.0831652,3.0002945,0.0000214
2026-10-08T21:00:00.000Z,blend:v2.1:stellar:pool:cbakazuejbafa2dcgbrs2wkjt3fnimjbhtfl76ay7xmaveinqnniqwao:cas3j7gylgxmf6tdjbbyyse3hq6bbsmlnuq34t6tzmymw2evh34xowma:supply,supply,XLM,1.1701089897009354e-7,1.1701089897009354e-7,0,140616.0831652,,0.0000214
2026-10-08T21:00:00.000Z,blend:v2.1:stellar:pool:cbakazuejbafa2dcgbrs2wkjt3fnimjbhtfl76ay7xmaveinqnniqwao:ccw67tszv3sss2hxmbq5jfgckjnxkzm7uquwuzputhxstzleo7sjmi75:borrow,borrow,USDC,0.034143301439883755,0,0.034143301439883755,66648.2244594,17503.0929569,0.2626191
2026-10-08T21:00:00.000Z,blend:v2.1:stellar:pool:cbakazuejbafa2dcgbrs2wkjt3fnimjbhtfl76ay7xmaveinqnniqwao:ccw67tszv3sss2hxmbq5jfgckjnxkzm7uquwuzputhxstzleo7sjmi75:supply,supply,USDC,0.00885629044285663,0.0017776224380439132,0.007078668004812716,66648.2244594,,0.2626191
2026-10-08T21:00:00.000Z,blend:v2.1:stellar:pool:cbakazuejbafa2dcgbrs2wkjt3fnimjbhtfl76ay7xmaveinqnniqwao:cdtkpwplourqa2sgtktuqowrcbzeorb4bwbomj3d3ztqqsge5f6jbqlv:borrow,borrow,EURC,0.05351972376287195,0,0.05351972376287195,19900.8477363,12506.9882893,0.6284652
2026-10-08T21:00:00.000Z,blend:v2.1:stellar:pool:cbakazuejbafa2dcgbrs2wkjt3fnimjbhtfl76ay7xmaveinqnniqwao:cdtkpwplourqa2sgtktuqowrcbzeorb4bwbomj3d3ztqqsge5f6jbqlv:supply,supply,EURC,0.03330970464043048,0.006749446099137302,0.02656025854129318,19900.8477363,,0.6284652
2026-10-08T22:00:00.000Z,blend:v2.1:stellar:pool:cbakazuejbafa2dcgbrs2wkjt3fnimjbhtfl76ay7xmaveinqnniqwao:cas3j7gylgxmf6tdjbbyyse3hq6bbsmlnuq34t6tzmymw2evh34xowma:borrow,borrow,XLM,0.005482734521993438,0,0.005482734521993438,140616.0831666,3.0002964,0.0000214
2026-10-08T22:00:00.000Z,blend:v2.1:stellar:pool:cbakazuejbafa2dcgbrs2wkjt3fnimjbhtfl76ay7xmaveinqnniqwao:cas3j7gylgxmf6tdjbbyyse3hq6bbsmlnuq34t6tzmymw2evh34xowma:supply,supply,XLM,1.1701089897009354e-7,1.1701089897009354e-7,0,140616.0831666,,0.0000214
2026-10-08T22:00:00.000Z,blend:v2.1:stellar:pool:cbakazuejbafa2dcgbrs2wkjt3fnimjbhtfl76ay7xmaveinqnniqwao:ccw67tszv3sss2hxmbq5jfgckjnxkzm7uquwuzputhxstzleo7sjmi75:borrow,borrow,USDC,0.034143301439883755,0,0.034143301439883755,66648.2781265,17503.1600407,0.2626199
2026-10-08T22:00:00.000Z,blend:v2.1:stellar:pool:cbakazuejbafa2dcgbrs2wkjt3fnimjbhtfl76ay7xmaveinqnniqwao:ccw67tszv3sss2hxmbq5jfgckjnxkzm7uquwuzputhxstzleo7sjmi75:supply,supply,USDC,0.00885631754003513,0.0017776495352224142,0.007078668004812716,66648.2781265,,0.2626199
2026-10-08T22:00:00.000Z,blend:v2.1:stellar:pool:cbakazuejbafa2dcgbrs2wkjt3fnimjbhtfl76ay7xmaveinqnniqwao:cdtkpwplourqa2sgtktuqowrcbzeorb4bwbomj3d3ztqqsge5f6jbqlv:borrow,borrow,EURC,0.05351972376287195,0,0.05351972376287195,19900.9072901,12507.0627316,0.628467
2026-10-08T22:00:00.000Z,blend:v2.1:stellar:pool:cbakazuejbafa2dcgbrs2wkjt3fnimjbhtfl76ay7xmaveinqnniqwao:cdtkpwplourqa2sgtktuqowrcbzeorb4bwbomj3d3ztqqsge5f6jbqlv:supply,supply,EURC,0.03330980161066388,0.0067495430693707,0.02656025854129318,19900.9072901,,0.628467
2026-10-08T23:00:00.000Z,blend:v2.1:stellar:pool:cbakazuejbafa2dcgbrs2wkjt3fnimjbhtfl76ay7xmaveinqnniqwao:cas3j7gylgxmf6tdjbbyyse3hq6bbsmlnuq34t6tzmymw2evh34xowma:borrow,borrow,XLM,0.005269195804553872,0,0.005269195804553872,140616.083168,3.0002982,0.0000214
2026-10-08T23:00:00.000Z,blend:v2.1:stellar:pool:cbakazuejbafa2dcgbrs2wkjt3fnimjbhtfl76ay7xmaveinqnniqwao:cas3j7gylgxmf6tdjbbyyse3hq6bbsmlnuq34t6tzmymw2evh34xowma:supply,supply,XLM,1.1246557973798588e-7,1.1246557973798588e-7,0,140616.083168,,0.0000214
2026-10-08T23:00:00.000Z,blend:v2.1:stellar:pool:cbakazuejbafa2dcgbrs2wkjt3fnimjbhtfl76ay7xmaveinqnniqwao:ccw67tszv3sss2hxmbq5jfgckjnxkzm7uquwuzputhxstzleo7sjmi75:borrow,borrow,USDC,0.034143301439883755,0,0.034143301439883755,66648.3317936,17503.2271246,0.2626207
2026-10-08T23:00:00.000Z,blend:v2.1:stellar:pool:cbakazuejbafa2dcgbrs2wkjt3fnimjbhtfl76ay7xmaveinqnniqwao:ccw67tszv3sss2hxmbq5jfgckjnxkzm7uquwuzputhxstzleo7sjmi75:supply,supply,USDC,0.008856344637214297,0.0017776766324015814,0.007078668004812716,66648.3317936,,0.2626207
2026-10-08T23:00:00.000Z,blend:v2.1:stellar:pool:cbakazuejbafa2dcgbrs2wkjt3fnimjbhtfl76ay7xmaveinqnniqwao:cdtkpwplourqa2sgtktuqowrcbzeorb4bwbomj3d3ztqqsge5f6jbqlv:borrow,borrow,EURC,0.05351972376287195,0,0.05351972376287195,19900.966844,12507.137174,0.6284689
2026-10-08T23:00:00.000Z,blend:v2.1:stellar:pool:cbakazuejbafa2dcgbrs2wkjt3fnimjbhtfl76ay7xmaveinqnniqwao:cdtkpwplourqa2sgtktuqowrcbzeorb4bwbomj3d3ztqqsge5f6jbqlv:supply,supply,EURC,0.033309903968132826,0.0067496454268396455,0.02656025854129318,19900.966844,,0.6284689
